[15:34:38] [main/INFO] (net.neoforged.fml.startup.Entrypoint) JVM Uptime at startup: 2148ms
[15:34:38] [main/INFO] (net.neoforged.fml.loading.FMLLoader) Starting FancyModLoader version 10.0.14 (CLIENT in DEV)
[15:34:38] [main/INFO] (net.neoforged.fml.loading.FMLLoader) Game directory: /home/lordender_kitty/IdeaProjects/Reload Server List/neoforge/run
[15:34:38] [main/DEBUG] (net.neoforged.fml.loading.FMLPaths) Path GAMEDIR is /home/lordender_kitty/IdeaProjects/Reload Server List/neoforge/run
[15:34:38] [main/DEBUG] (net.neoforged.fml.loading.FMLPaths) Path JIJ_CACHEDIR is /home/lordender_kitty/IdeaProjects/Reload Server List/neoforge/run/.cache/jij
[15:34:38] [main/DEBUG] (net.neoforged.fml.loading.FMLPaths) Path MODSDIR is /home/lordender_kitty/IdeaProjects/Reload Server List/neoforge/run/mods
[15:34:38] [main/DEBUG] (net.neoforged.fml.loading.FMLPaths) Path CONFIGDIR is /home/lordender_kitty/IdeaProjects/Reload Server List/neoforge/run/config
[15:34:38] [main/DEBUG] (net.neoforged.fml.loading.FMLPaths) Path FMLCONFIG is /home/lordender_kitty/IdeaProjects/Reload Server List/neoforge/run/config/fml.toml
[15:34:38] [main/INFO] (net.neoforged.fml.loading.EarlyServiceDiscovery) Found 0 early service jars (out of 0) in 1ms
[15:34:38] [main/INFO] (net.neoforged.fml.loading.ImmediateWindowHandler) Loading ImmediateWindowProvider fmlearlywindow
[15:34:38] [main/DEBUG] (net.neoforged.fml.earlydisplay.theme.ThemeLoader) Loading built-in theme default
[15:34:38] [ForkJoinPool.commonPool-worker-6/DEBUG] (net.neoforged.fml.util.ServiceLoaderUtil) Found 4 implementations of IModFileCandidateLocator:
[15:34:38] [ForkJoinPool.commonPool-worker-6/DEBUG] (net.neoforged.fml.util.ServiceLoaderUtil) 	    1000 - [built-in] net.neoforged.fml.loading.moddiscovery.locators.GameLocator from /home/lordender_kitty/.gradle/caches/fabric-loom/forge/transformed-dependencies-v1/net/neoforged/fancymodloader/fb7f9459985ca4899b5e6787e3b85e42dcd3e3caf012fe9eb4fa1a21b70c448d/loader/10.0.14/loader-10.0.14.jar
[15:34:38] [ForkJoinPool.commonPool-worker-6/DEBUG] (net.neoforged.fml.util.ServiceLoaderUtil) 	    1000 - [built-in] net.neoforged.fml.loading.moddiscovery.locators.InDevFolderLocator from /home/lordender_kitty/.gradle/caches/fabric-loom/forge/transformed-dependencies-v1/net/neoforged/fancymodloader/fb7f9459985ca4899b5e6787e3b85e42dcd3e3caf012fe9eb4fa1a21b70c448d/loader/10.0.14/loader-10.0.14.jar
[15:34:38] [ForkJoinPool.commonPool-worker-6/DEBUG] (net.neoforged.fml.util.ServiceLoaderUtil) 	    1000 - [built-in] net.neoforged.fml.loading.moddiscovery.locators.InDevJarLocator from /home/lordender_kitty/.gradle/caches/fabric-loom/forge/transformed-dependencies-v1/net/neoforged/fancymodloader/fb7f9459985ca4899b5e6787e3b85e42dcd3e3caf012fe9eb4fa1a21b70c448d/loader/10.0.14/loader-10.0.14.jar
[15:34:38] [ForkJoinPool.commonPool-worker-6/DEBUG] (net.neoforged.fml.util.ServiceLoaderUtil) 	       0 - [built-in] net.neoforged.fml.loading.moddiscovery.locators.ModsFolderLocator from /home/lordender_kitty/.gradle/caches/fabric-loom/forge/transformed-dependencies-v1/net/neoforged/fancymodloader/fb7f9459985ca4899b5e6787e3b85e42dcd3e3caf012fe9eb4fa1a21b70c448d/loader/10.0.14/loader-10.0.14.jar
[15:34:38] [ForkJoinPool.commonPool-worker-6/DEBUG] (net.neoforged.fml.util.ServiceLoaderUtil) Found 2 implementations of IModFileReader:
[15:34:38] [ForkJoinPool.commonPool-worker-6/DEBUG] (net.neoforged.fml.util.ServiceLoaderUtil) 	       0 - net.neoforged.fml.loading.moddiscovery.readers.JarModsDotTomlModFileReader from /home/lordender_kitty/.gradle/caches/fabric-loom/forge/transformed-dependencies-v1/net/neoforged/fancymodloader/fb7f9459985ca4899b5e6787e3b85e42dcd3e3caf012fe9eb4fa1a21b70c448d/loader/10.0.14/loader-10.0.14.jar
[15:34:38] [ForkJoinPool.commonPool-worker-6/DEBUG] (net.neoforged.fml.util.ServiceLoaderUtil) 	   -1000 - net.neoforged.fml.loading.moddiscovery.readers.NestedLibraryModReader from /home/lordender_kitty/.gradle/caches/fabric-loom/forge/transformed-dependencies-v1/net/neoforged/fancymodloader/fb7f9459985ca4899b5e6787e3b85e42dcd3e3caf012fe9eb4fa1a21b70c448d/loader/10.0.14/loader-10.0.14.jar
[15:34:38] [ForkJoinPool.commonPool-worker-6/DEBUG] (net.neoforged.fml.util.ServiceLoaderUtil) Found 1 implementations of IDependencyLocator:
[15:34:38] [ForkJoinPool.commonPool-worker-6/DEBUG] (net.neoforged.fml.util.ServiceLoaderUtil) 	       0 - net.neoforged.fml.loading.moddiscovery.locators.JarInJarDependencyLocator from /home/lordender_kitty/.gradle/caches/fabric-loom/forge/transformed-dependencies-v1/net/neoforged/fancymodloader/fb7f9459985ca4899b5e6787e3b85e42dcd3e3caf012fe9eb4fa1a21b70c448d/loader/10.0.14/loader-10.0.14.jar
[15:34:38] [ForkJoinPool.commonPool-worker-6/DEBUG] (net.neoforged.fml.loading.moddiscovery.ModDiscoverer) Scanning for mods and other resources to load. We know 4 ways to find mods
[15:34:38] [ForkJoinPool.commonPool-worker-6/DEBUG] (net.neoforged.fml.loading.moddiscovery.ModDiscoverer) Trying locator game locator
[15:34:38] [ForkJoinPool.commonPool-worker-6/DEBUG] (net.neoforged.fml.loading.moddiscovery.locators.RequiredSystemFiles) Found NeoForge MANIFEST.MF in jar(/home/lordender_kitty/.gradle/caches/fabric-loom/minecraftMaven/net/minecraft/neoforge-21.9.16-beta-minecraft-merged/1.21.9-loom.mappings.1_21_9.layered+hash.1356837008-v2-neoforge-21.9.16-beta/neoforge-21.9.16-beta-minecraft-merged-1.21.9-loom.mappings.1_21_9.layered+hash.1356837008-v2-neoforge-21.9.16-beta.jar)
[15:34:38] [ForkJoinPool.commonPool-worker-6/INFO] (net.neoforged.fml.loading.moddiscovery.locators.GameLocator) Detected a joined NeoForge and Minecraft configuration. Applying filtering...
[15:34:38] [ForkJoinPool.commonPool-worker-6/DEBUG] (net.neoforged.fml.loading.moddiscovery.ModFileInfo) Found valid mod file client-extra.jar with {minecraft} mods - versions {1.21.9}
[15:34:38] [ForkJoinPool.commonPool-worker-6/DEBUG] (net.neoforged.fml.loading.moddiscovery.ModFile) Loading mod file /home/lordender_kitty/.gradle/caches/fabric-loom/1.21.9/neoforge/21.9.16-beta/client-extra.jar with languages [LanguageSpec[languageName=minecraft, acceptedVersions=1]]
[15:34:38] [ForkJoinPool.commonPool-worker-6/INFO] (net.neoforged.fml.loading.moddiscovery.ModDiscoverer) Found mod file "client-extra.jar" [locator: game locator]
[15:34:38] [ForkJoinPool.commonPool-worker-6/DEBUG] (net.neoforged.fml.loading.moddiscovery.readers.JarModsDotTomlModFileReader) Found META-INF/neoforge.mods.toml mod of type null: /home/lordender_kitty/.gradle/caches/fabric-loom/minecraftMaven/net/minecraft/neoforge-21.9.16-beta-minecraft-merged/1.21.9-loom.mappings.1_21_9.layered+hash.1356837008-v2-neoforge-21.9.16-beta/neoforge-21.9.16-beta-minecraft-merged-1.21.9-loom.mappings.1_21_9.layered+hash.1356837008-v2-neoforge-21.9.16-beta.jar
[15:34:38] [ForkJoinPool.commonPool-worker-6/DEBUG] (net.neoforged.fml.loading.moddiscovery.ModFileParser) Considering mod file candidate /home/lordender_kitty/.gradle/caches/fabric-loom/minecraftMaven/net/minecraft/neoforge-21.9.16-beta-minecraft-merged/1.21.9-loom.mappings.1_21_9.layered+hash.1356837008-v2-neoforge-21.9.16-beta/neoforge-21.9.16-beta-minecraft-merged-1.21.9-loom.mappings.1_21_9.layered+hash.1356837008-v2-neoforge-21.9.16-beta.jar
[15:34:38] [ForkJoinPool.commonPool-worker-6/DEBUG] (net.neoforged.fml.loading.moddiscovery.ModFileInfo) Found valid mod file neoforge-21.9.16-beta-minecraft-merged-1.21.9-loom.mappings.1_21_9.layered+hash.1356837008-v2-neoforge-21.9.16-beta.jar with {neoforge} mods - versions {21.9.16-beta}
[15:34:38] [ForkJoinPool.commonPool-worker-6/DEBUG] (net.neoforged.fml.loading.moddiscovery.ModFile) Loading mod file /home/lordender_kitty/.gradle/caches/fabric-loom/minecraftMaven/net/minecraft/neoforge-21.9.16-beta-minecraft-merged/1.21.9-loom.mappings.1_21_9.layered+hash.1356837008-v2-neoforge-21.9.16-beta/neoforge-21.9.16-beta-minecraft-merged-1.21.9-loom.mappings.1_21_9.layered+hash.1356837008-v2-neoforge-21.9.16-beta.jar with languages [LanguageSpec[languageName=javafml, acceptedVersions=[3,]]]
[15:34:38] [ForkJoinPool.commonPool-worker-6/DEBUG] (net.neoforged.fml.loading.moddiscovery.ModFile) Found mixin config MixinConfig[config=neoforge.mixins.json, requiredMods=[], behaviorVersion=null]
[15:34:38] [ForkJoinPool.commonPool-worker-6/INFO] (net.neoforged.fml.loading.moddiscovery.ModDiscoverer) Found mod file "neoforge-21.9.16-beta-minecraft-merged-1.21.9-loom.mappings.1_21_9.layered+hash.1356837008-v2-neoforge-21.9.16-beta.jar" [locator: game locator]
[15:34:38] [ForkJoinPool.commonPool-worker-6/DEBUG] (net.neoforged.fml.loading.moddiscovery.ModDiscoverer) Locator game locator found 2 mods, 0 warnings, 0 errors and skipped 0 candidates
[15:34:38] [ForkJoinPool.commonPool-worker-6/DEBUG] (net.neoforged.fml.loading.moddiscovery.ModDiscoverer) Trying locator indevfolder
[15:34:38] [ForkJoinPool.commonPool-worker-6/INFO] (net.neoforged.fml.loading.moddiscovery.locators.InDevFolderLocator) Got mod coordinates main%%/home/lordender_kitty/IdeaProjects/Reload Server List/neoforge/build/resources/main:main%%/home/lordender_kitty/IdeaProjects/Reload Server List/neoforge/build/classes/java/main:main%%/home/lordender_kitty/IdeaProjects/Reload Server List/neoforge/out/production/classes:main%%/home/lordender_kitty/IdeaProjects/Reload Server List/neoforge/out/production/resources from env
[15:34:38] [ForkJoinPool.commonPool-worker-6/DEBUG] (net.neoforged.fml.loading.moddiscovery.readers.JarModsDotTomlModFileReader) Found META-INF/neoforge.mods.toml mod of type null: /home/lordender_kitty/IdeaProjects/Reload Server List/neoforge/build/resources/main
[15:34:38] [ForkJoinPool.commonPool-worker-6/DEBUG] (net.neoforged.fml.loading.moddiscovery.ModFileParser) Considering mod file candidate /home/lordender_kitty/IdeaProjects/Reload Server List/neoforge/build/resources/main
[15:34:38] [ForkJoinPool.commonPool-worker-6/DEBUG] (net.neoforged.fml.loading.moddiscovery.ModFileInfo) Found valid mod file main with {reload_server_list} mods - versions {2.0}
[15:34:38] [ForkJoinPool.commonPool-worker-6/DEBUG] (net.neoforged.fml.loading.moddiscovery.ModFile) Loading mod file /home/lordender_kitty/IdeaProjects/Reload Server List/neoforge/build/resources/main with languages [LanguageSpec[languageName=javafml, acceptedVersions=*]]
[15:34:38] [ForkJoinPool.commonPool-worker-6/DEBUG] (net.neoforged.fml.loading.moddiscovery.ModFile) Found mixin config MixinConfig[config=reload_server_list.mixins.json, requiredMods=[], behaviorVersion=null]
[15:34:38] [ForkJoinPool.commonPool-worker-6/INFO] (net.neoforged.fml.loading.moddiscovery.ModDiscoverer) Found mod file "main" [locator: indevfolder, reader: mod manifest]
[15:34:38] [ForkJoinPool.commonPool-worker-6/DEBUG] (net.neoforged.fml.loading.moddiscovery.ModDiscoverer) Locator indevfolder found 1 mods, 0 warnings, 0 errors and skipped 0 candidates
[15:34:38] [ForkJoinPool.commonPool-worker-6/DEBUG] (net.neoforged.fml.loading.moddiscovery.ModDiscoverer) Trying locator indevjar
[15:34:38] [ForkJoinPool.commonPool-worker-6/DEBUG] (net.neoforged.fml.loading.moddiscovery.ModDiscoverer) Skipping /home/lordender_kitty/.gradle/caches/fabric-loom/minecraftMaven/net/minecraft/neoforge-21.9.16-beta-minecraft-merged/1.21.9-loom.mappings.1_21_9.layered+hash.1356837008-v2-neoforge-21.9.16-beta/neoforge-21.9.16-beta-minecraft-merged-1.21.9-loom.mappings.1_21_9.layered+hash.1356837008-v2-neoforge-21.9.16-beta.jar because it was already located earlier
[15:34:38] [ForkJoinPool.commonPool-worker-6/DEBUG] (net.neoforged.fml.loading.moddiscovery.readers.JarModsDotTomlModFileReader) Found META-INF/neoforge.mods.toml mod of type null: /home/lordender_kitty/IdeaProjects/Reload Server List/.gradle/loom-cache/remapped_mods/remapped/dev/architectury/architectury-neoforge-6b3d8a21/18.0.4/architectury-neoforge-6b3d8a21-18.0.4.jar
[15:34:38] [ForkJoinPool.commonPool-worker-6/DEBUG] (net.neoforged.fml.loading.moddiscovery.ModFileParser) Considering mod file candidate /home/lordender_kitty/IdeaProjects/Reload Server List/.gradle/loom-cache/remapped_mods/remapped/dev/architectury/architectury-neoforge-6b3d8a21/18.0.4/architectury-neoforge-6b3d8a21-18.0.4.jar
[15:34:38] [ForkJoinPool.commonPool-worker-6/DEBUG] (net.neoforged.fml.loading.moddiscovery.ModFileInfo) Found valid mod file architectury-neoforge-6b3d8a21-18.0.4.jar with {architectury} mods - versions {18.0.4}
[15:34:38] [ForkJoinPool.commonPool-worker-6/DEBUG] (net.neoforged.fml.loading.moddiscovery.ModFile) Loading mod file /home/lordender_kitty/IdeaProjects/Reload Server List/.gradle/loom-cache/remapped_mods/remapped/dev/architectury/architectury-neoforge-6b3d8a21/18.0.4/architectury-neoforge-6b3d8a21-18.0.4.jar with languages [LanguageSpec[languageName=javafml, acceptedVersions=[1,)]]
[15:34:38] [ForkJoinPool.commonPool-worker-6/DEBUG] (net.neoforged.fml.loading.moddiscovery.ModFile) Found mixin config MixinConfig[config=architectury.mixins.json, requiredMods=[], behaviorVersion=null]
[15:34:38] [ForkJoinPool.commonPool-worker-6/DEBUG] (net.neoforged.fml.loading.moddiscovery.ModFile) Found mixin config MixinConfig[config=architectury-common.mixins.json, requiredMods=[], behaviorVersion=null]
[15:34:38] [ForkJoinPool.commonPool-worker-6/INFO] (net.neoforged.fml.loading.moddiscovery.ModDiscoverer) Found mod file "architectury-neoforge-6b3d8a21-18.0.4.jar" [locator: indevjar, reader: mod manifest]
[15:34:38] [ForkJoinPool.commonPool-worker-6/DEBUG] (net.neoforged.fml.loading.moddiscovery.readers.JarModsDotTomlModFileReader) Found META-INF/neoforge.mods.toml mod of type null: /tmp/12235278575149861410.jar
[15:34:38] [ForkJoinPool.commonPool-worker-6/DEBUG] (net.neoforged.fml.loading.moddiscovery.ModFileParser) Considering mod file candidate /tmp/12235278575149861410.jar
[15:34:38] [ForkJoinPool.commonPool-worker-6/DEBUG] (net.neoforged.fml.loading.moddiscovery.ModFileInfo) Found valid mod file 12235278575149861410.jar with {generated_f80f36f} mods - versions {1}
[15:34:38] [ForkJoinPool.commonPool-worker-6/DEBUG] (net.neoforged.fml.loading.moddiscovery.ModFile) Loading mod file /tmp/12235278575149861410.jar with languages [LanguageSpec[languageName=javafml, acceptedVersions=[1,)]]
[15:34:38] [ForkJoinPool.commonPool-worker-6/INFO] (net.neoforged.fml.loading.moddiscovery.ModDiscoverer) Found mod file "12235278575149861410.jar" [locator: indevjar, reader: mod manifest]
[15:34:38] [fml-loadingscreen/INFO] (net.neoforged.fml.earlydisplay.render.LoadingScreenRenderer) GL info: AMD Radeon RX 6600 (radeonsi, navi23, LLVM 20.1.8, DRM 3.61, 6.12.51-1-lts) GL version 4.6 (Core Profile) Mesa 25.2.4-arch1.2, AMD
[15:34:38] [ForkJoinPool.commonPool-worker-6/DEBUG] (net.neoforged.fml.loading.moddiscovery.readers.JarModsDotTomlModFileReader) Found META-INF/MANIFEST.MF mod of type GAMELIBRARY: /home/lordender_kitty/.gradle/caches/modules-2/files-2.1/io.github.llamalad7/mixinextras-neoforge/0.5.0/d734b83ce6542bb70ea31755c1595b88992dbe65/mixinextras-neoforge-0.5.0.jar
[15:34:38] [ForkJoinPool.commonPool-worker-6/DEBUG] (net.neoforged.fml.loading.moddiscovery.ModFile) Loading mod file /home/lordender_kitty/.gradle/caches/modules-2/files-2.1/io.github.llamalad7/mixinextras-neoforge/0.5.0/d734b83ce6542bb70ea31755c1595b88992dbe65/mixinextras-neoforge-0.5.0.jar with languages []
[15:34:38] [ForkJoinPool.commonPool-worker-6/INFO] (net.neoforged.fml.loading.moddiscovery.ModDiscoverer) Found gamelibrary file "mixinextras-neoforge-0.5.0.jar" [locator: indevjar, reader: mod manifest]
[15:34:38] [ForkJoinPool.commonPool-worker-6/DEBUG] (net.neoforged.fml.loading.moddiscovery.ModDiscoverer) Locator indevjar found 3 mods, 0 warnings, 0 errors and skipped 1 candidates
[15:34:38] [ForkJoinPool.commonPool-worker-6/DEBUG] (net.neoforged.fml.loading.moddiscovery.ModDiscoverer) Trying locator {mods folder locator at /home/lordender_kitty/IdeaProjects/Reload Server List/neoforge/run/mods}
[15:34:38] [ForkJoinPool.commonPool-worker-6/DEBUG] (net.neoforged.fml.loading.moddiscovery.locators.ModsFolderLocator) Scanning mods dir /home/lordender_kitty/IdeaProjects/Reload Server List/neoforge/run/mods for mods
[15:34:38] [ForkJoinPool.commonPool-worker-6/DEBUG] (net.neoforged.fml.loading.moddiscovery.ModDiscoverer) Locator {mods folder locator at /home/lordender_kitty/IdeaProjects/Reload Server List/neoforge/run/mods} found 0 mods, 0 warnings, 0 errors and skipped 0 candidates
[15:34:38] [ForkJoinPool.commonPool-worker-6/DEBUG] (net.neoforged.fml.loading.moddiscovery.ModDiscoverer) Successfully Loaded 6 mods. Attempting to load dependencies...
[15:34:38] [ForkJoinPool.commonPool-worker-6/DEBUG] (net.neoforged.fml.loading.moddiscovery.ModDiscoverer) Trying locator jarinjar
[15:34:38] [ForkJoinPool.commonPool-worker-6/DEBUG] (net.neoforged.fml.loading.moddiscovery.readers.JarModsDotTomlModFileReader) Found META-INF/MANIFEST.MF mod of type GAMELIBRARY: /home/lordender_kitty/IdeaProjects/Reload Server List/neoforge/run/.cache/jij/9c617719248f8b89847348fc7ea5e705739c147ae5e172551264d225bc9f2507/mixinextras-neoforge-0.5.0.jar
[15:34:38] [ForkJoinPool.commonPool-worker-6/DEBUG] (net.neoforged.fml.loading.moddiscovery.ModFile) Loading mod file /home/lordender_kitty/IdeaProjects/Reload Server List/neoforge/run/.cache/jij/9c617719248f8b89847348fc7ea5e705739c147ae5e172551264d225bc9f2507/mixinextras-neoforge-0.5.0.jar with languages []
[15:34:38] [ForkJoinPool.commonPool-worker-6/DEBUG] (net.neoforged.fml.loading.moddiscovery.readers.JarModsDotTomlModFileReader) Found META-INF/MANIFEST.MF mod of type LIBRARY: /home/lordender_kitty/IdeaProjects/Reload Server List/neoforge/run/.cache/jij/51629231fe2baaddd60d570ef06ada2b2f1fe8a34133e63afdd748b9ef93f9f1/net.neoforged.neoforge-coremods-21.9.16-beta.jar
[15:34:38] [ForkJoinPool.commonPool-worker-6/DEBUG] (net.neoforged.fml.loading.moddiscovery.ModFile) Loading mod file /home/lordender_kitty/IdeaProjects/Reload Server List/neoforge/run/.cache/jij/51629231fe2baaddd60d570ef06ada2b2f1fe8a34133e63afdd748b9ef93f9f1/net.neoforged.neoforge-coremods-21.9.16-beta.jar with languages []
[15:34:38] [ForkJoinPool.commonPool-worker-6/WARN] (net.neoforged.jarjar.selection.JarSelector) Attempted to select a dependency jar for JarJar which was passed in as source: library:mixinextras.neoforge. Using Jar[/home/lordender_kitty/.gradle/caches/modules-2/files-2.1/io.github.llamalad7/mixinextras-neoforge/0.5.0/d734b83ce6542bb70ea31755c1595b88992dbe65/mixinextras-neoforge-0.5.0.jar]
[15:34:38] [ForkJoinPool.commonPool-worker-6/INFO] (net.neoforged.fml.loading.moddiscovery.locators.JarInJarDependencyLocator) Found 1 dependencies adding them to mods collection
[15:34:38] [ForkJoinPool.commonPool-worker-6/INFO] (net.neoforged.fml.loading.moddiscovery.ModDiscoverer) Found library file "net.neoforged.neoforge-coremods-21.9.16-beta.jar" [parent: neoforge-21.9.16-beta-minecraft-merged-1.21.9-loom.mappings.1_21_9.layered+hash.1356837008-v2-neoforge-21.9.16-beta.jar, locator: jarinjar, reader: mod manifest]
[15:34:38] [ForkJoinPool.commonPool-worker-6/INFO] (net.neoforged.fml.loading.moddiscovery.ModDiscoverer) 
     Mod List:
		Name Version (Mod Id)

		Architectury 18.0.4 (architectury)
		generated_f80f36f 1 (generated_f80f36f)
		Minecraft 1.21.9 (minecraft)
		NeoForge 21.9.16-beta (neoforge)
		Reload Server List 2.0 (reload_server_list)
[15:34:38] [ForkJoinPool.commonPool-worker-6/DEBUG] (net.neoforged.fml.loading.ModSorter) Configured system mods: [minecraft, neoforge]
[15:34:38] [ForkJoinPool.commonPool-worker-6/DEBUG] (net.neoforged.fml.loading.ModSorter) Found system mod: minecraft
[15:34:38] [ForkJoinPool.commonPool-worker-6/DEBUG] (net.neoforged.fml.loading.ModSorter) Found system mod: neoforge
[15:34:38] [ForkJoinPool.commonPool-worker-6/DEBUG] (net.neoforged.fml.loading.ModSorter) Found 5 mod requirements (5 mandatory, 0 optional)
[15:34:38] [ForkJoinPool.commonPool-worker-6/DEBUG] (net.neoforged.fml.loading.ModSorter) Found 0 mod requirements missing (0 mandatory, 0 optional)
[15:34:38] [main/INFO] (mixin) SpongePowered MIXIN Subsystem Version=0.8.7 Source=file:/home/lordender_kitty/.gradle/caches/modules-2/files-2.1/net.fabricmc/sponge-mixin/0.16.4+mixin.0.8.7/26d01f0567ab46e9ca0d2ed89d0ecc11aadbd433/sponge-mixin-0.16.4+mixin.0.8.7.jar Service=FML Env=CLIENT
[15:34:38] [main/DEBUG] (mixin) Initialising Mixin Platform Manager
[15:34:38] [main/DEBUG] (mixin) Adding mixin platform agents for container ContainerHandleVirtual(fml:18c85)
[15:34:38] [main/DEBUG] (mixin) Instancing new MixinPlatformAgentDefault for ContainerHandleVirtual(fml:18c85)
[15:34:38] [main/DEBUG] (mixin) MixinPlatformAgentDefault accepted container ContainerHandleVirtual(fml:18c85)
[15:34:38] [main/DEBUG] (mixin) Instancing new MixinPlatformAgentDefault for ContainerHandleVirtual(fml:18c85)
[15:34:38] [main/DEBUG] (mixin) MixinPlatformAgentDefault accepted container ContainerHandleVirtual(fml:18c85)
[15:34:38] [main/DEBUG] (mixin) Processing prepare() for PlatformAgent[MixinPlatformAgentDefault:ContainerHandleVirtual(fml:18c85)]
[15:34:38] [main/DEBUG] (mixin) Processing prepare() for PlatformAgent[MixinPlatformAgentDefault:ContainerHandleVirtual(fml:18c85)]
[15:34:38] [main/INFO] (net.neoforged.fml.loading.FMLLoader) Loading FML Plugins:
[15:34:38] [main/INFO] (net.neoforged.fml.loading.FMLLoader)  - /home/lordender_kitty/.gradle/caches/fabric-loom/minecraftMaven/net/minecraft/neoforge-21.9.16-beta-minecraft-merged/1.21.9-loom.mappings.1_21_9.layered+hash.1356837008-v2-neoforge-21.9.16-beta/neoforge-21.9.16-beta-minecraft-merged-1.21.9-loom.mappings.1_21_9.layered+hash.1356837008-v2-neoforge-21.9.16-beta.jar > net.neoforged.neoforge-coremods-21.9.16-beta.jar
[15:34:38] [main/DEBUG] (net.neoforged.fml.util.ServiceLoaderUtil) Found 2 implementations of IModLanguageLoader:
[15:34:38] [main/DEBUG] (net.neoforged.fml.util.ServiceLoaderUtil) 	net.neoforged.fml.javafmlmod.FMLJavaModLanguageProvider from /home/lordender_kitty/.gradle/caches/fabric-loom/forge/transformed-dependencies-v1/net/neoforged/fancymodloader/fb7f9459985ca4899b5e6787e3b85e42dcd3e3caf012fe9eb4fa1a21b70c448d/loader/10.0.14/loader-10.0.14.jar
[15:34:38] [main/DEBUG] (net.neoforged.fml.util.ServiceLoaderUtil) 	net.neoforged.fml.mclanguageprovider.MinecraftModLanguageProvider from /home/lordender_kitty/.gradle/caches/fabric-loom/forge/transformed-dependencies-v1/net/neoforged/fancymodloader/fb7f9459985ca4899b5e6787e3b85e42dcd3e3caf012fe9eb4fa1a21b70c448d/loader/10.0.14/loader-10.0.14.jar
[15:34:38] [main/DEBUG] (net.neoforged.fml.loading.LanguageProviderLoader) Found language provider javafml, version 10.0
[15:34:38] [main/DEBUG] (net.neoforged.fml.loading.LanguageProviderLoader) Found language provider minecraft, version 10.0
[15:34:38] [main/DEBUG] (net.neoforged.fml.loading.FMLLoader) Adding Access Transformer META-INF/accesstransformer.cfg in Jar[/home/lordender_kitty/IdeaProjects/Reload Server List/.gradle/loom-cache/remapped_mods/remapped/dev/architectury/architectury-neoforge-6b3d8a21/18.0.4/architectury-neoforge-6b3d8a21-18.0.4.jar]
[15:34:38] [main/DEBUG] (AXFORM) Loaded access transformer META-INF/accesstransformer.cfg
[15:34:38] [main/DEBUG] (net.neoforged.fml.loading.FMLLoader) Adding Access Transformer META-INF/accesstransformer.cfg in Jar[/home/lordender_kitty/.gradle/caches/fabric-loom/minecraftMaven/net/minecraft/neoforge-21.9.16-beta-minecraft-merged/1.21.9-loom.mappings.1_21_9.layered+hash.1356837008-v2-neoforge-21.9.16-beta/neoforge-21.9.16-beta-minecraft-merged-1.21.9-loom.mappings.1_21_9.layered+hash.1356837008-v2-neoforge-21.9.16-beta.jar]
[15:34:38] [main/DEBUG] (AXFORM) Loaded access transformer META-INF/accesstransformer.cfg
[15:34:38] [main/DEBUG] (net.neoforged.fml.loading.FMLLoader) Adding Access Transformer META-INF/accesstransformergenerated.cfg in Jar[/home/lordender_kitty/.gradle/caches/fabric-loom/minecraftMaven/net/minecraft/neoforge-21.9.16-beta-minecraft-merged/1.21.9-loom.mappings.1_21_9.layered+hash.1356837008-v2-neoforge-21.9.16-beta/neoforge-21.9.16-beta-minecraft-merged-1.21.9-loom.mappings.1_21_9.layered+hash.1356837008-v2-neoforge-21.9.16-beta.jar]
[15:34:38] [main/DEBUG] (AXFORM) Loaded access transformer META-INF/accesstransformergenerated.cfg
[15:34:38] [main/INFO] (unprotect) Initializing Unprotect using FancyModLoader backend, target: Minecraft and loader classes (minecraft+forge)
[15:34:38] [main/DEBUG] (net.neoforged.fml.util.ServiceLoaderUtil) Found 6 implementations of ClassProcessor:
[15:34:38] [main/DEBUG] (net.neoforged.fml.util.ServiceLoaderUtil) 	[built-in] net.neoforged.fml.common.asm.AccessTransformerService from /home/lordender_kitty/.gradle/caches/fabric-loom/forge/transformed-dependencies-v1/net/neoforged/fancymodloader/fb7f9459985ca4899b5e6787e3b85e42dcd3e3caf012fe9eb4fa1a21b70c448d/loader/10.0.14/loader-10.0.14.jar
[15:34:38] [main/DEBUG] (net.neoforged.fml.util.ServiceLoaderUtil) 	[built-in] net.neoforged.fml.common.asm.enumextension.RuntimeEnumExtender from /home/lordender_kitty/.gradle/caches/fabric-loom/forge/transformed-dependencies-v1/net/neoforged/fancymodloader/fb7f9459985ca4899b5e6787e3b85e42dcd3e3caf012fe9eb4fa1a21b70c448d/loader/10.0.14/loader-10.0.14.jar
[15:34:38] [main/DEBUG] (net.neoforged.fml.util.ServiceLoaderUtil) 	[built-in] net.neoforged.fml.common.asm.SimpleProcessorsGroup from /home/lordender_kitty/.gradle/caches/fabric-loom/forge/transformed-dependencies-v1/net/neoforged/fancymodloader/fb7f9459985ca4899b5e6787e3b85e42dcd3e3caf012fe9eb4fa1a21b70c448d/loader/10.0.14/loader-10.0.14.jar
[15:34:38] [main/DEBUG] (net.neoforged.fml.util.ServiceLoaderUtil) 	[built-in] net.neoforged.fml.loading.moddiscovery.locators.NeoForgeDevDistCleaner from /home/lordender_kitty/.gradle/caches/fabric-loom/forge/transformed-dependencies-v1/net/neoforged/fancymodloader/fb7f9459985ca4899b5e6787e3b85e42dcd3e3caf012fe9eb4fa1a21b70c448d/loader/10.0.14/loader-10.0.14.jar
[15:34:38] [main/DEBUG] (net.neoforged.fml.util.ServiceLoaderUtil) 	[built-in] net.neoforged.fml.loading.mixin.FMLMixinClassProcessor from /home/lordender_kitty/.gradle/caches/fabric-loom/forge/transformed-dependencies-v1/net/neoforged/fancymodloader/fb7f9459985ca4899b5e6787e3b85e42dcd3e3caf012fe9eb4fa1a21b70c448d/loader/10.0.14/loader-10.0.14.jar
[15:34:38] [main/DEBUG] (net.neoforged.fml.util.ServiceLoaderUtil) 	juuxel.unprotect.fancymodloader10.UnprotectClassProcessor from /home/lordender_kitty/.gradle/caches/modules-2/files-2.1/io.github.juuxel/unprotect-fancymodloader10/2.0.1/92fbae1c43c781c7c5d3b8f8d9634a4681a0e35f/unprotect-fancymodloader10-2.0.1.jar
[15:34:38] [main/DEBUG] (net.neoforged.fml.util.ServiceLoaderUtil) Found 1 implementations of ClassProcessorProvider:
[15:34:38] [main/DEBUG] (net.neoforged.fml.util.ServiceLoaderUtil) 	net.neoforged.neoforge.coremods.NeoForgeCoreMod from /home/lordender_kitty/.gradle/caches/fabric-loom/minecraftMaven/net/minecraft/neoforge-21.9.16-beta-minecraft-merged/1.21.9-loom.mappings.1_21_9.layered+hash.1356837008-v2-neoforge-21.9.16-beta/neoforge-21.9.16-beta-minecraft-merged-1.21.9-loom.mappings.1_21_9.layered+hash.1356837008-v2-neoforge-21.9.16-beta.jar > net.neoforged.neoforge-coremods-21.9.16-beta.jar
[15:34:38] [main/DEBUG] (net.neoforged.fml.loading.FMLLoader) Masking classpath elements: [/home/lordender_kitty/.gradle/caches/fabric-loom/minecraftMaven/net/minecraft/neoforge-21.9.16-beta-minecraft-merged/1.21.9-loom.mappings.1_21_9.layered+hash.1356837008-v2-neoforge-21.9.16-beta/neoforge-21.9.16-beta-minecraft-merged-1.21.9-loom.mappings.1_21_9.layered+hash.1356837008-v2-neoforge-21.9.16-beta.jar, /home/lordender_kitty/IdeaProjects/Reload Server List/neoforge/build/classes/java/main, /home/lordender_kitty/IdeaProjects/Reload Server List/neoforge/build/resources/main, /tmp/12235278575149861410.jar, /home/lordender_kitty/.gradle/caches/fabric-loom/1.21.9/neoforge/21.9.16-beta/client-extra.jar, /home/lordender_kitty/.gradle/caches/modules-2/files-2.1/io.github.llamalad7/mixinextras-neoforge/0.5.0/d734b83ce6542bb70ea31755c1595b88992dbe65/mixinextras-neoforge-0.5.0.jar, /home/lordender_kitty/IdeaProjects/Reload Server List/.gradle/loom-cache/remapped_mods/remapped/dev/architectury/architectury-neoforge-6b3d8a21/18.0.4/architectury-neoforge-6b3d8a21-18.0.4.jar]
[15:34:38] [main/INFO] (net.neoforged.fml.loading.FMLLoader) Building game content classloader:
 - architectury (jar(/home/lordender_kitty/IdeaProjects/Reload Server List/.gradle/loom-cache/remapped_mods/remapped/dev/architectury/architectury-neoforge-6b3d8a21/18.0.4/architectury-neoforge-6b3d8a21-18.0.4.jar))
 - generated_f80f36f (jar(/tmp/12235278575149861410.jar))
 - minecraft (composite(jar(/home/lordender_kitty/.gradle/caches/fabric-loom/1.21.9/neoforge/21.9.16-beta/client-extra.jar), filtered(jar(/home/lordender_kitty/.gradle/caches/fabric-loom/minecraftMaven/net/minecraft/neoforge-21.9.16-beta-minecraft-merged/1.21.9-loom.mappings.1_21_9.layered+hash.1356837008-v2-neoforge-21.9.16-beta/neoforge-21.9.16-beta-minecraft-merged-1.21.9-loom.mappings.1_21_9.layered+hash.1356837008-v2-neoforge-21.9.16-beta.jar))))
 - mixinextras.neoforge (jar(/home/lordender_kitty/.gradle/caches/modules-2/files-2.1/io.github.llamalad7/mixinextras-neoforge/0.5.0/d734b83ce6542bb70ea31755c1595b88992dbe65/mixinextras-neoforge-0.5.0.jar))
 - neoforge (composite(filtered(jar(/home/lordender_kitty/.gradle/caches/fabric-loom/minecraftMaven/net/minecraft/neoforge-21.9.16-beta-minecraft-merged/1.21.9-loom.mappings.1_21_9.layered+hash.1356837008-v2-neoforge-21.9.16-beta/neoforge-21.9.16-beta-minecraft-merged-1.21.9-loom.mappings.1_21_9.layered+hash.1356837008-v2-neoforge-21.9.16-beta.jar))))
 - net.neoforged.fml.generated (empty(VirtualJar/net.neoforged.fml.generated))
 - reload_server_list (composite(folder(/home/lordender_kitty/IdeaProjects/Reload Server List/neoforge/build/resources/main), folder(/home/lordender_kitty/IdeaProjects/Reload Server List/neoforge/build/classes/java/main)))
[15:34:38] [main/INFO] (net.neoforged.fml.loading.FMLLoader) Built game content classloader in 87ms
[15:34:39] [main/DEBUG] (mixin) Compatibility level JAVA_16 specified by architectury.mixins.json is lower than the default level supported by the current mixin service (JAVA_21).
[15:34:39] [main/DEBUG] (mixin) Compatibility level JAVA_16 specified by architectury.mixins.json is higher than the maximum level supported by this version of mixin (JAVA_13).
[15:34:39] [main/DEBUG] (mixin) Compatibility level JAVA_16 specified by architectury-common.mixins.json is lower than the default level supported by the current mixin service (JAVA_21).
[15:34:39] [main/DEBUG] (mixin) Compatibility level JAVA_16 specified by architectury-common.mixins.json is higher than the maximum level supported by this version of mixin (JAVA_13).
[15:34:39] [main/WARN] (net.neoforged.fml.loading.mixin.MixinFacade) Mod file Jar[/home/lordender_kitty/IdeaProjects/Reload Server List/neoforge/build/resources/main] declares mixin config reload_server_list.mixins.json, but it actually comes from Jar[/tmp/12235278575149861410.jar]
[15:34:39] [main/DEBUG] (mixin) Processing launch tasks for PlatformAgent[MixinPlatformAgentDefault:ContainerHandleVirtual(fml:18c85)]
[15:34:39] [main/DEBUG] (mixin) Processing launch tasks for PlatformAgent[MixinPlatformAgentDefault:ContainerHandleVirtual(fml:18c85)]
[15:34:39] [main/DEBUG] (mixin) Adding agents for Mixin Container Jar[/home/lordender_kitty/.gradle/caches/fabric-loom/minecraftMaven/net/minecraft/neoforge-21.9.16-beta-minecraft-merged/1.21.9-loom.mappings.1_21_9.layered+hash.1356837008-v2-neoforge-21.9.16-beta/neoforge-21.9.16-beta-minecraft-merged-1.21.9-loom.mappings.1_21_9.layered+hash.1356837008-v2-neoforge-21.9.16-beta.jar] > Jar[/home/lordender_kitty/IdeaProjects/Reload Server List/neoforge/run/.cache/jij/51629231fe2baaddd60d570ef06ada2b2f1fe8a34133e63afdd748b9ef93f9f1/net.neoforged.neoforge-coremods-21.9.16-beta.jar]
[15:34:39] [main/DEBUG] (mixin) Adding mixin platform agents for container Jar[/home/lordender_kitty/.gradle/caches/fabric-loom/minecraftMaven/net/minecraft/neoforge-21.9.16-beta-minecraft-merged/1.21.9-loom.mappings.1_21_9.layered+hash.1356837008-v2-neoforge-21.9.16-beta/neoforge-21.9.16-beta-minecraft-merged-1.21.9-loom.mappings.1_21_9.layered+hash.1356837008-v2-neoforge-21.9.16-beta.jar] > Jar[/home/lordender_kitty/IdeaProjects/Reload Server List/neoforge/run/.cache/jij/51629231fe2baaddd60d570ef06ada2b2f1fe8a34133e63afdd748b9ef93f9f1/net.neoforged.neoforge-coremods-21.9.16-beta.jar]
[15:34:39] [main/DEBUG] (mixin) Instancing new MixinPlatformAgentDefault for Jar[/home/lordender_kitty/.gradle/caches/fabric-loom/minecraftMaven/net/minecraft/neoforge-21.9.16-beta-minecraft-merged/1.21.9-loom.mappings.1_21_9.layered+hash.1356837008-v2-neoforge-21.9.16-beta/neoforge-21.9.16-beta-minecraft-merged-1.21.9-loom.mappings.1_21_9.layered+hash.1356837008-v2-neoforge-21.9.16-beta.jar] > Jar[/home/lordender_kitty/IdeaProjects/Reload Server List/neoforge/run/.cache/jij/51629231fe2baaddd60d570ef06ada2b2f1fe8a34133e63afdd748b9ef93f9f1/net.neoforged.neoforge-coremods-21.9.16-beta.jar]
[15:34:39] [main/DEBUG] (mixin) MixinPlatformAgentDefault accepted container Jar[/home/lordender_kitty/.gradle/caches/fabric-loom/minecraftMaven/net/minecraft/neoforge-21.9.16-beta-minecraft-merged/1.21.9-loom.mappings.1_21_9.layered+hash.1356837008-v2-neoforge-21.9.16-beta/neoforge-21.9.16-beta-minecraft-merged-1.21.9-loom.mappings.1_21_9.layered+hash.1356837008-v2-neoforge-21.9.16-beta.jar] > Jar[/home/lordender_kitty/IdeaProjects/Reload Server List/neoforge/run/.cache/jij/51629231fe2baaddd60d570ef06ada2b2f1fe8a34133e63afdd748b9ef93f9f1/net.neoforged.neoforge-coremods-21.9.16-beta.jar]
[15:34:39] [main/DEBUG] (mixin) Instancing new MixinPlatformAgentDefault for Jar[/home/lordender_kitty/.gradle/caches/fabric-loom/minecraftMaven/net/minecraft/neoforge-21.9.16-beta-minecraft-merged/1.21.9-loom.mappings.1_21_9.layered+hash.1356837008-v2-neoforge-21.9.16-beta/neoforge-21.9.16-beta-minecraft-merged-1.21.9-loom.mappings.1_21_9.layered+hash.1356837008-v2-neoforge-21.9.16-beta.jar] > Jar[/home/lordender_kitty/IdeaProjects/Reload Server List/neoforge/run/.cache/jij/51629231fe2baaddd60d570ef06ada2b2f1fe8a34133e63afdd748b9ef93f9f1/net.neoforged.neoforge-coremods-21.9.16-beta.jar]
[15:34:39] [main/DEBUG] (mixin) MixinPlatformAgentDefault accepted container Jar[/home/lordender_kitty/.gradle/caches/fabric-loom/minecraftMaven/net/minecraft/neoforge-21.9.16-beta-minecraft-merged/1.21.9-loom.mappings.1_21_9.layered+hash.1356837008-v2-neoforge-21.9.16-beta/neoforge-21.9.16-beta-minecraft-merged-1.21.9-loom.mappings.1_21_9.layered+hash.1356837008-v2-neoforge-21.9.16-beta.jar] > Jar[/home/lordender_kitty/IdeaProjects/Reload Server List/neoforge/run/.cache/jij/51629231fe2baaddd60d570ef06ada2b2f1fe8a34133e63afdd748b9ef93f9f1/net.neoforged.neoforge-coremods-21.9.16-beta.jar]
[15:34:39] [main/DEBUG] (mixin) Processing prepare() for PlatformAgent[MixinPlatformAgentDefault:Jar[/home/lordender_kitty/.gradle/caches/fabric-loom/minecraftMaven/net/minecraft/neoforge-21.9.16-beta-minecraft-merged/1.21.9-loom.mappings.1_21_9.layered+hash.1356837008-v2-neoforge-21.9.16-beta/neoforge-21.9.16-beta-minecraft-merged-1.21.9-loom.mappings.1_21_9.layered+hash.1356837008-v2-neoforge-21.9.16-beta.jar] > Jar[/home/lordender_kitty/IdeaProjects/Reload Server List/neoforge/run/.cache/jij/51629231fe2baaddd60d570ef06ada2b2f1fe8a34133e63afdd748b9ef93f9f1/net.neoforged.neoforge-coremods-21.9.16-beta.jar]]
[15:34:39] [main/DEBUG] (mixin) Processing prepare() for PlatformAgent[MixinPlatformAgentDefault:Jar[/home/lordender_kitty/.gradle/caches/fabric-loom/minecraftMaven/net/minecraft/neoforge-21.9.16-beta-minecraft-merged/1.21.9-loom.mappings.1_21_9.layered+hash.1356837008-v2-neoforge-21.9.16-beta/neoforge-21.9.16-beta-minecraft-merged-1.21.9-loom.mappings.1_21_9.layered+hash.1356837008-v2-neoforge-21.9.16-beta.jar] > Jar[/home/lordender_kitty/IdeaProjects/Reload Server List/neoforge/run/.cache/jij/51629231fe2baaddd60d570ef06ada2b2f1fe8a34133e63afdd748b9ef93f9f1/net.neoforged.neoforge-coremods-21.9.16-beta.jar]]
[15:34:39] [main/DEBUG] (mixin) Adding agents for Mixin Container Jar[/home/lordender_kitty/.gradle/caches/modules-2/files-2.1/io.github.llamalad7/mixinextras-neoforge/0.5.0/d734b83ce6542bb70ea31755c1595b88992dbe65/mixinextras-neoforge-0.5.0.jar]
[15:34:39] [main/DEBUG] (mixin) Adding mixin platform agents for container Jar[/home/lordender_kitty/.gradle/caches/modules-2/files-2.1/io.github.llamalad7/mixinextras-neoforge/0.5.0/d734b83ce6542bb70ea31755c1595b88992dbe65/mixinextras-neoforge-0.5.0.jar]
[15:34:39] [main/DEBUG] (mixin) Instancing new MixinPlatformAgentDefault for Jar[/home/lordender_kitty/.gradle/caches/modules-2/files-2.1/io.github.llamalad7/mixinextras-neoforge/0.5.0/d734b83ce6542bb70ea31755c1595b88992dbe65/mixinextras-neoforge-0.5.0.jar]
[15:34:39] [main/DEBUG] (mixin) MixinPlatformAgentDefault accepted container Jar[/home/lordender_kitty/.gradle/caches/modules-2/files-2.1/io.github.llamalad7/mixinextras-neoforge/0.5.0/d734b83ce6542bb70ea31755c1595b88992dbe65/mixinextras-neoforge-0.5.0.jar]
[15:34:39] [main/DEBUG] (mixin) Instancing new MixinPlatformAgentDefault for Jar[/home/lordender_kitty/.gradle/caches/modules-2/files-2.1/io.github.llamalad7/mixinextras-neoforge/0.5.0/d734b83ce6542bb70ea31755c1595b88992dbe65/mixinextras-neoforge-0.5.0.jar]
[15:34:39] [main/DEBUG] (mixin) MixinPlatformAgentDefault accepted container Jar[/home/lordender_kitty/.gradle/caches/modules-2/files-2.1/io.github.llamalad7/mixinextras-neoforge/0.5.0/d734b83ce6542bb70ea31755c1595b88992dbe65/mixinextras-neoforge-0.5.0.jar]
[15:34:39] [main/DEBUG] (mixin) Processing prepare() for PlatformAgent[MixinPlatformAgentDefault:Jar[/home/lordender_kitty/.gradle/caches/modules-2/files-2.1/io.github.llamalad7/mixinextras-neoforge/0.5.0/d734b83ce6542bb70ea31755c1595b88992dbe65/mixinextras-neoforge-0.5.0.jar]]
[15:34:39] [main/DEBUG] (mixin) Registering mixin config: mixinextras.init.mixins.json source=Jar[/home/lordender_kitty/.gradle/caches/modules-2/files-2.1/io.github.llamalad7/mixinextras-neoforge/0.5.0/d734b83ce6542bb70ea31755c1595b88992dbe65/mixinextras-neoforge-0.5.0.jar]
[15:34:39] [main/DEBUG] (mixin) Processing prepare() for PlatformAgent[MixinPlatformAgentDefault:Jar[/home/lordender_kitty/.gradle/caches/modules-2/files-2.1/io.github.llamalad7/mixinextras-neoforge/0.5.0/d734b83ce6542bb70ea31755c1595b88992dbe65/mixinextras-neoforge-0.5.0.jar]]
[15:34:39] [main/DEBUG] (mixin) Registering mixin config: mixinextras.init.mixins.json source=Jar[/home/lordender_kitty/.gradle/caches/modules-2/files-2.1/io.github.llamalad7/mixinextras-neoforge/0.5.0/d734b83ce6542bb70ea31755c1595b88992dbe65/mixinextras-neoforge-0.5.0.jar]
[15:34:39] [main/DEBUG] (mixin) inject() running with 3 agents
[15:34:39] [main/DEBUG] (mixin) Processing inject() for PlatformAgent[MixinPlatformAgentDefault:ContainerHandleVirtual(fml:18c85)]
[15:34:39] [main/DEBUG] (mixin) Processing inject() for PlatformAgent[MixinPlatformAgentDefault:ContainerHandleVirtual(fml:18c85)]
[15:34:39] [main/DEBUG] (mixin) Processing inject() for PlatformAgent[MixinPlatformAgentDefault:Jar[/home/lordender_kitty/.gradle/caches/fabric-loom/minecraftMaven/net/minecraft/neoforge-21.9.16-beta-minecraft-merged/1.21.9-loom.mappings.1_21_9.layered+hash.1356837008-v2-neoforge-21.9.16-beta/neoforge-21.9.16-beta-minecraft-merged-1.21.9-loom.mappings.1_21_9.layered+hash.1356837008-v2-neoforge-21.9.16-beta.jar] > Jar[/home/lordender_kitty/IdeaProjects/Reload Server List/neoforge/run/.cache/jij/51629231fe2baaddd60d570ef06ada2b2f1fe8a34133e63afdd748b9ef93f9f1/net.neoforged.neoforge-coremods-21.9.16-beta.jar]]
[15:34:39] [main/DEBUG] (mixin) Processing inject() for PlatformAgent[MixinPlatformAgentDefault:Jar[/home/lordender_kitty/.gradle/caches/fabric-loom/minecraftMaven/net/minecraft/neoforge-21.9.16-beta-minecraft-merged/1.21.9-loom.mappings.1_21_9.layered+hash.1356837008-v2-neoforge-21.9.16-beta/neoforge-21.9.16-beta-minecraft-merged-1.21.9-loom.mappings.1_21_9.layered+hash.1356837008-v2-neoforge-21.9.16-beta.jar] > Jar[/home/lordender_kitty/IdeaProjects/Reload Server List/neoforge/run/.cache/jij/51629231fe2baaddd60d570ef06ada2b2f1fe8a34133e63afdd748b9ef93f9f1/net.neoforged.neoforge-coremods-21.9.16-beta.jar]]
[15:34:39] [main/DEBUG] (mixin) Processing inject() for PlatformAgent[MixinPlatformAgentDefault:Jar[/home/lordender_kitty/.gradle/caches/modules-2/files-2.1/io.github.llamalad7/mixinextras-neoforge/0.5.0/d734b83ce6542bb70ea31755c1595b88992dbe65/mixinextras-neoforge-0.5.0.jar]]
[15:34:39] [main/DEBUG] (mixin) Processing inject() for PlatformAgent[MixinPlatformAgentDefault:Jar[/home/lordender_kitty/.gradle/caches/modules-2/files-2.1/io.github.llamalad7/mixinextras-neoforge/0.5.0/d734b83ce6542bb70ea31755c1595b88992dbe65/mixinextras-neoforge-0.5.0.jar]]
[15:34:39] [main/DEBUG] (mixin) Preparing mixins for MixinEnvironment[DEFAULT]
[15:34:39] [main/DEBUG] (mixin) Selecting config architectury.mixins.json
[15:34:39] [main/INFO] (unprotect) Found 9953 Minecraft classes
[15:34:39] [main/DEBUG] (mixin) Selecting config architectury-common.mixins.json
[15:34:39] [main/DEBUG] (mixin) Selecting config reload_server_list.mixins.json
[15:34:39] [main/DEBUG] (mixin) Selecting config neoforge.mixins.json
[15:34:39] [main/DEBUG] (mixin) Selecting config mixinextras.init.mixins.json
[15:34:39] [main/DEBUG] (MixinExtras|Service) com.llamalad7.mixinextras.service.MixinExtrasServiceImpl(version=0.5.0) is taking over from null
[15:34:39] [main/DEBUG] (mixin) Registering new injector for @Inject with org.spongepowered.asm.mixin.injection.struct.CallbackInjectionInfo
[15:34:39] [main/DEBUG] (mixin) Registering new injector for @ModifyArg with org.spongepowered.asm.mixin.injection.struct.ModifyArgInjectionInfo
[15:34:39] [main/DEBUG] (mixin) Registering new injector for @ModifyArgs with org.spongepowered.asm.mixin.injection.struct.ModifyArgsInjectionInfo
[15:34:39] [main/DEBUG] (mixin) Registering new injector for @Redirect with org.spongepowered.asm.mixin.injection.struct.RedirectInjectionInfo
[15:34:39] [main/DEBUG] (mixin) Registering new injector for @ModifyVariable with org.spongepowered.asm.mixin.injection.struct.ModifyVariableInjectionInfo
[15:34:39] [main/DEBUG] (mixin) Registering new injector for @ModifyConstant with org.spongepowered.asm.mixin.injection.struct.ModifyConstantInjectionInfo
[15:34:39] [main/DEBUG] (mixin) Preparing architectury.mixins.json (10)
[15:34:39] [main/DEBUG] (net.neoforged.accesstransformer.AccessTransformer) Transforming net.minecraft.block.FluidBlock METHOD <init>(Lnet/minecraft/fluid/FlowableFluid;Lnet/minecraft/block/AbstractBlock$Settings;)V PUBLIC LEAVE META-INF/accesstransformer.cfg:248 to access PUBLIC and LEAVE
[15:34:39] [main/DEBUG] (net.neoforged.accesstransformer.AccessTransformer) Transforming net.minecraft.client.MinecraftClient FIELD particleSpriteManager PUBLIC LEAVE META-INF/accesstransformer.cfg:204 to access PUBLIC and LEAVE
[15:34:39] [main/DEBUG] (mixin) Preparing architectury-common.mixins.json (8)
[15:34:39] [main/DEBUG] (mixin) Preparing reload_server_list.mixins.json (1)
[15:34:39] [main/DEBUG] (mixin) Preparing neoforge.mixins.json (2)
[15:34:39] [main/DEBUG] (net.neoforged.accesstransformer.AccessTransformer) Transforming net.minecraft.block.entity.BlockEntityType INNERCLASS BlockEntityFactory PUBLIC LEAVE META-INF/accesstransformer.cfg:85 to access PUBLIC and LEAVE
[15:34:39] [main/DEBUG] (mixin) Preparing mixinextras.init.mixins.json (0)
[15:34:39] [main/DEBUG] (net.neoforged.accesstransformer.AccessTransformer) Transforming net.minecraft.entity.Entity METHOD getSavedEntityId()Ljava/lang/String; PUBLIC LEAVE META-INF/accesstransformer.cfg:27 to access PUBLIC and LEAVE
[15:34:39] [main/DEBUG] (io.netty.util.internal.logging.InternalLoggerFactory) Using SLF4J as the default logging framework
[15:34:39] [main/DEBUG] (io.netty.util.ResourceLeakDetector) -Dio.netty.leakDetection.level: simple
[15:34:39] [main/DEBUG] (io.netty.util.ResourceLeakDetector) -Dio.netty.leakDetection.targetRecords: 4
[15:34:39] [main/DEBUG] (oshi.util.FileUtil) Reading file /proc/self/auxv
[15:34:39] [main/DEBUG] (oshi.util.FileUtil) Reading file /proc/self/auxv
[15:34:39] [main/DEBUG] (oshi.util.FileUtil) Reading file /proc/stat
[15:34:39] [main/DEBUG] (oshi.util.FileUtil) Reading file /sys/devices/system/cpu/cpu0/topology/core_id
[15:34:39] [main/DEBUG] (oshi.util.FileUtil) Reading file /sys/devices/system/cpu/cpu0/topology/core_id
[15:34:39] [main/DEBUG] (oshi.util.FileUtil) Reading file /sys/devices/system/cpu/cpu0/topology/physical_package_id
[15:34:39] [main/DEBUG] (oshi.util.FileUtil) Reading file /sys/devices/system/cpu/cpu0/topology/physical_package_id
[15:34:39] [main/DEBUG] (oshi.util.FileUtil) Reading file /sys/devices/system/cpu/cpu0/cpu_capacity
[15:34:39] [main/DEBUG] (oshi.util.FileUtil) Reading file /sys/devices/system/cpu/cpu0/cache/index2/level
[15:34:39] [main/DEBUG] (oshi.util.FileUtil) Reading file /sys/devices/system/cpu/cpu0/cache/index2/level
[15:34:39] [main/DEBUG] (oshi.util.FileUtil) Reading file /sys/devices/system/cpu/cpu0/cache/index2/type
[15:34:39] [main/DEBUG] (oshi.util.FileUtil) Reading file /sys/devices/system/cpu/cpu0/cache/index2/type
[15:34:39] [main/DEBUG] (oshi.util.FileUtil) Reading file /sys/devices/system/cpu/cpu0/cache/index2/ways_of_associativity
[15:34:39] [main/DEBUG] (oshi.util.FileUtil) Reading file /sys/devices/system/cpu/cpu0/cache/index2/ways_of_associativity
[15:34:39] [main/DEBUG] (oshi.util.FileUtil) Reading file /sys/devices/system/cpu/cpu0/cache/index2/coherency_line_size
[15:34:39] [main/DEBUG] (oshi.util.FileUtil) Reading file /sys/devices/system/cpu/cpu0/cache/index2/coherency_line_size
[15:34:39] [main/DEBUG] (oshi.util.FileUtil) Reading file /sys/devices/system/cpu/cpu0/cache/index2/size
[15:34:39] [main/DEBUG] (oshi.util.FileUtil) Reading file /sys/devices/system/cpu/cpu0/cache/index2/size
[15:34:39] [main/DEBUG] (oshi.util.FileUtil) Reading file /sys/devices/system/cpu/cpu0/cache/index0/level
[15:34:39] [main/DEBUG] (oshi.util.FileUtil) Reading file /sys/devices/system/cpu/cpu0/cache/index0/level
[15:34:39] [main/DEBUG] (oshi.util.FileUtil) Reading file /sys/devices/system/cpu/cpu0/cache/index0/type
[15:34:39] [main/DEBUG] (oshi.util.FileUtil) Reading file /sys/devices/system/cpu/cpu0/cache/index0/type
[15:34:39] [main/DEBUG] (oshi.util.FileUtil) Reading file /sys/devices/system/cpu/cpu0/cache/index0/ways_of_associativity
[15:34:39] [main/DEBUG] (oshi.util.FileUtil) Reading file /sys/devices/system/cpu/cpu0/cache/index0/ways_of_associativity
[15:34:39] [main/DEBUG] (oshi.util.FileUtil) Reading file /sys/devices/system/cpu/cpu0/cache/index0/coherency_line_size
[15:34:39] [main/DEBUG] (oshi.util.FileUtil) Reading file /sys/devices/system/cpu/cpu0/cache/index0/coherency_line_size
[15:34:39] [main/DEBUG] (oshi.util.FileUtil) Reading file /sys/devices/system/cpu/cpu0/cache/index0/size
[15:34:39] [main/DEBUG] (oshi.util.FileUtil) Reading file /sys/devices/system/cpu/cpu0/cache/index0/size
[15:34:39] [main/DEBUG] (oshi.util.FileUtil) Reading file /sys/devices/system/cpu/cpu0/cache/index3/level
[15:34:39] [main/DEBUG] (oshi.util.FileUtil) Reading file /sys/devices/system/cpu/cpu0/cache/index3/level
[15:34:39] [main/DEBUG] (oshi.util.FileUtil) Reading file /sys/devices/system/cpu/cpu0/cache/index3/type
[15:34:39] [main/DEBUG] (oshi.util.FileUtil) Reading file /sys/devices/system/cpu/cpu0/cache/index3/type
[15:34:39] [main/DEBUG] (oshi.util.FileUtil) Reading file /sys/devices/system/cpu/cpu0/cache/index3/ways_of_associativity
[15:34:39] [main/DEBUG] (oshi.util.FileUtil) Reading file /sys/devices/system/cpu/cpu0/cache/index3/ways_of_associativity
[15:34:39] [main/DEBUG] (oshi.util.FileUtil) Reading file /sys/devices/system/cpu/cpu0/cache/index3/coherency_line_size
[15:34:39] [main/DEBUG] (oshi.util.FileUtil) Reading file /sys/devices/system/cpu/cpu0/cache/index3/coherency_line_size
[15:34:39] [main/DEBUG] (oshi.util.FileUtil) Reading file /sys/devices/system/cpu/cpu0/cache/index3/size
[15:34:39] [main/DEBUG] (oshi.util.FileUtil) Reading file /sys/devices/system/cpu/cpu0/cache/index3/size
[15:34:39] [main/DEBUG] (oshi.util.FileUtil) Reading file /sys/devices/system/cpu/cpu0/cache/index1/level
[15:34:39] [main/DEBUG] (oshi.util.FileUtil) Reading file /sys/devices/system/cpu/cpu0/cache/index1/level
[15:34:39] [main/DEBUG] (oshi.util.FileUtil) Reading file /sys/devices/system/cpu/cpu0/cache/index1/type
[15:34:39] [main/DEBUG] (oshi.util.FileUtil) Reading file /sys/devices/system/cpu/cpu0/cache/index1/type
[15:34:39] [main/DEBUG] (oshi.util.FileUtil) Reading file /sys/devices/system/cpu/cpu0/cache/index1/ways_of_associativity
[15:34:39] [main/DEBUG] (oshi.util.FileUtil) Reading file /sys/devices/system/cpu/cpu0/cache/index1/ways_of_associativity
[15:34:39] [main/DEBUG] (oshi.util.FileUtil) Reading file /sys/devices/system/cpu/cpu0/cache/index1/coherency_line_size
[15:34:39] [main/DEBUG] (oshi.util.FileUtil) Reading file /sys/devices/system/cpu/cpu0/cache/index1/coherency_line_size
[15:34:39] [main/DEBUG] (oshi.util.FileUtil) Reading file /sys/devices/system/cpu/cpu0/cache/index1/size
[15:34:39] [main/DEBUG] (oshi.util.FileUtil) Reading file /sys/devices/system/cpu/cpu0/cache/index1/size
[15:34:39] [main/DEBUG] (oshi.util.FileUtil) Reading file /sys/devices/system/cpu/cpu1/topology/core_id
[15:34:39] [main/DEBUG] (oshi.util.FileUtil) Reading file /sys/devices/system/cpu/cpu1/topology/core_id
[15:34:39] [main/DEBUG] (oshi.util.FileUtil) Reading file /sys/devices/system/cpu/cpu1/topology/physical_package_id
[15:34:39] [main/DEBUG] (oshi.util.FileUtil) Reading file /sys/devices/system/cpu/cpu1/topology/physical_package_id
[15:34:39] [main/DEBUG] (oshi.util.FileUtil) Reading file /sys/devices/system/cpu/cpu1/cpu_capacity
[15:34:39] [main/DEBUG] (oshi.util.FileUtil) Reading file /sys/devices/system/cpu/cpu1/cache/index2/level
[15:34:39] [main/DEBUG] (oshi.util.FileUtil) Reading file /sys/devices/system/cpu/cpu1/cache/index2/level
[15:34:39] [main/DEBUG] (oshi.util.FileUtil) Reading file /sys/devices/system/cpu/cpu1/cache/index2/type
[15:34:39] [main/DEBUG] (oshi.util.FileUtil) Reading file /sys/devices/system/cpu/cpu1/cache/index2/type
[15:34:39] [main/DEBUG] (oshi.util.FileUtil) Reading file /sys/devices/system/cpu/cpu1/cache/index2/ways_of_associativity
[15:34:39] [main/DEBUG] (oshi.util.FileUtil) Reading file /sys/devices/system/cpu/cpu1/cache/index2/ways_of_associativity
[15:34:39] [main/DEBUG] (oshi.util.FileUtil) Reading file /sys/devices/system/cpu/cpu1/cache/index2/coherency_line_size
[15:34:39] [main/DEBUG] (oshi.util.FileUtil) Reading file /sys/devices/system/cpu/cpu1/cache/index2/coherency_line_size
[15:34:39] [main/DEBUG] (oshi.util.FileUtil) Reading file /sys/devices/system/cpu/cpu1/cache/index2/size
[15:34:39] [main/DEBUG] (oshi.util.FileUtil) Reading file /sys/devices/system/cpu/cpu1/cache/index2/size
[15:34:39] [main/DEBUG] (oshi.util.FileUtil) Reading file /sys/devices/system/cpu/cpu1/cache/index0/level
[15:34:39] [main/DEBUG] (oshi.util.FileUtil) Reading file /sys/devices/system/cpu/cpu1/cache/index0/level
[15:34:39] [main/DEBUG] (oshi.util.FileUtil) Reading file /sys/devices/system/cpu/cpu1/cache/index0/type
[15:34:39] [main/DEBUG] (oshi.util.FileUtil) Reading file /sys/devices/system/cpu/cpu1/cache/index0/type
[15:34:39] [main/DEBUG] (oshi.util.FileUtil) Reading file /sys/devices/system/cpu/cpu1/cache/index0/ways_of_associativity
[15:34:39] [main/DEBUG] (oshi.util.FileUtil) Reading file /sys/devices/system/cpu/cpu1/cache/index0/ways_of_associativity
[15:34:39] [main/DEBUG] (oshi.util.FileUtil) Reading file /sys/devices/system/cpu/cpu1/cache/index0/coherency_line_size
[15:34:39] [main/DEBUG] (oshi.util.FileUtil) Reading file /sys/devices/system/cpu/cpu1/cache/index0/coherency_line_size
[15:34:39] [main/DEBUG] (oshi.util.FileUtil) Reading file /sys/devices/system/cpu/cpu1/cache/index0/size
[15:34:39] [main/DEBUG] (oshi.util.FileUtil) Reading file /sys/devices/system/cpu/cpu1/cache/index0/size
[15:34:39] [main/DEBUG] (oshi.util.FileUtil) Reading file /sys/devices/system/cpu/cpu1/cache/index3/level
[15:34:39] [main/DEBUG] (oshi.util.FileUtil) Reading file /sys/devices/system/cpu/cpu1/cache/index3/level
[15:34:39] [main/DEBUG] (oshi.util.FileUtil) Reading file /sys/devices/system/cpu/cpu1/cache/index3/type
[15:34:39] [main/DEBUG] (oshi.util.FileUtil) Reading file /sys/devices/system/cpu/cpu1/cache/index3/type
[15:34:39] [main/DEBUG] (oshi.util.FileUtil) Reading file /sys/devices/system/cpu/cpu1/cache/index3/ways_of_associativity
[15:34:39] [main/DEBUG] (oshi.util.FileUtil) Reading file /sys/devices/system/cpu/cpu1/cache/index3/ways_of_associativity
[15:34:39] [main/DEBUG] (oshi.util.FileUtil) Reading file /sys/devices/system/cpu/cpu1/cache/index3/coherency_line_size
[15:34:39] [main/DEBUG] (oshi.util.FileUtil) Reading file /sys/devices/system/cpu/cpu1/cache/index3/coherency_line_size
[15:34:39] [main/DEBUG] (oshi.util.FileUtil) Reading file /sys/devices/system/cpu/cpu1/cache/index3/size
[15:34:39] [main/DEBUG] (oshi.util.FileUtil) Reading file /sys/devices/system/cpu/cpu1/cache/index3/size
[15:34:39] [main/DEBUG] (oshi.util.FileUtil) Reading file /sys/devices/system/cpu/cpu1/cache/index1/level
[15:34:39] [main/DEBUG] (oshi.util.FileUtil) Reading file /sys/devices/system/cpu/cpu1/cache/index1/level
[15:34:39] [main/DEBUG] (oshi.util.FileUtil) Reading file /sys/devices/system/cpu/cpu1/cache/index1/type
[15:34:39] [main/DEBUG] (oshi.util.FileUtil) Reading file /sys/devices/system/cpu/cpu1/cache/index1/type
[15:34:39] [main/DEBUG] (oshi.util.FileUtil) Reading file /sys/devices/system/cpu/cpu1/cache/index1/ways_of_associativity
[15:34:39] [main/DEBUG] (oshi.util.FileUtil) Reading file /sys/devices/system/cpu/cpu1/cache/index1/ways_of_associativity
[15:34:39] [main/DEBUG] (oshi.util.FileUtil) Reading file /sys/devices/system/cpu/cpu1/cache/index1/coherency_line_size
[15:34:39] [main/DEBUG] (oshi.util.FileUtil) Reading file /sys/devices/system/cpu/cpu1/cache/index1/coherency_line_size
[15:34:39] [main/DEBUG] (oshi.util.FileUtil) Reading file /sys/devices/system/cpu/cpu1/cache/index1/size
[15:34:39] [main/DEBUG] (oshi.util.FileUtil) Reading file /sys/devices/system/cpu/cpu1/cache/index1/size
[15:34:39] [main/DEBUG] (oshi.util.FileUtil) Reading file /sys/devices/system/cpu/cpu10/topology/core_id
[15:34:39] [main/DEBUG] (oshi.util.FileUtil) Reading file /sys/devices/system/cpu/cpu10/topology/core_id
[15:34:39] [main/DEBUG] (oshi.util.FileUtil) Reading file /sys/devices/system/cpu/cpu10/topology/physical_package_id
[15:34:39] [main/DEBUG] (oshi.util.FileUtil) Reading file /sys/devices/system/cpu/cpu10/topology/physical_package_id
[15:34:39] [main/DEBUG] (oshi.util.FileUtil) Reading file /sys/devices/system/cpu/cpu10/cpu_capacity
[15:34:39] [main/DEBUG] (oshi.util.FileUtil) Reading file /sys/devices/system/cpu/cpu10/cache/index2/level
[15:34:39] [main/DEBUG] (oshi.util.FileUtil) Reading file /sys/devices/system/cpu/cpu10/cache/index2/level
[15:34:39] [main/DEBUG] (oshi.util.FileUtil) Reading file /sys/devices/system/cpu/cpu10/cache/index2/type
[15:34:39] [main/DEBUG] (oshi.util.FileUtil) Reading file /sys/devices/system/cpu/cpu10/cache/index2/type
[15:34:39] [main/DEBUG] (oshi.util.FileUtil) Reading file /sys/devices/system/cpu/cpu10/cache/index2/ways_of_associativity
[15:34:39] [main/DEBUG] (oshi.util.FileUtil) Reading file /sys/devices/system/cpu/cpu10/cache/index2/ways_of_associativity
[15:34:39] [main/DEBUG] (oshi.util.FileUtil) Reading file /sys/devices/system/cpu/cpu10/cache/index2/coherency_line_size
[15:34:39] [main/DEBUG] (oshi.util.FileUtil) Reading file /sys/devices/system/cpu/cpu10/cache/index2/coherency_line_size
[15:34:39] [main/DEBUG] (oshi.util.FileUtil) Reading file /sys/devices/system/cpu/cpu10/cache/index2/size
[15:34:39] [main/DEBUG] (oshi.util.FileUtil) Reading file /sys/devices/system/cpu/cpu10/cache/index2/size
[15:34:39] [main/DEBUG] (oshi.util.FileUtil) Reading file /sys/devices/system/cpu/cpu10/cache/index0/level
[15:34:39] [main/DEBUG] (oshi.util.FileUtil) Reading file /sys/devices/system/cpu/cpu10/cache/index0/level
[15:34:39] [main/DEBUG] (oshi.util.FileUtil) Reading file /sys/devices/system/cpu/cpu10/cache/index0/type
[15:34:39] [main/DEBUG] (oshi.util.FileUtil) Reading file /sys/devices/system/cpu/cpu10/cache/index0/type
[15:34:39] [main/DEBUG] (oshi.util.FileUtil) Reading file /sys/devices/system/cpu/cpu10/cache/index0/ways_of_associativity
[15:34:39] [main/DEBUG] (oshi.util.FileUtil) Reading file /sys/devices/system/cpu/cpu10/cache/index0/ways_of_associativity
[15:34:39] [main/DEBUG] (oshi.util.FileUtil) Reading file /sys/devices/system/cpu/cpu10/cache/index0/coherency_line_size
[15:34:39] [main/DEBUG] (oshi.util.FileUtil) Reading file /sys/devices/system/cpu/cpu10/cache/index0/coherency_line_size
[15:34:39] [main/DEBUG] (oshi.util.FileUtil) Reading file /sys/devices/system/cpu/cpu10/cache/index0/size
[15:34:39] [main/DEBUG] (oshi.util.FileUtil) Reading file /sys/devices/system/cpu/cpu10/cache/index0/size
[15:34:39] [main/DEBUG] (oshi.util.FileUtil) Reading file /sys/devices/system/cpu/cpu10/cache/index3/level
[15:34:39] [main/DEBUG] (oshi.util.FileUtil) Reading file /sys/devices/system/cpu/cpu10/cache/index3/level
[15:34:39] [main/DEBUG] (oshi.util.FileUtil) Reading file /sys/devices/system/cpu/cpu10/cache/index3/type
[15:34:39] [main/DEBUG] (oshi.util.FileUtil) Reading file /sys/devices/system/cpu/cpu10/cache/index3/type
[15:34:39] [main/DEBUG] (oshi.util.FileUtil) Reading file /sys/devices/system/cpu/cpu10/cache/index3/ways_of_associativity
[15:34:39] [main/DEBUG] (oshi.util.FileUtil) Reading file /sys/devices/system/cpu/cpu10/cache/index3/ways_of_associativity
[15:34:39] [main/DEBUG] (oshi.util.FileUtil) Reading file /sys/devices/system/cpu/cpu10/cache/index3/coherency_line_size
[15:34:39] [main/DEBUG] (oshi.util.FileUtil) Reading file /sys/devices/system/cpu/cpu10/cache/index3/coherency_line_size
[15:34:39] [main/DEBUG] (oshi.util.FileUtil) Reading file /sys/devices/system/cpu/cpu10/cache/index3/size
[15:34:39] [main/DEBUG] (oshi.util.FileUtil) Reading file /sys/devices/system/cpu/cpu10/cache/index3/size
[15:34:39] [main/DEBUG] (oshi.util.FileUtil) Reading file /sys/devices/system/cpu/cpu10/cache/index1/level
[15:34:39] [main/DEBUG] (oshi.util.FileUtil) Reading file /sys/devices/system/cpu/cpu10/cache/index1/level
[15:34:39] [main/DEBUG] (oshi.util.FileUtil) Reading file /sys/devices/system/cpu/cpu10/cache/index1/type
[15:34:39] [main/DEBUG] (oshi.util.FileUtil) Reading file /sys/devices/system/cpu/cpu10/cache/index1/type
[15:34:39] [main/DEBUG] (oshi.util.FileUtil) Reading file /sys/devices/system/cpu/cpu10/cache/index1/ways_of_associativity
[15:34:39] [main/DEBUG] (oshi.util.FileUtil) Reading file /sys/devices/system/cpu/cpu10/cache/index1/ways_of_associativity
[15:34:39] [main/DEBUG] (oshi.util.FileUtil) Reading file /sys/devices/system/cpu/cpu10/cache/index1/coherency_line_size
[15:34:39] [main/DEBUG] (oshi.util.FileUtil) Reading file /sys/devices/system/cpu/cpu10/cache/index1/coherency_line_size
[15:34:39] [main/DEBUG] (oshi.util.FileUtil) Reading file /sys/devices/system/cpu/cpu10/cache/index1/size
[15:34:39] [main/DEBUG] (oshi.util.FileUtil) Reading file /sys/devices/system/cpu/cpu10/cache/index1/size
[15:34:39] [main/DEBUG] (oshi.util.FileUtil) Reading file /sys/devices/system/cpu/cpu11/topology/core_id
[15:34:39] [main/DEBUG] (oshi.util.FileUtil) Reading file /sys/devices/system/cpu/cpu11/topology/core_id
[15:34:39] [main/DEBUG] (oshi.util.FileUtil) Reading file /sys/devices/system/cpu/cpu11/topology/physical_package_id
[15:34:39] [main/DEBUG] (oshi.util.FileUtil) Reading file /sys/devices/system/cpu/cpu11/topology/physical_package_id
[15:34:39] [main/DEBUG] (oshi.util.FileUtil) Reading file /sys/devices/system/cpu/cpu11/cpu_capacity
[15:34:39] [main/DEBUG] (oshi.util.FileUtil) Reading file /sys/devices/system/cpu/cpu11/cache/index2/level
[15:34:39] [main/DEBUG] (oshi.util.FileUtil) Reading file /sys/devices/system/cpu/cpu11/cache/index2/level
[15:34:39] [main/DEBUG] (oshi.util.FileUtil) Reading file /sys/devices/system/cpu/cpu11/cache/index2/type
[15:34:39] [main/DEBUG] (oshi.util.FileUtil) Reading file /sys/devices/system/cpu/cpu11/cache/index2/type
[15:34:39] [main/DEBUG] (oshi.util.FileUtil) Reading file /sys/devices/system/cpu/cpu11/cache/index2/ways_of_associativity
[15:34:39] [main/DEBUG] (oshi.util.FileUtil) Reading file /sys/devices/system/cpu/cpu11/cache/index2/ways_of_associativity
[15:34:39] [main/DEBUG] (oshi.util.FileUtil) Reading file /sys/devices/system/cpu/cpu11/cache/index2/coherency_line_size
[15:34:39] [main/DEBUG] (oshi.util.FileUtil) Reading file /sys/devices/system/cpu/cpu11/cache/index2/coherency_line_size
[15:34:39] [main/DEBUG] (oshi.util.FileUtil) Reading file /sys/devices/system/cpu/cpu11/cache/index2/size
[15:34:39] [main/DEBUG] (oshi.util.FileUtil) Reading file /sys/devices/system/cpu/cpu11/cache/index2/size
[15:34:39] [main/DEBUG] (oshi.util.FileUtil) Reading file /sys/devices/system/cpu/cpu11/cache/index0/level
[15:34:39] [main/DEBUG] (oshi.util.FileUtil) Reading file /sys/devices/system/cpu/cpu11/cache/index0/level
[15:34:39] [main/DEBUG] (oshi.util.FileUtil) Reading file /sys/devices/system/cpu/cpu11/cache/index0/type
[15:34:39] [main/DEBUG] (oshi.util.FileUtil) Reading file /sys/devices/system/cpu/cpu11/cache/index0/type
[15:34:39] [main/DEBUG] (oshi.util.FileUtil) Reading file /sys/devices/system/cpu/cpu11/cache/index0/ways_of_associativity
[15:34:39] [main/DEBUG] (oshi.util.FileUtil) Reading file /sys/devices/system/cpu/cpu11/cache/index0/ways_of_associativity
[15:34:39] [main/DEBUG] (oshi.util.FileUtil) Reading file /sys/devices/system/cpu/cpu11/cache/index0/coherency_line_size
[15:34:39] [main/DEBUG] (oshi.util.FileUtil) Reading file /sys/devices/system/cpu/cpu11/cache/index0/coherency_line_size
[15:34:39] [main/DEBUG] (oshi.util.FileUtil) Reading file /sys/devices/system/cpu/cpu11/cache/index0/size
[15:34:39] [main/DEBUG] (oshi.util.FileUtil) Reading file /sys/devices/system/cpu/cpu11/cache/index0/size
[15:34:39] [main/DEBUG] (oshi.util.FileUtil) Reading file /sys/devices/system/cpu/cpu11/cache/index3/level
[15:34:39] [main/DEBUG] (oshi.util.FileUtil) Reading file /sys/devices/system/cpu/cpu11/cache/index3/level
[15:34:39] [main/DEBUG] (oshi.util.FileUtil) Reading file /sys/devices/system/cpu/cpu11/cache/index3/type
[15:34:39] [main/DEBUG] (oshi.util.FileUtil) Reading file /sys/devices/system/cpu/cpu11/cache/index3/type
[15:34:39] [main/DEBUG] (oshi.util.FileUtil) Reading file /sys/devices/system/cpu/cpu11/cache/index3/ways_of_associativity
[15:34:39] [main/DEBUG] (oshi.util.FileUtil) Reading file /sys/devices/system/cpu/cpu11/cache/index3/ways_of_associativity
[15:34:39] [main/DEBUG] (oshi.util.FileUtil) Reading file /sys/devices/system/cpu/cpu11/cache/index3/coherency_line_size
[15:34:39] [main/DEBUG] (oshi.util.FileUtil) Reading file /sys/devices/system/cpu/cpu11/cache/index3/coherency_line_size
[15:34:39] [main/DEBUG] (oshi.util.FileUtil) Reading file /sys/devices/system/cpu/cpu11/cache/index3/size
[15:34:39] [main/DEBUG] (oshi.util.FileUtil) Reading file /sys/devices/system/cpu/cpu11/cache/index3/size
[15:34:39] [main/DEBUG] (oshi.util.FileUtil) Reading file /sys/devices/system/cpu/cpu11/cache/index1/level
[15:34:39] [main/DEBUG] (oshi.util.FileUtil) Reading file /sys/devices/system/cpu/cpu11/cache/index1/level
[15:34:39] [main/DEBUG] (oshi.util.FileUtil) Reading file /sys/devices/system/cpu/cpu11/cache/index1/type
[15:34:39] [main/DEBUG] (oshi.util.FileUtil) Reading file /sys/devices/system/cpu/cpu11/cache/index1/type
[15:34:39] [main/DEBUG] (oshi.util.FileUtil) Reading file /sys/devices/system/cpu/cpu11/cache/index1/ways_of_associativity
[15:34:39] [main/DEBUG] (oshi.util.FileUtil) Reading file /sys/devices/system/cpu/cpu11/cache/index1/ways_of_associativity
[15:34:39] [main/DEBUG] (oshi.util.FileUtil) Reading file /sys/devices/system/cpu/cpu11/cache/index1/coherency_line_size
[15:34:39] [main/DEBUG] (oshi.util.FileUtil) Reading file /sys/devices/system/cpu/cpu11/cache/index1/coherency_line_size
[15:34:39] [main/DEBUG] (oshi.util.FileUtil) Reading file /sys/devices/system/cpu/cpu11/cache/index1/size
[15:34:39] [main/DEBUG] (oshi.util.FileUtil) Reading file /sys/devices/system/cpu/cpu11/cache/index1/size
[15:34:39] [main/DEBUG] (oshi.util.FileUtil) Reading file /sys/devices/system/cpu/cpu2/topology/core_id
[15:34:39] [main/DEBUG] (oshi.util.FileUtil) Reading file /sys/devices/system/cpu/cpu2/topology/core_id
[15:34:39] [main/DEBUG] (oshi.util.FileUtil) Reading file /sys/devices/system/cpu/cpu2/topology/physical_package_id
[15:34:39] [main/DEBUG] (oshi.util.FileUtil) Reading file /sys/devices/system/cpu/cpu2/topology/physical_package_id
[15:34:39] [main/DEBUG] (oshi.util.FileUtil) Reading file /sys/devices/system/cpu/cpu2/cpu_capacity
[15:34:39] [main/DEBUG] (oshi.util.FileUtil) Reading file /sys/devices/system/cpu/cpu2/cache/index2/level
[15:34:39] [main/DEBUG] (oshi.util.FileUtil) Reading file /sys/devices/system/cpu/cpu2/cache/index2/level
[15:34:39] [main/DEBUG] (oshi.util.FileUtil) Reading file /sys/devices/system/cpu/cpu2/cache/index2/type
[15:34:39] [main/DEBUG] (oshi.util.FileUtil) Reading file /sys/devices/system/cpu/cpu2/cache/index2/type
[15:34:39] [main/DEBUG] (oshi.util.FileUtil) Reading file /sys/devices/system/cpu/cpu2/cache/index2/ways_of_associativity
[15:34:39] [main/DEBUG] (oshi.util.FileUtil) Reading file /sys/devices/system/cpu/cpu2/cache/index2/ways_of_associativity
[15:34:39] [main/DEBUG] (oshi.util.FileUtil) Reading file /sys/devices/system/cpu/cpu2/cache/index2/coherency_line_size
[15:34:39] [main/DEBUG] (oshi.util.FileUtil) Reading file /sys/devices/system/cpu/cpu2/cache/index2/coherency_line_size
[15:34:39] [main/DEBUG] (oshi.util.FileUtil) Reading file /sys/devices/system/cpu/cpu2/cache/index2/size
[15:34:39] [main/DEBUG] (oshi.util.FileUtil) Reading file /sys/devices/system/cpu/cpu2/cache/index2/size
[15:34:39] [main/DEBUG] (oshi.util.FileUtil) Reading file /sys/devices/system/cpu/cpu2/cache/index0/level
[15:34:39] [main/DEBUG] (oshi.util.FileUtil) Reading file /sys/devices/system/cpu/cpu2/cache/index0/level
[15:34:39] [main/DEBUG] (oshi.util.FileUtil) Reading file /sys/devices/system/cpu/cpu2/cache/index0/type
[15:34:39] [main/DEBUG] (oshi.util.FileUtil) Reading file /sys/devices/system/cpu/cpu2/cache/index0/type
[15:34:39] [main/DEBUG] (oshi.util.FileUtil) Reading file /sys/devices/system/cpu/cpu2/cache/index0/ways_of_associativity
[15:34:39] [main/DEBUG] (oshi.util.FileUtil) Reading file /sys/devices/system/cpu/cpu2/cache/index0/ways_of_associativity
[15:34:39] [main/DEBUG] (oshi.util.FileUtil) Reading file /sys/devices/system/cpu/cpu2/cache/index0/coherency_line_size
[15:34:39] [main/DEBUG] (oshi.util.FileUtil) Reading file /sys/devices/system/cpu/cpu2/cache/index0/coherency_line_size
[15:34:39] [main/DEBUG] (oshi.util.FileUtil) Reading file /sys/devices/system/cpu/cpu2/cache/index0/size
[15:34:39] [main/DEBUG] (oshi.util.FileUtil) Reading file /sys/devices/system/cpu/cpu2/cache/index0/size
[15:34:39] [main/DEBUG] (oshi.util.FileUtil) Reading file /sys/devices/system/cpu/cpu2/cache/index3/level
[15:34:39] [main/DEBUG] (oshi.util.FileUtil) Reading file /sys/devices/system/cpu/cpu2/cache/index3/level
[15:34:39] [main/DEBUG] (oshi.util.FileUtil) Reading file /sys/devices/system/cpu/cpu2/cache/index3/type
[15:34:39] [main/DEBUG] (oshi.util.FileUtil) Reading file /sys/devices/system/cpu/cpu2/cache/index3/type
[15:34:39] [main/DEBUG] (oshi.util.FileUtil) Reading file /sys/devices/system/cpu/cpu2/cache/index3/ways_of_associativity
[15:34:39] [main/DEBUG] (oshi.util.FileUtil) Reading file /sys/devices/system/cpu/cpu2/cache/index3/ways_of_associativity
[15:34:39] [main/DEBUG] (oshi.util.FileUtil) Reading file /sys/devices/system/cpu/cpu2/cache/index3/coherency_line_size
[15:34:39] [main/DEBUG] (oshi.util.FileUtil) Reading file /sys/devices/system/cpu/cpu2/cache/index3/coherency_line_size
[15:34:39] [main/DEBUG] (oshi.util.FileUtil) Reading file /sys/devices/system/cpu/cpu2/cache/index3/size
[15:34:39] [main/DEBUG] (oshi.util.FileUtil) Reading file /sys/devices/system/cpu/cpu2/cache/index3/size
[15:34:39] [main/DEBUG] (oshi.util.FileUtil) Reading file /sys/devices/system/cpu/cpu2/cache/index1/level
[15:34:39] [main/DEBUG] (oshi.util.FileUtil) Reading file /sys/devices/system/cpu/cpu2/cache/index1/level
[15:34:39] [main/DEBUG] (oshi.util.FileUtil) Reading file /sys/devices/system/cpu/cpu2/cache/index1/type
[15:34:39] [main/DEBUG] (oshi.util.FileUtil) Reading file /sys/devices/system/cpu/cpu2/cache/index1/type
[15:34:39] [main/DEBUG] (oshi.util.FileUtil) Reading file /sys/devices/system/cpu/cpu2/cache/index1/ways_of_associativity
[15:34:39] [main/DEBUG] (oshi.util.FileUtil) Reading file /sys/devices/system/cpu/cpu2/cache/index1/ways_of_associativity
[15:34:39] [main/DEBUG] (oshi.util.FileUtil) Reading file /sys/devices/system/cpu/cpu2/cache/index1/coherency_line_size
[15:34:39] [main/DEBUG] (oshi.util.FileUtil) Reading file /sys/devices/system/cpu/cpu2/cache/index1/coherency_line_size
[15:34:39] [main/DEBUG] (oshi.util.FileUtil) Reading file /sys/devices/system/cpu/cpu2/cache/index1/size
[15:34:39] [main/DEBUG] (oshi.util.FileUtil) Reading file /sys/devices/system/cpu/cpu2/cache/index1/size
[15:34:39] [main/DEBUG] (oshi.util.FileUtil) Reading file /sys/devices/system/cpu/cpu3/topology/core_id
[15:34:39] [main/DEBUG] (oshi.util.FileUtil) Reading file /sys/devices/system/cpu/cpu3/topology/core_id
[15:34:39] [main/DEBUG] (oshi.util.FileUtil) Reading file /sys/devices/system/cpu/cpu3/topology/physical_package_id
[15:34:39] [main/DEBUG] (oshi.util.FileUtil) Reading file /sys/devices/system/cpu/cpu3/topology/physical_package_id
[15:34:39] [main/DEBUG] (oshi.util.FileUtil) Reading file /sys/devices/system/cpu/cpu3/cpu_capacity
[15:34:39] [main/DEBUG] (oshi.util.FileUtil) Reading file /sys/devices/system/cpu/cpu3/cache/index2/level
[15:34:39] [main/DEBUG] (oshi.util.FileUtil) Reading file /sys/devices/system/cpu/cpu3/cache/index2/level
[15:34:39] [main/DEBUG] (oshi.util.FileUtil) Reading file /sys/devices/system/cpu/cpu3/cache/index2/type
[15:34:39] [main/DEBUG] (oshi.util.FileUtil) Reading file /sys/devices/system/cpu/cpu3/cache/index2/type
[15:34:39] [main/DEBUG] (oshi.util.FileUtil) Reading file /sys/devices/system/cpu/cpu3/cache/index2/ways_of_associativity
[15:34:39] [main/DEBUG] (oshi.util.FileUtil) Reading file /sys/devices/system/cpu/cpu3/cache/index2/ways_of_associativity
[15:34:39] [main/DEBUG] (oshi.util.FileUtil) Reading file /sys/devices/system/cpu/cpu3/cache/index2/coherency_line_size
[15:34:39] [main/DEBUG] (oshi.util.FileUtil) Reading file /sys/devices/system/cpu/cpu3/cache/index2/coherency_line_size
[15:34:39] [main/DEBUG] (oshi.util.FileUtil) Reading file /sys/devices/system/cpu/cpu3/cache/index2/size
[15:34:39] [main/DEBUG] (oshi.util.FileUtil) Reading file /sys/devices/system/cpu/cpu3/cache/index2/size
[15:34:39] [main/DEBUG] (oshi.util.FileUtil) Reading file /sys/devices/system/cpu/cpu3/cache/index0/level
[15:34:39] [main/DEBUG] (oshi.util.FileUtil) Reading file /sys/devices/system/cpu/cpu3/cache/index0/level
[15:34:39] [main/DEBUG] (oshi.util.FileUtil) Reading file /sys/devices/system/cpu/cpu3/cache/index0/type
[15:34:39] [main/DEBUG] (oshi.util.FileUtil) Reading file /sys/devices/system/cpu/cpu3/cache/index0/type
[15:34:39] [main/DEBUG] (oshi.util.FileUtil) Reading file /sys/devices/system/cpu/cpu3/cache/index0/ways_of_associativity
[15:34:39] [main/DEBUG] (oshi.util.FileUtil) Reading file /sys/devices/system/cpu/cpu3/cache/index0/ways_of_associativity
[15:34:39] [main/DEBUG] (oshi.util.FileUtil) Reading file /sys/devices/system/cpu/cpu3/cache/index0/coherency_line_size
[15:34:39] [main/DEBUG] (oshi.util.FileUtil) Reading file /sys/devices/system/cpu/cpu3/cache/index0/coherency_line_size
[15:34:39] [main/DEBUG] (oshi.util.FileUtil) Reading file /sys/devices/system/cpu/cpu3/cache/index0/size
[15:34:39] [main/DEBUG] (oshi.util.FileUtil) Reading file /sys/devices/system/cpu/cpu3/cache/index0/size
[15:34:39] [main/DEBUG] (oshi.util.FileUtil) Reading file /sys/devices/system/cpu/cpu3/cache/index3/level
[15:34:39] [main/DEBUG] (oshi.util.FileUtil) Reading file /sys/devices/system/cpu/cpu3/cache/index3/level
[15:34:39] [main/DEBUG] (oshi.util.FileUtil) Reading file /sys/devices/system/cpu/cpu3/cache/index3/type
[15:34:39] [main/DEBUG] (oshi.util.FileUtil) Reading file /sys/devices/system/cpu/cpu3/cache/index3/type
[15:34:39] [main/DEBUG] (oshi.util.FileUtil) Reading file /sys/devices/system/cpu/cpu3/cache/index3/ways_of_associativity
[15:34:39] [main/DEBUG] (oshi.util.FileUtil) Reading file /sys/devices/system/cpu/cpu3/cache/index3/ways_of_associativity
[15:34:39] [main/DEBUG] (oshi.util.FileUtil) Reading file /sys/devices/system/cpu/cpu3/cache/index3/coherency_line_size
[15:34:39] [main/DEBUG] (oshi.util.FileUtil) Reading file /sys/devices/system/cpu/cpu3/cache/index3/coherency_line_size
[15:34:39] [main/DEBUG] (oshi.util.FileUtil) Reading file /sys/devices/system/cpu/cpu3/cache/index3/size
[15:34:39] [main/DEBUG] (oshi.util.FileUtil) Reading file /sys/devices/system/cpu/cpu3/cache/index3/size
[15:34:39] [main/DEBUG] (oshi.util.FileUtil) Reading file /sys/devices/system/cpu/cpu3/cache/index1/level
[15:34:39] [main/DEBUG] (oshi.util.FileUtil) Reading file /sys/devices/system/cpu/cpu3/cache/index1/level
[15:34:39] [main/DEBUG] (oshi.util.FileUtil) Reading file /sys/devices/system/cpu/cpu3/cache/index1/type
[15:34:39] [main/DEBUG] (oshi.util.FileUtil) Reading file /sys/devices/system/cpu/cpu3/cache/index1/type
[15:34:39] [main/DEBUG] (oshi.util.FileUtil) Reading file /sys/devices/system/cpu/cpu3/cache/index1/ways_of_associativity
[15:34:39] [main/DEBUG] (oshi.util.FileUtil) Reading file /sys/devices/system/cpu/cpu3/cache/index1/ways_of_associativity
[15:34:39] [main/DEBUG] (oshi.util.FileUtil) Reading file /sys/devices/system/cpu/cpu3/cache/index1/coherency_line_size
[15:34:39] [main/DEBUG] (oshi.util.FileUtil) Reading file /sys/devices/system/cpu/cpu3/cache/index1/coherency_line_size
[15:34:39] [main/DEBUG] (oshi.util.FileUtil) Reading file /sys/devices/system/cpu/cpu3/cache/index1/size
[15:34:39] [main/DEBUG] (oshi.util.FileUtil) Reading file /sys/devices/system/cpu/cpu3/cache/index1/size
[15:34:39] [main/DEBUG] (oshi.util.FileUtil) Reading file /sys/devices/system/cpu/cpu4/topology/core_id
[15:34:39] [main/DEBUG] (oshi.util.FileUtil) Reading file /sys/devices/system/cpu/cpu4/topology/core_id
[15:34:39] [main/DEBUG] (oshi.util.FileUtil) Reading file /sys/devices/system/cpu/cpu4/topology/physical_package_id
[15:34:39] [main/DEBUG] (oshi.util.FileUtil) Reading file /sys/devices/system/cpu/cpu4/topology/physical_package_id
[15:34:39] [main/DEBUG] (oshi.util.FileUtil) Reading file /sys/devices/system/cpu/cpu4/cpu_capacity
[15:34:39] [main/DEBUG] (oshi.util.FileUtil) Reading file /sys/devices/system/cpu/cpu4/cache/index2/level
[15:34:39] [main/DEBUG] (oshi.util.FileUtil) Reading file /sys/devices/system/cpu/cpu4/cache/index2/level
[15:34:39] [main/DEBUG] (oshi.util.FileUtil) Reading file /sys/devices/system/cpu/cpu4/cache/index2/type
[15:34:39] [main/DEBUG] (oshi.util.FileUtil) Reading file /sys/devices/system/cpu/cpu4/cache/index2/type
[15:34:39] [main/DEBUG] (oshi.util.FileUtil) Reading file /sys/devices/system/cpu/cpu4/cache/index2/ways_of_associativity
[15:34:39] [main/DEBUG] (oshi.util.FileUtil) Reading file /sys/devices/system/cpu/cpu4/cache/index2/ways_of_associativity
[15:34:39] [main/DEBUG] (oshi.util.FileUtil) Reading file /sys/devices/system/cpu/cpu4/cache/index2/coherency_line_size
[15:34:39] [main/DEBUG] (oshi.util.FileUtil) Reading file /sys/devices/system/cpu/cpu4/cache/index2/coherency_line_size
[15:34:39] [main/DEBUG] (oshi.util.FileUtil) Reading file /sys/devices/system/cpu/cpu4/cache/index2/size
[15:34:39] [main/DEBUG] (oshi.util.FileUtil) Reading file /sys/devices/system/cpu/cpu4/cache/index2/size
[15:34:39] [main/DEBUG] (oshi.util.FileUtil) Reading file /sys/devices/system/cpu/cpu4/cache/index0/level
[15:34:39] [main/DEBUG] (oshi.util.FileUtil) Reading file /sys/devices/system/cpu/cpu4/cache/index0/level
[15:34:39] [main/DEBUG] (oshi.util.FileUtil) Reading file /sys/devices/system/cpu/cpu4/cache/index0/type
[15:34:39] [main/DEBUG] (oshi.util.FileUtil) Reading file /sys/devices/system/cpu/cpu4/cache/index0/type
[15:34:39] [main/DEBUG] (oshi.util.FileUtil) Reading file /sys/devices/system/cpu/cpu4/cache/index0/ways_of_associativity
[15:34:39] [main/DEBUG] (oshi.util.FileUtil) Reading file /sys/devices/system/cpu/cpu4/cache/index0/ways_of_associativity
[15:34:39] [main/DEBUG] (oshi.util.FileUtil) Reading file /sys/devices/system/cpu/cpu4/cache/index0/coherency_line_size
[15:34:39] [main/DEBUG] (oshi.util.FileUtil) Reading file /sys/devices/system/cpu/cpu4/cache/index0/coherency_line_size
[15:34:39] [main/DEBUG] (oshi.util.FileUtil) Reading file /sys/devices/system/cpu/cpu4/cache/index0/size
[15:34:39] [main/DEBUG] (oshi.util.FileUtil) Reading file /sys/devices/system/cpu/cpu4/cache/index0/size
[15:34:39] [main/DEBUG] (oshi.util.FileUtil) Reading file /sys/devices/system/cpu/cpu4/cache/index3/level
[15:34:39] [main/DEBUG] (oshi.util.FileUtil) Reading file /sys/devices/system/cpu/cpu4/cache/index3/level
[15:34:39] [main/DEBUG] (oshi.util.FileUtil) Reading file /sys/devices/system/cpu/cpu4/cache/index3/type
[15:34:39] [main/DEBUG] (oshi.util.FileUtil) Reading file /sys/devices/system/cpu/cpu4/cache/index3/type
[15:34:39] [main/DEBUG] (oshi.util.FileUtil) Reading file /sys/devices/system/cpu/cpu4/cache/index3/ways_of_associativity
[15:34:39] [main/DEBUG] (oshi.util.FileUtil) Reading file /sys/devices/system/cpu/cpu4/cache/index3/ways_of_associativity
[15:34:39] [main/DEBUG] (oshi.util.FileUtil) Reading file /sys/devices/system/cpu/cpu4/cache/index3/coherency_line_size
[15:34:39] [main/DEBUG] (oshi.util.FileUtil) Reading file /sys/devices/system/cpu/cpu4/cache/index3/coherency_line_size
[15:34:39] [main/DEBUG] (oshi.util.FileUtil) Reading file /sys/devices/system/cpu/cpu4/cache/index3/size
[15:34:39] [main/DEBUG] (oshi.util.FileUtil) Reading file /sys/devices/system/cpu/cpu4/cache/index3/size
[15:34:39] [main/DEBUG] (oshi.util.FileUtil) Reading file /sys/devices/system/cpu/cpu4/cache/index1/level
[15:34:39] [main/DEBUG] (oshi.util.FileUtil) Reading file /sys/devices/system/cpu/cpu4/cache/index1/level
[15:34:39] [main/DEBUG] (oshi.util.FileUtil) Reading file /sys/devices/system/cpu/cpu4/cache/index1/type
[15:34:39] [main/DEBUG] (oshi.util.FileUtil) Reading file /sys/devices/system/cpu/cpu4/cache/index1/type
[15:34:39] [main/DEBUG] (oshi.util.FileUtil) Reading file /sys/devices/system/cpu/cpu4/cache/index1/ways_of_associativity
[15:34:39] [main/DEBUG] (oshi.util.FileUtil) Reading file /sys/devices/system/cpu/cpu4/cache/index1/ways_of_associativity
[15:34:39] [main/DEBUG] (oshi.util.FileUtil) Reading file /sys/devices/system/cpu/cpu4/cache/index1/coherency_line_size
[15:34:39] [main/DEBUG] (oshi.util.FileUtil) Reading file /sys/devices/system/cpu/cpu4/cache/index1/coherency_line_size
[15:34:39] [main/DEBUG] (oshi.util.FileUtil) Reading file /sys/devices/system/cpu/cpu4/cache/index1/size
[15:34:39] [main/DEBUG] (oshi.util.FileUtil) Reading file /sys/devices/system/cpu/cpu4/cache/index1/size
[15:34:39] [main/DEBUG] (oshi.util.FileUtil) Reading file /sys/devices/system/cpu/cpu5/topology/core_id
[15:34:39] [main/DEBUG] (oshi.util.FileUtil) Reading file /sys/devices/system/cpu/cpu5/topology/core_id
[15:34:39] [main/DEBUG] (oshi.util.FileUtil) Reading file /sys/devices/system/cpu/cpu5/topology/physical_package_id
[15:34:39] [main/DEBUG] (oshi.util.FileUtil) Reading file /sys/devices/system/cpu/cpu5/topology/physical_package_id
[15:34:39] [main/DEBUG] (oshi.util.FileUtil) Reading file /sys/devices/system/cpu/cpu5/cpu_capacity
[15:34:39] [main/DEBUG] (oshi.util.FileUtil) Reading file /sys/devices/system/cpu/cpu5/cache/index2/level
[15:34:39] [main/DEBUG] (oshi.util.FileUtil) Reading file /sys/devices/system/cpu/cpu5/cache/index2/level
[15:34:39] [main/DEBUG] (oshi.util.FileUtil) Reading file /sys/devices/system/cpu/cpu5/cache/index2/type
[15:34:39] [main/DEBUG] (oshi.util.FileUtil) Reading file /sys/devices/system/cpu/cpu5/cache/index2/type
[15:34:39] [main/DEBUG] (oshi.util.FileUtil) Reading file /sys/devices/system/cpu/cpu5/cache/index2/ways_of_associativity
[15:34:39] [main/DEBUG] (oshi.util.FileUtil) Reading file /sys/devices/system/cpu/cpu5/cache/index2/ways_of_associativity
[15:34:39] [main/DEBUG] (oshi.util.FileUtil) Reading file /sys/devices/system/cpu/cpu5/cache/index2/coherency_line_size
[15:34:39] [main/DEBUG] (oshi.util.FileUtil) Reading file /sys/devices/system/cpu/cpu5/cache/index2/coherency_line_size
[15:34:39] [main/DEBUG] (oshi.util.FileUtil) Reading file /sys/devices/system/cpu/cpu5/cache/index2/size
[15:34:39] [main/DEBUG] (oshi.util.FileUtil) Reading file /sys/devices/system/cpu/cpu5/cache/index2/size
[15:34:39] [main/DEBUG] (oshi.util.FileUtil) Reading file /sys/devices/system/cpu/cpu5/cache/index0/level
[15:34:39] [main/DEBUG] (oshi.util.FileUtil) Reading file /sys/devices/system/cpu/cpu5/cache/index0/level
[15:34:39] [main/DEBUG] (oshi.util.FileUtil) Reading file /sys/devices/system/cpu/cpu5/cache/index0/type
[15:34:39] [main/DEBUG] (oshi.util.FileUtil) Reading file /sys/devices/system/cpu/cpu5/cache/index0/type
[15:34:39] [main/DEBUG] (oshi.util.FileUtil) Reading file /sys/devices/system/cpu/cpu5/cache/index0/ways_of_associativity
[15:34:39] [main/DEBUG] (oshi.util.FileUtil) Reading file /sys/devices/system/cpu/cpu5/cache/index0/ways_of_associativity
[15:34:39] [main/DEBUG] (oshi.util.FileUtil) Reading file /sys/devices/system/cpu/cpu5/cache/index0/coherency_line_size
[15:34:39] [main/DEBUG] (oshi.util.FileUtil) Reading file /sys/devices/system/cpu/cpu5/cache/index0/coherency_line_size
[15:34:39] [main/DEBUG] (oshi.util.FileUtil) Reading file /sys/devices/system/cpu/cpu5/cache/index0/size
[15:34:39] [main/DEBUG] (oshi.util.FileUtil) Reading file /sys/devices/system/cpu/cpu5/cache/index0/size
[15:34:39] [main/DEBUG] (oshi.util.FileUtil) Reading file /sys/devices/system/cpu/cpu5/cache/index3/level
[15:34:39] [main/DEBUG] (oshi.util.FileUtil) Reading file /sys/devices/system/cpu/cpu5/cache/index3/level
[15:34:39] [main/DEBUG] (oshi.util.FileUtil) Reading file /sys/devices/system/cpu/cpu5/cache/index3/type
[15:34:39] [main/DEBUG] (oshi.util.FileUtil) Reading file /sys/devices/system/cpu/cpu5/cache/index3/type
[15:34:39] [main/DEBUG] (oshi.util.FileUtil) Reading file /sys/devices/system/cpu/cpu5/cache/index3/ways_of_associativity
[15:34:39] [main/DEBUG] (oshi.util.FileUtil) Reading file /sys/devices/system/cpu/cpu5/cache/index3/ways_of_associativity
[15:34:39] [main/DEBUG] (oshi.util.FileUtil) Reading file /sys/devices/system/cpu/cpu5/cache/index3/coherency_line_size
[15:34:39] [main/DEBUG] (oshi.util.FileUtil) Reading file /sys/devices/system/cpu/cpu5/cache/index3/coherency_line_size
[15:34:39] [main/DEBUG] (oshi.util.FileUtil) Reading file /sys/devices/system/cpu/cpu5/cache/index3/size
[15:34:39] [main/DEBUG] (oshi.util.FileUtil) Reading file /sys/devices/system/cpu/cpu5/cache/index3/size
[15:34:39] [main/DEBUG] (oshi.util.FileUtil) Reading file /sys/devices/system/cpu/cpu5/cache/index1/level
[15:34:39] [main/DEBUG] (oshi.util.FileUtil) Reading file /sys/devices/system/cpu/cpu5/cache/index1/level
[15:34:39] [main/DEBUG] (oshi.util.FileUtil) Reading file /sys/devices/system/cpu/cpu5/cache/index1/type
[15:34:39] [main/DEBUG] (oshi.util.FileUtil) Reading file /sys/devices/system/cpu/cpu5/cache/index1/type
[15:34:39] [main/DEBUG] (oshi.util.FileUtil) Reading file /sys/devices/system/cpu/cpu5/cache/index1/ways_of_associativity
[15:34:39] [main/DEBUG] (oshi.util.FileUtil) Reading file /sys/devices/system/cpu/cpu5/cache/index1/ways_of_associativity
[15:34:39] [main/DEBUG] (oshi.util.FileUtil) Reading file /sys/devices/system/cpu/cpu5/cache/index1/coherency_line_size
[15:34:39] [main/DEBUG] (oshi.util.FileUtil) Reading file /sys/devices/system/cpu/cpu5/cache/index1/coherency_line_size
[15:34:39] [main/DEBUG] (oshi.util.FileUtil) Reading file /sys/devices/system/cpu/cpu5/cache/index1/size
[15:34:39] [main/DEBUG] (oshi.util.FileUtil) Reading file /sys/devices/system/cpu/cpu5/cache/index1/size
[15:34:39] [main/DEBUG] (oshi.util.FileUtil) Reading file /sys/devices/system/cpu/cpu6/topology/core_id
[15:34:39] [main/DEBUG] (oshi.util.FileUtil) Reading file /sys/devices/system/cpu/cpu6/topology/core_id
[15:34:39] [main/DEBUG] (oshi.util.FileUtil) Reading file /sys/devices/system/cpu/cpu6/topology/physical_package_id
[15:34:39] [main/DEBUG] (oshi.util.FileUtil) Reading file /sys/devices/system/cpu/cpu6/topology/physical_package_id
[15:34:39] [main/DEBUG] (oshi.util.FileUtil) Reading file /sys/devices/system/cpu/cpu6/cpu_capacity
[15:34:39] [main/DEBUG] (oshi.util.FileUtil) Reading file /sys/devices/system/cpu/cpu6/cache/index2/level
[15:34:39] [main/DEBUG] (oshi.util.FileUtil) Reading file /sys/devices/system/cpu/cpu6/cache/index2/level
[15:34:39] [main/DEBUG] (oshi.util.FileUtil) Reading file /sys/devices/system/cpu/cpu6/cache/index2/type
[15:34:39] [main/DEBUG] (oshi.util.FileUtil) Reading file /sys/devices/system/cpu/cpu6/cache/index2/type
[15:34:39] [main/DEBUG] (oshi.util.FileUtil) Reading file /sys/devices/system/cpu/cpu6/cache/index2/ways_of_associativity
[15:34:39] [main/DEBUG] (oshi.util.FileUtil) Reading file /sys/devices/system/cpu/cpu6/cache/index2/ways_of_associativity
[15:34:39] [main/DEBUG] (oshi.util.FileUtil) Reading file /sys/devices/system/cpu/cpu6/cache/index2/coherency_line_size
[15:34:39] [main/DEBUG] (oshi.util.FileUtil) Reading file /sys/devices/system/cpu/cpu6/cache/index2/coherency_line_size
[15:34:39] [main/DEBUG] (oshi.util.FileUtil) Reading file /sys/devices/system/cpu/cpu6/cache/index2/size
[15:34:39] [main/DEBUG] (oshi.util.FileUtil) Reading file /sys/devices/system/cpu/cpu6/cache/index2/size
[15:34:39] [main/DEBUG] (oshi.util.FileUtil) Reading file /sys/devices/system/cpu/cpu6/cache/index0/level
[15:34:39] [main/DEBUG] (oshi.util.FileUtil) Reading file /sys/devices/system/cpu/cpu6/cache/index0/level
[15:34:39] [main/DEBUG] (oshi.util.FileUtil) Reading file /sys/devices/system/cpu/cpu6/cache/index0/type
[15:34:39] [main/DEBUG] (oshi.util.FileUtil) Reading file /sys/devices/system/cpu/cpu6/cache/index0/type
[15:34:39] [main/DEBUG] (oshi.util.FileUtil) Reading file /sys/devices/system/cpu/cpu6/cache/index0/ways_of_associativity
[15:34:39] [main/DEBUG] (oshi.util.FileUtil) Reading file /sys/devices/system/cpu/cpu6/cache/index0/ways_of_associativity
[15:34:39] [main/DEBUG] (oshi.util.FileUtil) Reading file /sys/devices/system/cpu/cpu6/cache/index0/coherency_line_size
[15:34:39] [main/DEBUG] (oshi.util.FileUtil) Reading file /sys/devices/system/cpu/cpu6/cache/index0/coherency_line_size
[15:34:39] [main/DEBUG] (oshi.util.FileUtil) Reading file /sys/devices/system/cpu/cpu6/cache/index0/size
[15:34:39] [main/DEBUG] (oshi.util.FileUtil) Reading file /sys/devices/system/cpu/cpu6/cache/index0/size
[15:34:39] [main/DEBUG] (oshi.util.FileUtil) Reading file /sys/devices/system/cpu/cpu6/cache/index3/level
[15:34:39] [main/DEBUG] (oshi.util.FileUtil) Reading file /sys/devices/system/cpu/cpu6/cache/index3/level
[15:34:39] [main/DEBUG] (oshi.util.FileUtil) Reading file /sys/devices/system/cpu/cpu6/cache/index3/type
[15:34:39] [main/DEBUG] (oshi.util.FileUtil) Reading file /sys/devices/system/cpu/cpu6/cache/index3/type
[15:34:39] [main/DEBUG] (oshi.util.FileUtil) Reading file /sys/devices/system/cpu/cpu6/cache/index3/ways_of_associativity
[15:34:39] [main/DEBUG] (oshi.util.FileUtil) Reading file /sys/devices/system/cpu/cpu6/cache/index3/ways_of_associativity
[15:34:39] [main/DEBUG] (oshi.util.FileUtil) Reading file /sys/devices/system/cpu/cpu6/cache/index3/coherency_line_size
[15:34:39] [main/DEBUG] (oshi.util.FileUtil) Reading file /sys/devices/system/cpu/cpu6/cache/index3/coherency_line_size
[15:34:39] [main/DEBUG] (oshi.util.FileUtil) Reading file /sys/devices/system/cpu/cpu6/cache/index3/size
[15:34:39] [main/DEBUG] (oshi.util.FileUtil) Reading file /sys/devices/system/cpu/cpu6/cache/index3/size
[15:34:39] [main/DEBUG] (oshi.util.FileUtil) Reading file /sys/devices/system/cpu/cpu6/cache/index1/level
[15:34:39] [main/DEBUG] (oshi.util.FileUtil) Reading file /sys/devices/system/cpu/cpu6/cache/index1/level
[15:34:39] [main/DEBUG] (oshi.util.FileUtil) Reading file /sys/devices/system/cpu/cpu6/cache/index1/type
[15:34:39] [main/DEBUG] (oshi.util.FileUtil) Reading file /sys/devices/system/cpu/cpu6/cache/index1/type
[15:34:39] [main/DEBUG] (oshi.util.FileUtil) Reading file /sys/devices/system/cpu/cpu6/cache/index1/ways_of_associativity
[15:34:39] [main/DEBUG] (oshi.util.FileUtil) Reading file /sys/devices/system/cpu/cpu6/cache/index1/ways_of_associativity
[15:34:39] [main/DEBUG] (oshi.util.FileUtil) Reading file /sys/devices/system/cpu/cpu6/cache/index1/coherency_line_size
[15:34:39] [main/DEBUG] (oshi.util.FileUtil) Reading file /sys/devices/system/cpu/cpu6/cache/index1/coherency_line_size
[15:34:39] [main/DEBUG] (oshi.util.FileUtil) Reading file /sys/devices/system/cpu/cpu6/cache/index1/size
[15:34:39] [main/DEBUG] (oshi.util.FileUtil) Reading file /sys/devices/system/cpu/cpu6/cache/index1/size
[15:34:39] [main/DEBUG] (oshi.util.FileUtil) Reading file /sys/devices/system/cpu/cpu7/topology/core_id
[15:34:39] [main/DEBUG] (oshi.util.FileUtil) Reading file /sys/devices/system/cpu/cpu7/topology/core_id
[15:34:39] [main/DEBUG] (oshi.util.FileUtil) Reading file /sys/devices/system/cpu/cpu7/topology/physical_package_id
[15:34:39] [main/DEBUG] (oshi.util.FileUtil) Reading file /sys/devices/system/cpu/cpu7/topology/physical_package_id
[15:34:39] [main/DEBUG] (oshi.util.FileUtil) Reading file /sys/devices/system/cpu/cpu7/cpu_capacity
[15:34:39] [main/DEBUG] (oshi.util.FileUtil) Reading file /sys/devices/system/cpu/cpu7/cache/index2/level
[15:34:39] [main/DEBUG] (oshi.util.FileUtil) Reading file /sys/devices/system/cpu/cpu7/cache/index2/level
[15:34:39] [main/DEBUG] (oshi.util.FileUtil) Reading file /sys/devices/system/cpu/cpu7/cache/index2/type
[15:34:39] [main/DEBUG] (oshi.util.FileUtil) Reading file /sys/devices/system/cpu/cpu7/cache/index2/type
[15:34:39] [main/DEBUG] (oshi.util.FileUtil) Reading file /sys/devices/system/cpu/cpu7/cache/index2/ways_of_associativity
[15:34:39] [main/DEBUG] (oshi.util.FileUtil) Reading file /sys/devices/system/cpu/cpu7/cache/index2/ways_of_associativity
[15:34:39] [main/DEBUG] (oshi.util.FileUtil) Reading file /sys/devices/system/cpu/cpu7/cache/index2/coherency_line_size
[15:34:39] [main/DEBUG] (oshi.util.FileUtil) Reading file /sys/devices/system/cpu/cpu7/cache/index2/coherency_line_size
[15:34:39] [main/DEBUG] (oshi.util.FileUtil) Reading file /sys/devices/system/cpu/cpu7/cache/index2/size
[15:34:39] [main/DEBUG] (oshi.util.FileUtil) Reading file /sys/devices/system/cpu/cpu7/cache/index2/size
[15:34:39] [main/DEBUG] (oshi.util.FileUtil) Reading file /sys/devices/system/cpu/cpu7/cache/index0/level
[15:34:39] [main/DEBUG] (oshi.util.FileUtil) Reading file /sys/devices/system/cpu/cpu7/cache/index0/level
[15:34:39] [main/DEBUG] (oshi.util.FileUtil) Reading file /sys/devices/system/cpu/cpu7/cache/index0/type
[15:34:39] [main/DEBUG] (oshi.util.FileUtil) Reading file /sys/devices/system/cpu/cpu7/cache/index0/type
[15:34:39] [main/DEBUG] (oshi.util.FileUtil) Reading file /sys/devices/system/cpu/cpu7/cache/index0/ways_of_associativity
[15:34:39] [main/DEBUG] (oshi.util.FileUtil) Reading file /sys/devices/system/cpu/cpu7/cache/index0/ways_of_associativity
[15:34:39] [main/DEBUG] (oshi.util.FileUtil) Reading file /sys/devices/system/cpu/cpu7/cache/index0/coherency_line_size
[15:34:39] [main/DEBUG] (oshi.util.FileUtil) Reading file /sys/devices/system/cpu/cpu7/cache/index0/coherency_line_size
[15:34:39] [main/DEBUG] (oshi.util.FileUtil) Reading file /sys/devices/system/cpu/cpu7/cache/index0/size
[15:34:39] [main/DEBUG] (oshi.util.FileUtil) Reading file /sys/devices/system/cpu/cpu7/cache/index0/size
[15:34:39] [main/DEBUG] (oshi.util.FileUtil) Reading file /sys/devices/system/cpu/cpu7/cache/index3/level
[15:34:39] [main/DEBUG] (oshi.util.FileUtil) Reading file /sys/devices/system/cpu/cpu7/cache/index3/level
[15:34:39] [main/DEBUG] (oshi.util.FileUtil) Reading file /sys/devices/system/cpu/cpu7/cache/index3/type
[15:34:39] [main/DEBUG] (oshi.util.FileUtil) Reading file /sys/devices/system/cpu/cpu7/cache/index3/type
[15:34:39] [main/DEBUG] (oshi.util.FileUtil) Reading file /sys/devices/system/cpu/cpu7/cache/index3/ways_of_associativity
[15:34:39] [main/DEBUG] (oshi.util.FileUtil) Reading file /sys/devices/system/cpu/cpu7/cache/index3/ways_of_associativity
[15:34:39] [main/DEBUG] (oshi.util.FileUtil) Reading file /sys/devices/system/cpu/cpu7/cache/index3/coherency_line_size
[15:34:39] [main/DEBUG] (oshi.util.FileUtil) Reading file /sys/devices/system/cpu/cpu7/cache/index3/coherency_line_size
[15:34:39] [main/DEBUG] (oshi.util.FileUtil) Reading file /sys/devices/system/cpu/cpu7/cache/index3/size
[15:34:39] [main/DEBUG] (oshi.util.FileUtil) Reading file /sys/devices/system/cpu/cpu7/cache/index3/size
[15:34:39] [main/DEBUG] (oshi.util.FileUtil) Reading file /sys/devices/system/cpu/cpu7/cache/index1/level
[15:34:39] [main/DEBUG] (oshi.util.FileUtil) Reading file /sys/devices/system/cpu/cpu7/cache/index1/level
[15:34:39] [main/DEBUG] (oshi.util.FileUtil) Reading file /sys/devices/system/cpu/cpu7/cache/index1/type
[15:34:39] [main/DEBUG] (oshi.util.FileUtil) Reading file /sys/devices/system/cpu/cpu7/cache/index1/type
[15:34:39] [main/DEBUG] (oshi.util.FileUtil) Reading file /sys/devices/system/cpu/cpu7/cache/index1/ways_of_associativity
[15:34:39] [main/DEBUG] (oshi.util.FileUtil) Reading file /sys/devices/system/cpu/cpu7/cache/index1/ways_of_associativity
[15:34:39] [main/DEBUG] (oshi.util.FileUtil) Reading file /sys/devices/system/cpu/cpu7/cache/index1/coherency_line_size
[15:34:39] [main/DEBUG] (oshi.util.FileUtil) Reading file /sys/devices/system/cpu/cpu7/cache/index1/coherency_line_size
[15:34:39] [main/DEBUG] (oshi.util.FileUtil) Reading file /sys/devices/system/cpu/cpu7/cache/index1/size
[15:34:39] [main/DEBUG] (oshi.util.FileUtil) Reading file /sys/devices/system/cpu/cpu7/cache/index1/size
[15:34:39] [main/DEBUG] (oshi.util.FileUtil) Reading file /sys/devices/system/cpu/cpu8/topology/core_id
[15:34:39] [main/DEBUG] (oshi.util.FileUtil) Reading file /sys/devices/system/cpu/cpu8/topology/core_id
[15:34:39] [main/DEBUG] (oshi.util.FileUtil) Reading file /sys/devices/system/cpu/cpu8/topology/physical_package_id
[15:34:39] [main/DEBUG] (oshi.util.FileUtil) Reading file /sys/devices/system/cpu/cpu8/topology/physical_package_id
[15:34:39] [main/DEBUG] (oshi.util.FileUtil) Reading file /sys/devices/system/cpu/cpu8/cpu_capacity
[15:34:39] [main/DEBUG] (oshi.util.FileUtil) Reading file /sys/devices/system/cpu/cpu8/cache/index2/level
[15:34:39] [main/DEBUG] (oshi.util.FileUtil) Reading file /sys/devices/system/cpu/cpu8/cache/index2/level
[15:34:39] [main/DEBUG] (oshi.util.FileUtil) Reading file /sys/devices/system/cpu/cpu8/cache/index2/type
[15:34:39] [main/DEBUG] (oshi.util.FileUtil) Reading file /sys/devices/system/cpu/cpu8/cache/index2/type
[15:34:39] [main/DEBUG] (oshi.util.FileUtil) Reading file /sys/devices/system/cpu/cpu8/cache/index2/ways_of_associativity
[15:34:39] [main/DEBUG] (oshi.util.FileUtil) Reading file /sys/devices/system/cpu/cpu8/cache/index2/ways_of_associativity
[15:34:39] [main/DEBUG] (oshi.util.FileUtil) Reading file /sys/devices/system/cpu/cpu8/cache/index2/coherency_line_size
[15:34:39] [main/DEBUG] (oshi.util.FileUtil) Reading file /sys/devices/system/cpu/cpu8/cache/index2/coherency_line_size
[15:34:39] [main/DEBUG] (oshi.util.FileUtil) Reading file /sys/devices/system/cpu/cpu8/cache/index2/size
[15:34:39] [main/DEBUG] (oshi.util.FileUtil) Reading file /sys/devices/system/cpu/cpu8/cache/index2/size
[15:34:39] [main/DEBUG] (oshi.util.FileUtil) Reading file /sys/devices/system/cpu/cpu8/cache/index0/level
[15:34:39] [main/DEBUG] (oshi.util.FileUtil) Reading file /sys/devices/system/cpu/cpu8/cache/index0/level
[15:34:39] [main/DEBUG] (oshi.util.FileUtil) Reading file /sys/devices/system/cpu/cpu8/cache/index0/type
[15:34:39] [main/DEBUG] (oshi.util.FileUtil) Reading file /sys/devices/system/cpu/cpu8/cache/index0/type
[15:34:39] [main/DEBUG] (oshi.util.FileUtil) Reading file /sys/devices/system/cpu/cpu8/cache/index0/ways_of_associativity
[15:34:39] [main/DEBUG] (oshi.util.FileUtil) Reading file /sys/devices/system/cpu/cpu8/cache/index0/ways_of_associativity
[15:34:39] [main/DEBUG] (oshi.util.FileUtil) Reading file /sys/devices/system/cpu/cpu8/cache/index0/coherency_line_size
[15:34:39] [main/DEBUG] (oshi.util.FileUtil) Reading file /sys/devices/system/cpu/cpu8/cache/index0/coherency_line_size
[15:34:39] [main/DEBUG] (oshi.util.FileUtil) Reading file /sys/devices/system/cpu/cpu8/cache/index0/size
[15:34:39] [main/DEBUG] (oshi.util.FileUtil) Reading file /sys/devices/system/cpu/cpu8/cache/index0/size
[15:34:39] [main/DEBUG] (oshi.util.FileUtil) Reading file /sys/devices/system/cpu/cpu8/cache/index3/level
[15:34:39] [main/DEBUG] (oshi.util.FileUtil) Reading file /sys/devices/system/cpu/cpu8/cache/index3/level
[15:34:39] [main/DEBUG] (oshi.util.FileUtil) Reading file /sys/devices/system/cpu/cpu8/cache/index3/type
[15:34:39] [main/DEBUG] (oshi.util.FileUtil) Reading file /sys/devices/system/cpu/cpu8/cache/index3/type
[15:34:39] [main/DEBUG] (oshi.util.FileUtil) Reading file /sys/devices/system/cpu/cpu8/cache/index3/ways_of_associativity
[15:34:39] [main/DEBUG] (oshi.util.FileUtil) Reading file /sys/devices/system/cpu/cpu8/cache/index3/ways_of_associativity
[15:34:39] [main/DEBUG] (oshi.util.FileUtil) Reading file /sys/devices/system/cpu/cpu8/cache/index3/coherency_line_size
[15:34:39] [main/DEBUG] (oshi.util.FileUtil) Reading file /sys/devices/system/cpu/cpu8/cache/index3/coherency_line_size
[15:34:39] [main/DEBUG] (oshi.util.FileUtil) Reading file /sys/devices/system/cpu/cpu8/cache/index3/size
[15:34:39] [main/DEBUG] (oshi.util.FileUtil) Reading file /sys/devices/system/cpu/cpu8/cache/index3/size
[15:34:39] [main/DEBUG] (oshi.util.FileUtil) Reading file /sys/devices/system/cpu/cpu8/cache/index1/level
[15:34:39] [main/DEBUG] (oshi.util.FileUtil) Reading file /sys/devices/system/cpu/cpu8/cache/index1/level
[15:34:39] [main/DEBUG] (oshi.util.FileUtil) Reading file /sys/devices/system/cpu/cpu8/cache/index1/type
[15:34:39] [main/DEBUG] (oshi.util.FileUtil) Reading file /sys/devices/system/cpu/cpu8/cache/index1/type
[15:34:39] [main/DEBUG] (oshi.util.FileUtil) Reading file /sys/devices/system/cpu/cpu8/cache/index1/ways_of_associativity
[15:34:39] [main/DEBUG] (oshi.util.FileUtil) Reading file /sys/devices/system/cpu/cpu8/cache/index1/ways_of_associativity
[15:34:39] [main/DEBUG] (oshi.util.FileUtil) Reading file /sys/devices/system/cpu/cpu8/cache/index1/coherency_line_size
[15:34:39] [main/DEBUG] (oshi.util.FileUtil) Reading file /sys/devices/system/cpu/cpu8/cache/index1/coherency_line_size
[15:34:39] [main/DEBUG] (oshi.util.FileUtil) Reading file /sys/devices/system/cpu/cpu8/cache/index1/size
[15:34:39] [main/DEBUG] (oshi.util.FileUtil) Reading file /sys/devices/system/cpu/cpu8/cache/index1/size
[15:34:39] [main/DEBUG] (oshi.util.FileUtil) Reading file /sys/devices/system/cpu/cpu9/topology/core_id
[15:34:39] [main/DEBUG] (oshi.util.FileUtil) Reading file /sys/devices/system/cpu/cpu9/topology/core_id
[15:34:39] [main/DEBUG] (oshi.util.FileUtil) Reading file /sys/devices/system/cpu/cpu9/topology/physical_package_id
[15:34:39] [main/DEBUG] (oshi.util.FileUtil) Reading file /sys/devices/system/cpu/cpu9/topology/physical_package_id
[15:34:39] [main/DEBUG] (oshi.util.FileUtil) Reading file /sys/devices/system/cpu/cpu9/cpu_capacity
[15:34:39] [main/DEBUG] (oshi.util.FileUtil) Reading file /sys/devices/system/cpu/cpu9/cache/index2/level
[15:34:39] [main/DEBUG] (oshi.util.FileUtil) Reading file /sys/devices/system/cpu/cpu9/cache/index2/level
[15:34:39] [main/DEBUG] (oshi.util.FileUtil) Reading file /sys/devices/system/cpu/cpu9/cache/index2/type
[15:34:39] [main/DEBUG] (oshi.util.FileUtil) Reading file /sys/devices/system/cpu/cpu9/cache/index2/type
[15:34:39] [main/DEBUG] (oshi.util.FileUtil) Reading file /sys/devices/system/cpu/cpu9/cache/index2/ways_of_associativity
[15:34:39] [main/DEBUG] (oshi.util.FileUtil) Reading file /sys/devices/system/cpu/cpu9/cache/index2/ways_of_associativity
[15:34:39] [main/DEBUG] (oshi.util.FileUtil) Reading file /sys/devices/system/cpu/cpu9/cache/index2/coherency_line_size
[15:34:39] [main/DEBUG] (oshi.util.FileUtil) Reading file /sys/devices/system/cpu/cpu9/cache/index2/coherency_line_size
[15:34:39] [main/DEBUG] (oshi.util.FileUtil) Reading file /sys/devices/system/cpu/cpu9/cache/index2/size
[15:34:39] [main/DEBUG] (oshi.util.FileUtil) Reading file /sys/devices/system/cpu/cpu9/cache/index2/size
[15:34:39] [main/DEBUG] (oshi.util.FileUtil) Reading file /sys/devices/system/cpu/cpu9/cache/index0/level
[15:34:39] [main/DEBUG] (oshi.util.FileUtil) Reading file /sys/devices/system/cpu/cpu9/cache/index0/level
[15:34:39] [main/DEBUG] (oshi.util.FileUtil) Reading file /sys/devices/system/cpu/cpu9/cache/index0/type
[15:34:39] [main/DEBUG] (oshi.util.FileUtil) Reading file /sys/devices/system/cpu/cpu9/cache/index0/type
[15:34:39] [main/DEBUG] (oshi.util.FileUtil) Reading file /sys/devices/system/cpu/cpu9/cache/index0/ways_of_associativity
[15:34:39] [main/DEBUG] (oshi.util.FileUtil) Reading file /sys/devices/system/cpu/cpu9/cache/index0/ways_of_associativity
[15:34:39] [main/DEBUG] (oshi.util.FileUtil) Reading file /sys/devices/system/cpu/cpu9/cache/index0/coherency_line_size
[15:34:39] [main/DEBUG] (oshi.util.FileUtil) Reading file /sys/devices/system/cpu/cpu9/cache/index0/coherency_line_size
[15:34:39] [main/DEBUG] (oshi.util.FileUtil) Reading file /sys/devices/system/cpu/cpu9/cache/index0/size
[15:34:39] [main/DEBUG] (oshi.util.FileUtil) Reading file /sys/devices/system/cpu/cpu9/cache/index0/size
[15:34:39] [main/DEBUG] (oshi.util.FileUtil) Reading file /sys/devices/system/cpu/cpu9/cache/index3/level
[15:34:39] [main/DEBUG] (oshi.util.FileUtil) Reading file /sys/devices/system/cpu/cpu9/cache/index3/level
[15:34:39] [main/DEBUG] (oshi.util.FileUtil) Reading file /sys/devices/system/cpu/cpu9/cache/index3/type
[15:34:39] [main/DEBUG] (oshi.util.FileUtil) Reading file /sys/devices/system/cpu/cpu9/cache/index3/type
[15:34:39] [main/DEBUG] (oshi.util.FileUtil) Reading file /sys/devices/system/cpu/cpu9/cache/index3/ways_of_associativity
[15:34:39] [main/DEBUG] (oshi.util.FileUtil) Reading file /sys/devices/system/cpu/cpu9/cache/index3/ways_of_associativity
[15:34:39] [main/DEBUG] (oshi.util.FileUtil) Reading file /sys/devices/system/cpu/cpu9/cache/index3/coherency_line_size
[15:34:39] [main/DEBUG] (oshi.util.FileUtil) Reading file /sys/devices/system/cpu/cpu9/cache/index3/coherency_line_size
[15:34:39] [main/DEBUG] (oshi.util.FileUtil) Reading file /sys/devices/system/cpu/cpu9/cache/index3/size
[15:34:39] [main/DEBUG] (oshi.util.FileUtil) Reading file /sys/devices/system/cpu/cpu9/cache/index3/size
[15:34:39] [main/DEBUG] (oshi.util.FileUtil) Reading file /sys/devices/system/cpu/cpu9/cache/index1/level
[15:34:39] [main/DEBUG] (oshi.util.FileUtil) Reading file /sys/devices/system/cpu/cpu9/cache/index1/level
[15:34:39] [main/DEBUG] (oshi.util.FileUtil) Reading file /sys/devices/system/cpu/cpu9/cache/index1/type
[15:34:39] [main/DEBUG] (oshi.util.FileUtil) Reading file /sys/devices/system/cpu/cpu9/cache/index1/type
[15:34:39] [main/DEBUG] (oshi.util.FileUtil) Reading file /sys/devices/system/cpu/cpu9/cache/index1/ways_of_associativity
[15:34:39] [main/DEBUG] (oshi.util.FileUtil) Reading file /sys/devices/system/cpu/cpu9/cache/index1/ways_of_associativity
[15:34:39] [main/DEBUG] (oshi.util.FileUtil) Reading file /sys/devices/system/cpu/cpu9/cache/index1/coherency_line_size
[15:34:39] [main/DEBUG] (oshi.util.FileUtil) Reading file /sys/devices/system/cpu/cpu9/cache/index1/coherency_line_size
[15:34:39] [main/DEBUG] (oshi.util.FileUtil) Reading file /sys/devices/system/cpu/cpu9/cache/index1/size
[15:34:39] [main/DEBUG] (oshi.util.FileUtil) Reading file /sys/devices/system/cpu/cpu9/cache/index1/size
[15:34:39] [main/DEBUG] (oshi.util.FileUtil) Reading file /proc/cpuinfo
[15:34:39] [main/DEBUG] (oshi.util.FileUtil) Reading file /proc/cpuinfo
[15:34:39] [main/DEBUG] (oshi.util.FileUtil) Reading file /proc/self/auxv
[15:34:39] [main/DEBUG] (oshi.util.FileUtil) Reading file /proc/meminfo
[15:34:39] [main/DEBUG] (oshi.util.FileUtil) Reading file /proc/meminfo
[15:34:39] [pool-13-thread-1/INFO] (MixinExtras|Service) Initializing MixinExtras via com.llamalad7.mixinextras.service.MixinExtrasServiceImpl(version=0.5.0).
[15:34:39] [pool-13-thread-1/DEBUG] (mixin) Registering new injector for @SugarWrapper with com.llamalad7.mixinextras.sugar.impl.SugarWrapperInjectionInfo
[15:34:39] [pool-13-thread-1/DEBUG] (mixin) Registering new injector for @FactoryRedirectWrapper with com.llamalad7.mixinextras.wrapper.factory.FactoryRedirectWrapperInjectionInfo
[15:34:39] [pool-13-thread-1/DEBUG] (mixin) Registering new injector for @ExpressionInjectorWrapper with com.llamalad7.mixinextras.expression.impl.wrapper.ExpressionInjectorWrapperInjectionInfo
[15:34:39] [pool-13-thread-1/DEBUG] (mixin) Mixing MappedRegistryAccessor from neoforge.mixins.json into net.minecraft.registry.SimpleRegistry
[15:34:40] [Datafixer Bootstrap/INFO] (com.mojang.datafixers.DataFixerBuilder) 281 Datafixer optimizations took 222 milliseconds
[15:34:40] [pool-13-thread-1/DEBUG] (net.neoforged.accesstransformer.AccessTransformer) Transforming net.minecraft.item.ItemGroups FIELD BUILDING_BLOCKS PUBLIC LEAVE META-INF/accesstransformer.cfg:191 to access PUBLIC and LEAVE
[15:34:40] [pool-13-thread-1/DEBUG] (net.neoforged.accesstransformer.AccessTransformer) Transforming net.minecraft.item.ItemGroups FIELD COLORED_BLOCKS PUBLIC LEAVE META-INF/accesstransformer.cfg:201 to access PUBLIC and LEAVE
[15:34:40] [pool-13-thread-1/DEBUG] (net.neoforged.accesstransformer.AccessTransformer) Transforming net.minecraft.item.ItemGroups FIELD NATURAL PUBLIC LEAVE META-INF/accesstransformer.cfg:198 to access PUBLIC and LEAVE
[15:34:40] [pool-13-thread-1/DEBUG] (net.neoforged.accesstransformer.AccessTransformer) Transforming net.minecraft.item.ItemGroups FIELD FUNCTIONAL PUBLIC LEAVE META-INF/accesstransformer.cfg:196 to access PUBLIC and LEAVE
[15:34:40] [pool-13-thread-1/DEBUG] (net.neoforged.accesstransformer.AccessTransformer) Transforming net.minecraft.item.ItemGroups FIELD REDSTONE PUBLIC LEAVE META-INF/accesstransformer.cfg:193 to access PUBLIC and LEAVE
[15:34:40] [pool-13-thread-1/DEBUG] (net.neoforged.accesstransformer.AccessTransformer) Transforming net.minecraft.item.ItemGroups FIELD HOTBAR PUBLIC LEAVE META-INF/accesstransformer.cfg:202 to access PUBLIC and LEAVE
[15:34:40] [pool-13-thread-1/DEBUG] (net.neoforged.accesstransformer.AccessTransformer) Transforming net.minecraft.item.ItemGroups FIELD SEARCH PUBLIC LEAVE META-INF/accesstransformer.cfg:195 to access PUBLIC and LEAVE
[15:34:40] [pool-13-thread-1/DEBUG] (net.neoforged.accesstransformer.AccessTransformer) Transforming net.minecraft.item.ItemGroups FIELD TOOLS PUBLIC LEAVE META-INF/accesstransformer.cfg:203 to access PUBLIC and LEAVE
[15:34:40] [pool-13-thread-1/DEBUG] (net.neoforged.accesstransformer.AccessTransformer) Transforming net.minecraft.item.ItemGroups FIELD COMBAT PUBLIC LEAVE META-INF/accesstransformer.cfg:194 to access PUBLIC and LEAVE
[15:34:40] [pool-13-thread-1/DEBUG] (net.neoforged.accesstransformer.AccessTransformer) Transforming net.minecraft.item.ItemGroups FIELD FOOD_AND_DRINK PUBLIC LEAVE META-INF/accesstransformer.cfg:192 to access PUBLIC and LEAVE
[15:34:40] [pool-13-thread-1/DEBUG] (net.neoforged.accesstransformer.AccessTransformer) Transforming net.minecraft.item.ItemGroups FIELD INGREDIENTS PUBLIC LEAVE META-INF/accesstransformer.cfg:197 to access PUBLIC and LEAVE
[15:34:40] [pool-13-thread-1/DEBUG] (net.neoforged.accesstransformer.AccessTransformer) Transforming net.minecraft.item.ItemGroups FIELD SPAWN_EGGS PUBLIC LEAVE META-INF/accesstransformer.cfg:190 to access PUBLIC and LEAVE
[15:34:40] [pool-13-thread-1/DEBUG] (net.neoforged.accesstransformer.AccessTransformer) Transforming net.minecraft.item.ItemGroups FIELD OPERATOR PUBLIC LEAVE META-INF/accesstransformer.cfg:200 to access PUBLIC and LEAVE
[15:34:40] [pool-13-thread-1/DEBUG] (net.neoforged.accesstransformer.AccessTransformer) Transforming net.minecraft.item.ItemGroups FIELD INVENTORY PUBLIC LEAVE META-INF/accesstransformer.cfg:199 to access PUBLIC and LEAVE
[15:34:40] [pool-13-thread-1/DEBUG] (net.neoforged.accesstransformer.AccessTransformer) Transforming net.minecraft.item.ItemGroup INNERCLASS Entries PUBLIC LEAVE META-INF/accesstransformer.cfg:136 to access PUBLIC and LEAVE
[15:34:40] [pool-13-thread-1/DEBUG] (net.neoforged.accesstransformer.AccessTransformer) Transforming net.minecraft.item.ItemGroup INNERCLASS StackVisibility PUBLIC LEAVE META-INF/accesstransformer.cfg:54 to access PUBLIC and LEAVE
[15:34:40] [pool-13-thread-1/DEBUG] (net.neoforged.accesstransformer.AccessTransformer) Transforming net.minecraft.advancement.criterion.Criteria METHOD register(Ljava/lang/String;Lnet/minecraft/advancement/criterion/Criterion;)Lnet/minecraft/advancement/criterion/Criterion; PUBLIC LEAVE META-INF/accesstransformer.cfg:209 to access PUBLIC and LEAVE
[15:34:40] [pool-13-thread-1/DEBUG] (mixin) Mixing inject.MixinBlock from architectury-common.mixins.json into net.minecraft.block.Block
[15:34:40] [pool-13-thread-1/DEBUG] (net.neoforged.accesstransformer.AccessTransformer) Transforming net.minecraft.block.AbstractBlock FIELD settings PUBLIC LEAVE META-INF/accesstransformer.cfg:215 to access PUBLIC and LEAVE
[15:34:40] [pool-13-thread-1/DEBUG] (mixin) architectury-common.mixins.json:inject.MixinBlock from mod architectury: Class version 65 required is higher than the class version supported by the current version of Mixin (JAVA_16 supports class version 60)
[15:34:40] [pool-13-thread-1/DEBUG] (net.neoforged.accesstransformer.AccessTransformer) Transforming net.minecraft.block.AbstractBlock FIELD settings PUBLIC LEAVE META-INF/accesstransformer.cfg:215 to access PUBLIC and LEAVE
[15:34:40] [pool-13-thread-1/DEBUG] (net.neoforged.accesstransformer.AccessTransformer) Transforming net.minecraft.entity.Entity METHOD getSavedEntityId()Ljava/lang/String; PUBLIC LEAVE META-INF/accesstransformer.cfg:27 to access PUBLIC and LEAVE
[15:34:40] [pool-13-thread-1/DEBUG] (net.neoforged.accesstransformer.AccessTransformer) Transforming net.minecraft.entity.player.PlayerEntity METHOD closeHandledScreen()V PUBLIC LEAVE META-INF/accesstransformer.cfg:247 to access PUBLIC and LEAVE
[15:34:40] [pool-13-thread-1/DEBUG] (net.neoforged.accesstransformer.AccessTransformer) Transforming net.minecraft.block.AbstractBlock$Settings FIELD collidable PUBLIC REMOVEFINAL META-INF/accesstransformer.cfg:158 to access PUBLIC and REMOVEFINAL
[15:34:40] [pool-13-thread-1/DEBUG] (net.neoforged.accesstransformer.AccessTransformer) Transforming net.minecraft.block.AbstractBlock$Settings FIELD soundGroup PUBLIC REMOVEFINAL META-INF/accesstransformer.cfg:161 to access PUBLIC and REMOVEFINAL
[15:34:40] [pool-13-thread-1/DEBUG] (net.neoforged.accesstransformer.AccessTransformer) Transforming net.minecraft.block.AbstractBlock$Settings FIELD luminance PUBLIC REMOVEFINAL META-INF/accesstransformer.cfg:151 to access PUBLIC and REMOVEFINAL
[15:34:40] [pool-13-thread-1/DEBUG] (net.neoforged.accesstransformer.AccessTransformer) Transforming net.minecraft.block.AbstractBlock$Settings FIELD resistance PUBLIC REMOVEFINAL META-INF/accesstransformer.cfg:157 to access PUBLIC and REMOVEFINAL
[15:34:40] [pool-13-thread-1/DEBUG] (net.neoforged.accesstransformer.AccessTransformer) Transforming net.minecraft.block.AbstractBlock$Settings FIELD hardness PUBLIC REMOVEFINAL META-INF/accesstransformer.cfg:160 to access PUBLIC and REMOVEFINAL
[15:34:40] [pool-13-thread-1/DEBUG] (net.neoforged.accesstransformer.AccessTransformer) Transforming net.minecraft.block.AbstractBlock$Settings FIELD toolRequired PUBLIC REMOVEFINAL META-INF/accesstransformer.cfg:167 to access PUBLIC and REMOVEFINAL
[15:34:40] [pool-13-thread-1/DEBUG] (net.neoforged.accesstransformer.AccessTransformer) Transforming net.minecraft.block.AbstractBlock$Settings FIELD randomTicks PUBLIC REMOVEFINAL META-INF/accesstransformer.cfg:168 to access PUBLIC and REMOVEFINAL
[15:34:40] [pool-13-thread-1/DEBUG] (net.neoforged.accesstransformer.AccessTransformer) Transforming net.minecraft.block.AbstractBlock$Settings FIELD slipperiness PUBLIC REMOVEFINAL META-INF/accesstransformer.cfg:162 to access PUBLIC and REMOVEFINAL
[15:34:40] [pool-13-thread-1/DEBUG] (net.neoforged.accesstransformer.AccessTransformer) Transforming net.minecraft.block.AbstractBlock$Settings FIELD velocityMultiplier PUBLIC REMOVEFINAL META-INF/accesstransformer.cfg:166 to access PUBLIC and REMOVEFINAL
[15:34:40] [pool-13-thread-1/DEBUG] (net.neoforged.accesstransformer.AccessTransformer) Transforming net.minecraft.block.AbstractBlock$Settings FIELD jumpVelocityMultiplier PUBLIC REMOVEFINAL META-INF/accesstransformer.cfg:155 to access PUBLIC and REMOVEFINAL
[15:34:40] [pool-13-thread-1/DEBUG] (net.neoforged.accesstransformer.AccessTransformer) Transforming net.minecraft.block.AbstractBlock$Settings FIELD opaque PUBLIC REMOVEFINAL META-INF/accesstransformer.cfg:153 to access PUBLIC and REMOVEFINAL
[15:34:40] [pool-13-thread-1/DEBUG] (net.neoforged.accesstransformer.AccessTransformer) Transforming net.minecraft.block.AbstractBlock$Settings FIELD isAir PUBLIC REMOVEFINAL META-INF/accesstransformer.cfg:165 to access PUBLIC and REMOVEFINAL
[15:34:40] [pool-13-thread-1/DEBUG] (net.neoforged.accesstransformer.AccessTransformer) Transforming net.minecraft.block.AbstractBlock$Settings FIELD allowsSpawningPredicate PUBLIC REMOVEFINAL META-INF/accesstransformer.cfg:169 to access PUBLIC and REMOVEFINAL
[15:34:40] [pool-13-thread-1/DEBUG] (net.neoforged.accesstransformer.AccessTransformer) Transforming net.minecraft.block.AbstractBlock$Settings FIELD solidBlockPredicate PUBLIC REMOVEFINAL META-INF/accesstransformer.cfg:152 to access PUBLIC and REMOVEFINAL
[15:34:40] [pool-13-thread-1/DEBUG] (net.neoforged.accesstransformer.AccessTransformer) Transforming net.minecraft.block.AbstractBlock$Settings FIELD suffocationPredicate PUBLIC REMOVEFINAL META-INF/accesstransformer.cfg:164 to access PUBLIC and REMOVEFINAL
[15:34:40] [pool-13-thread-1/DEBUG] (net.neoforged.accesstransformer.AccessTransformer) Transforming net.minecraft.block.AbstractBlock$Settings FIELD blockVisionPredicate PUBLIC REMOVEFINAL META-INF/accesstransformer.cfg:163 to access PUBLIC and REMOVEFINAL
[15:34:40] [pool-13-thread-1/DEBUG] (net.neoforged.accesstransformer.AccessTransformer) Transforming net.minecraft.block.AbstractBlock$Settings FIELD postProcessPredicate PUBLIC REMOVEFINAL META-INF/accesstransformer.cfg:159 to access PUBLIC and REMOVEFINAL
[15:34:40] [pool-13-thread-1/DEBUG] (net.neoforged.accesstransformer.AccessTransformer) Transforming net.minecraft.block.AbstractBlock$Settings FIELD emissiveLightingPredicate PUBLIC REMOVEFINAL META-INF/accesstransformer.cfg:156 to access PUBLIC and REMOVEFINAL
[15:34:40] [pool-13-thread-1/DEBUG] (net.neoforged.accesstransformer.AccessTransformer) Transforming net.minecraft.block.AbstractBlock$Settings FIELD dynamicBounds PUBLIC REMOVEFINAL META-INF/accesstransformer.cfg:154 to access PUBLIC and REMOVEFINAL
[15:34:40] [pool-13-thread-1/DEBUG] (net.neoforged.accesstransformer.AccessTransformer) Transforming net.minecraft.block.AbstractBlock$Settings METHOD <init>()V PUBLIC LEAVE META-INF/accesstransformer.cfg:170 to access PUBLIC and LEAVE
[15:34:40] [pool-13-thread-1/DEBUG] (net.neoforged.accesstransformer.AccessTransformer) Transforming net.minecraft.block.TransparentBlock METHOD <init>(Lnet/minecraft/block/AbstractBlock$Settings;)V PUBLIC LEAVE META-INF/accesstransformer.cfg:246 to access PUBLIC and LEAVE
[15:34:40] [pool-13-thread-1/DEBUG] (net.neoforged.accesstransformer.AccessTransformer) Transforming net.minecraft.block.TranslucentBlock METHOD <init>(Lnet/minecraft/block/AbstractBlock$Settings;)V PUBLIC LEAVE META-INF/accesstransformer.cfg:180 to access PUBLIC and LEAVE
[15:34:40] [pool-13-thread-1/DEBUG] (net.neoforged.accesstransformer.AccessTransformer) Transforming net.minecraft.block.StairsBlock METHOD <init>(Lnet/minecraft/block/BlockState;Lnet/minecraft/block/AbstractBlock$Settings;)V PUBLIC LEAVE META-INF/accesstransformer.cfg:143 to access PUBLIC and LEAVE
[15:34:40] [pool-13-thread-1/DEBUG] (net.neoforged.accesstransformer.AccessTransformer) Transforming net.minecraft.block.OxidizableLightningRodBlock METHOD <init>(Lnet/minecraft/block/Oxidizable$OxidationLevel;Lnet/minecraft/block/AbstractBlock$Settings;)V PUBLIC LEAVE META-INF/accesstransformer.cfg:93 to access PUBLIC and LEAVE
[15:34:40] [pool-13-thread-1/DEBUG] (net.neoforged.accesstransformer.AccessTransformer) Transforming net.minecraft.block.ChestBlock METHOD <init>(Ljava/util/function/Supplier;Lnet/minecraft/sound/SoundEvent;Lnet/minecraft/sound/SoundEvent;Lnet/minecraft/block/AbstractBlock$Settings;)V PUBLIC LEAVE META-INF/accesstransformer.cfg:1 to access PUBLIC and LEAVE
[15:34:40] [pool-13-thread-1/DEBUG] (net.neoforged.accesstransformer.AccessTransformer) Transforming net.minecraft.block.OxidizableGrateBlock METHOD <init>(Lnet/minecraft/block/Oxidizable$OxidationLevel;Lnet/minecraft/block/AbstractBlock$Settings;)V PUBLIC LEAVE META-INF/accesstransformer.cfg:144 to access PUBLIC and LEAVE
[15:34:40] [pool-13-thread-1/DEBUG] (net.neoforged.accesstransformer.AccessTransformer) Transforming net.minecraft.block.GrateBlock METHOD <init>(Lnet/minecraft/block/AbstractBlock$Settings;)V PUBLIC LEAVE META-INF/accesstransformer.cfg:250 to access PUBLIC and LEAVE
[15:34:40] [pool-13-thread-1/DEBUG] (net.neoforged.accesstransformer.AccessTransformer) Transforming net.minecraft.block.TrapdoorBlock METHOD <init>(Lnet/minecraft/block/BlockSetType;Lnet/minecraft/block/AbstractBlock$Settings;)V PUBLIC LEAVE META-INF/accesstransformer.cfg:24 to access PUBLIC and LEAVE
[15:34:40] [pool-13-thread-1/DEBUG] (net.neoforged.accesstransformer.AccessTransformer) Transforming net.minecraft.block.OxidizableTrapdoorBlock METHOD <init>(Lnet/minecraft/block/BlockSetType;Lnet/minecraft/block/Oxidizable$OxidationLevel;Lnet/minecraft/block/AbstractBlock$Settings;)V PUBLIC LEAVE META-INF/accesstransformer.cfg:141 to access PUBLIC and LEAVE
[15:34:40] [pool-13-thread-1/DEBUG] (net.neoforged.accesstransformer.AccessTransformer) Transforming net.minecraft.block.DoorBlock METHOD <init>(Lnet/minecraft/block/BlockSetType;Lnet/minecraft/block/AbstractBlock$Settings;)V PUBLIC LEAVE META-INF/accesstransformer.cfg:171 to access PUBLIC and LEAVE
[15:34:40] [pool-13-thread-1/DEBUG] (net.neoforged.accesstransformer.AccessTransformer) Transforming net.minecraft.block.OxidizableDoorBlock METHOD <init>(Lnet/minecraft/block/BlockSetType;Lnet/minecraft/block/Oxidizable$OxidationLevel;Lnet/minecraft/block/AbstractBlock$Settings;)V PUBLIC LEAVE META-INF/accesstransformer.cfg:79 to access PUBLIC and LEAVE
[15:34:40] [pool-13-thread-1/DEBUG] (net.neoforged.accesstransformer.AccessTransformer) Transforming net.minecraft.block.CandleCakeBlock METHOD <init>(Lnet/minecraft/block/Block;Lnet/minecraft/block/AbstractBlock$Settings;)V PUBLIC LEAVE META-INF/accesstransformer.cfg:172 to access PUBLIC and LEAVE
[15:34:40] [pool-13-thread-1/DEBUG] (net.neoforged.accesstransformer.AccessTransformer) Transforming net.minecraft.block.ButtonBlock METHOD <init>(Lnet/minecraft/block/BlockSetType;ILnet/minecraft/block/AbstractBlock$Settings;)V PUBLIC LEAVE META-INF/accesstransformer.cfg:70 to access PUBLIC and LEAVE
[15:34:40] [pool-13-thread-1/DEBUG] (net.neoforged.accesstransformer.AccessTransformer) Transforming net.minecraft.block.PressurePlateBlock METHOD <init>(Lnet/minecraft/block/BlockSetType;Lnet/minecraft/block/AbstractBlock$Settings;)V PUBLIC LEAVE META-INF/accesstransformer.cfg:185 to access PUBLIC and LEAVE
[15:34:40] [pool-13-thread-1/DEBUG] (net.neoforged.accesstransformer.AccessTransformer) Transforming net.minecraft.block.FungusBlock METHOD <init>(Lnet/minecraft/registry/RegistryKey;Lnet/minecraft/block/Block;Lnet/minecraft/block/AbstractBlock$Settings;)V PUBLIC LEAVE META-INF/accesstransformer.cfg:261 to access PUBLIC and LEAVE
[15:34:40] [pool-13-thread-1/DEBUG] (net.neoforged.accesstransformer.AccessTransformer) Transforming net.minecraft.block.CoralWallFanBlock METHOD <init>(Lnet/minecraft/block/Block;Lnet/minecraft/block/AbstractBlock$Settings;)V PUBLIC LEAVE META-INF/accesstransformer.cfg:249 to access PUBLIC and LEAVE
[15:34:40] [pool-13-thread-1/DEBUG] (net.neoforged.accesstransformer.AccessTransformer) Transforming net.minecraft.block.DeadCoralWallFanBlock METHOD <init>(Lnet/minecraft/block/AbstractBlock$Settings;)V PUBLIC LEAVE META-INF/accesstransformer.cfg:69 to access PUBLIC and LEAVE
[15:34:40] [pool-13-thread-1/DEBUG] (net.neoforged.accesstransformer.AccessTransformer) Transforming net.minecraft.block.DeadCoralFanBlock METHOD <init>(Lnet/minecraft/block/AbstractBlock$Settings;)V PUBLIC LEAVE META-INF/accesstransformer.cfg:120 to access PUBLIC and LEAVE
[15:34:40] [pool-13-thread-1/DEBUG] (net.neoforged.accesstransformer.AccessTransformer) Transforming net.minecraft.block.CoralFanBlock METHOD <init>(Lnet/minecraft/block/Block;Lnet/minecraft/block/AbstractBlock$Settings;)V PUBLIC LEAVE META-INF/accesstransformer.cfg:73 to access PUBLIC and LEAVE
[15:34:40] [pool-13-thread-1/DEBUG] (net.neoforged.accesstransformer.AccessTransformer) Transforming net.minecraft.block.CoralBlock METHOD <init>(Lnet/minecraft/block/Block;Lnet/minecraft/block/AbstractBlock$Settings;)V PUBLIC LEAVE META-INF/accesstransformer.cfg:186 to access PUBLIC and LEAVE
[15:34:40] [pool-13-thread-1/DEBUG] (net.neoforged.accesstransformer.AccessTransformer) Transforming net.minecraft.block.ChorusFlowerBlock METHOD <init>(Lnet/minecraft/block/Block;Lnet/minecraft/block/AbstractBlock$Settings;)V PUBLIC LEAVE META-INF/accesstransformer.cfg:259 to access PUBLIC and LEAVE
[15:34:40] [pool-13-thread-1/DEBUG] (net.neoforged.accesstransformer.AccessTransformer) Transforming net.minecraft.block.DyedCarpetBlock METHOD <init>(Lnet/minecraft/util/DyeColor;Lnet/minecraft/block/AbstractBlock$Settings;)V PUBLIC LEAVE META-INF/accesstransformer.cfg:145 to access PUBLIC and LEAVE
[15:34:40] [pool-13-thread-1/DEBUG] (net.neoforged.accesstransformer.AccessTransformer) Transforming net.minecraft.block.PaneBlock METHOD <init>(Lnet/minecraft/block/AbstractBlock$Settings;)V PUBLIC LEAVE META-INF/accesstransformer.cfg:245 to access PUBLIC and LEAVE
[15:34:40] [pool-13-thread-1/DEBUG] (net.neoforged.accesstransformer.AccessTransformer) Transforming net.minecraft.block.WeightedPressurePlateBlock METHOD <init>(ILnet/minecraft/block/BlockSetType;Lnet/minecraft/block/AbstractBlock$Settings;)V PUBLIC LEAVE META-INF/accesstransformer.cfg:126 to access PUBLIC and LEAVE
[15:34:40] [pool-13-thread-1/DEBUG] (net.neoforged.accesstransformer.AccessTransformer) Transforming net.minecraft.block.SkullBlock METHOD <init>(Lnet/minecraft/block/SkullBlock$SkullType;Lnet/minecraft/block/AbstractBlock$Settings;)V PUBLIC LEAVE META-INF/accesstransformer.cfg:189 to access PUBLIC and LEAVE
[15:34:40] [pool-13-thread-1/DEBUG] (net.neoforged.accesstransformer.AccessTransformer) Transforming net.minecraft.block.WallSkullBlock METHOD <init>(Lnet/minecraft/block/SkullBlock$SkullType;Lnet/minecraft/block/AbstractBlock$Settings;)V PUBLIC LEAVE META-INF/accesstransformer.cfg:83 to access PUBLIC and LEAVE
[15:34:40] [pool-13-thread-1/DEBUG] (net.neoforged.accesstransformer.AccessTransformer) Transforming net.minecraft.block.StemBlock METHOD <init>(Lnet/minecraft/registry/RegistryKey;Lnet/minecraft/registry/RegistryKey;Lnet/minecraft/registry/RegistryKey;Lnet/minecraft/block/AbstractBlock$Settings;)V PUBLIC LEAVE META-INF/accesstransformer.cfg:187 to access PUBLIC and LEAVE
[15:34:40] [pool-13-thread-1/DEBUG] (net.neoforged.accesstransformer.AccessTransformer) Transforming net.minecraft.block.AttachedStemBlock METHOD <init>(Lnet/minecraft/registry/RegistryKey;Lnet/minecraft/registry/RegistryKey;Lnet/minecraft/registry/RegistryKey;Lnet/minecraft/block/AbstractBlock$Settings;)V PUBLIC LEAVE META-INF/accesstransformer.cfg:138 to access PUBLIC and LEAVE
[15:34:40] [pool-13-thread-1/DEBUG] (net.neoforged.accesstransformer.AccessTransformer) Transforming net.minecraft.block.WallTorchBlock METHOD <init>(Lnet/minecraft/particle/SimpleParticleType;Lnet/minecraft/block/AbstractBlock$Settings;)V PUBLIC LEAVE META-INF/accesstransformer.cfg:257 to access PUBLIC and LEAVE
[15:34:40] [pool-13-thread-1/DEBUG] (net.neoforged.accesstransformer.AccessTransformer) Transforming net.minecraft.block.TorchBlock METHOD <init>(Lnet/minecraft/particle/SimpleParticleType;Lnet/minecraft/block/AbstractBlock$Settings;)V PUBLIC LEAVE META-INF/accesstransformer.cfg:205 to access PUBLIC and LEAVE
[15:34:40] [pool-13-thread-1/DEBUG] (net.neoforged.accesstransformer.AccessTransformer) Transforming net.minecraft.block.PoweredRailBlock METHOD <init>(Lnet/minecraft/block/AbstractBlock$Settings;)V PUBLIC LEAVE META-INF/accesstransformer.cfg:82 to access PUBLIC and LEAVE
[15:34:40] [pool-13-thread-1/DEBUG] (net.neoforged.accesstransformer.AccessTransformer) Transforming net.minecraft.block.FluidBlock METHOD <init>(Lnet/minecraft/fluid/FlowableFluid;Lnet/minecraft/block/AbstractBlock$Settings;)V PUBLIC LEAVE META-INF/accesstransformer.cfg:248 to access PUBLIC and LEAVE
[15:34:40] [pool-13-thread-1/DEBUG] (mixin) Mixing neoforge.LiquidBlockAccessor from architectury.mixins.json into net.minecraft.block.FluidBlock
[15:34:40] [pool-13-thread-1/DEBUG] (mixin) architectury.mixins.json:neoforge.LiquidBlockAccessor from mod architectury: Class version 65 required is higher than the class version supported by the current version of Mixin (JAVA_16 supports class version 60)
[15:34:40] [pool-13-thread-1/DEBUG] (mixin) Mixing inject.MixinLiquidBlock from architectury-common.mixins.json into net.minecraft.block.FluidBlock
[15:34:40] [pool-13-thread-1/DEBUG] (mixin) architectury-common.mixins.json:inject.MixinLiquidBlock from mod architectury: Class version 65 required is higher than the class version supported by the current version of Mixin (JAVA_16 supports class version 60)
[15:34:40] [pool-13-thread-1/DEBUG] (net.neoforged.accesstransformer.AccessTransformer) Transforming net.minecraft.block.SaplingBlock METHOD <init>(Lnet/minecraft/block/SaplingGenerator;Lnet/minecraft/block/AbstractBlock$Settings;)V PUBLIC LEAVE META-INF/accesstransformer.cfg:121 to access PUBLIC and LEAVE
[15:34:40] [pool-13-thread-1/DEBUG] (mixin) Mixing inject.MixinEntityType from architectury-common.mixins.json into net.minecraft.entity.EntityType
[15:34:40] [pool-13-thread-1/DEBUG] (mixin) architectury-common.mixins.json:inject.MixinEntityType from mod architectury: Class version 65 required is higher than the class version supported by the current version of Mixin (JAVA_16 supports class version 60)
[15:34:40] [pool-13-thread-1/DEBUG] (mixin) Mixing inject.MixinFluid from architectury-common.mixins.json into net.minecraft.fluid.Fluid
[15:34:40] [pool-13-thread-1/DEBUG] (mixin) architectury-common.mixins.json:inject.MixinFluid from mod architectury: Class version 65 required is higher than the class version supported by the current version of Mixin (JAVA_16 supports class version 60)
[15:34:40] [pool-13-thread-1/DEBUG] (net.neoforged.accesstransformer.AccessTransformer) Transforming net.minecraft.block.SnowyBlock METHOD <init>(Lnet/minecraft/block/AbstractBlock$Settings;)V PUBLIC LEAVE META-INF/accesstransformer.cfg:135 to access PUBLIC and LEAVE
[15:34:40] [pool-13-thread-1/DEBUG] (mixin) Mixing MixinFallingBlockEntity from architectury.mixins.json into net.minecraft.entity.FallingBlockEntity
[15:34:40] [pool-13-thread-1/DEBUG] (mixin) architectury.mixins.json:MixinFallingBlockEntity from mod architectury: Class version 65 required is higher than the class version supported by the current version of Mixin (JAVA_16 supports class version 60)
[15:34:40] [pool-13-thread-1/DEBUG] (mixin) architectury.mixins.json:MixinFallingBlockEntity from mod architectury->@Inject::handleLand(Lorg/spongepowered/asm/mixin/injection/callback/CallbackInfo;)V doesn't use it's CallbackInfo
[15:34:40] [pool-13-thread-1/DEBUG] (mixin) architectury.mixins.json:MixinFallingBlockEntity from mod architectury->@Inject::handleLand(Lorg/spongepowered/asm/mixin/injection/callback/CallbackInfo;)V has 0 override(s) in child classes
[15:34:40] [pool-13-thread-1/DEBUG] (mixin) architectury.mixins.json:MixinFallingBlockEntity from mod architectury->@Inject::handleLand(Lorg/spongepowered/asm/mixin/injection/callback/CallbackInfo;)V won't be passed a CallbackInfo as a result
[15:34:40] [pool-13-thread-1/DEBUG] (net.neoforged.accesstransformer.AccessTransformer) Transforming net.minecraft.block.MangroveRootsBlock METHOD <init>(Lnet/minecraft/block/AbstractBlock$Settings;)V PUBLIC LEAVE META-INF/accesstransformer.cfg:254 to access PUBLIC and LEAVE
[15:34:40] [pool-13-thread-1/DEBUG] (net.neoforged.accesstransformer.AccessTransformer) Transforming net.minecraft.block.SpongeBlock METHOD <init>(Lnet/minecraft/block/AbstractBlock$Settings;)V PUBLIC LEAVE META-INF/accesstransformer.cfg:179 to access PUBLIC and LEAVE
[15:34:40] [pool-13-thread-1/DEBUG] (net.neoforged.accesstransformer.AccessTransformer) Transforming net.minecraft.block.WetSpongeBlock METHOD <init>(Lnet/minecraft/block/AbstractBlock$Settings;)V PUBLIC LEAVE META-INF/accesstransformer.cfg:128 to access PUBLIC and LEAVE
[15:34:40] [pool-13-thread-1/DEBUG] (net.neoforged.accesstransformer.AccessTransformer) Transforming net.minecraft.block.DispenserBlock METHOD <init>(Lnet/minecraft/block/AbstractBlock$Settings;)V PUBLIC LEAVE META-INF/accesstransformer.cfg:211 to access PUBLIC and LEAVE
[15:34:40] [pool-13-thread-1/DEBUG] (net.neoforged.accesstransformer.AccessTransformer) Transforming net.minecraft.block.ShortPlantBlock METHOD <init>(Lnet/minecraft/block/AbstractBlock$Settings;)V PUBLIC LEAVE META-INF/accesstransformer.cfg:26 to access PUBLIC and LEAVE
[15:34:40] [pool-13-thread-1/DEBUG] (net.neoforged.accesstransformer.AccessTransformer) Transforming net.minecraft.block.DryVegetationBlock METHOD <init>(Lnet/minecraft/block/AbstractBlock$Settings;)V PUBLIC LEAVE META-INF/accesstransformer.cfg:183 to access PUBLIC and LEAVE
[15:34:40] [pool-13-thread-1/DEBUG] (net.neoforged.accesstransformer.AccessTransformer) Transforming net.minecraft.block.BushBlock METHOD <init>(Lnet/minecraft/block/AbstractBlock$Settings;)V PUBLIC LEAVE META-INF/accesstransformer.cfg:213 to access PUBLIC and LEAVE
[15:34:40] [pool-13-thread-1/DEBUG] (net.neoforged.accesstransformer.AccessTransformer) Transforming net.minecraft.block.ShortDryGrassBlock METHOD <init>(Lnet/minecraft/block/AbstractBlock$Settings;)V PUBLIC LEAVE META-INF/accesstransformer.cfg:260 to access PUBLIC and LEAVE
[15:34:40] [pool-13-thread-1/DEBUG] (net.neoforged.accesstransformer.AccessTransformer) Transforming net.minecraft.block.TallDryGrassBlock METHOD <init>(Lnet/minecraft/block/AbstractBlock$Settings;)V PUBLIC LEAVE META-INF/accesstransformer.cfg:53 to access PUBLIC and LEAVE
[15:34:40] [pool-13-thread-1/DEBUG] (net.neoforged.accesstransformer.AccessTransformer) Transforming net.minecraft.block.SeagrassBlock METHOD <init>(Lnet/minecraft/block/AbstractBlock$Settings;)V PUBLIC LEAVE META-INF/accesstransformer.cfg:175 to access PUBLIC and LEAVE
[15:34:40] [pool-13-thread-1/DEBUG] (net.neoforged.accesstransformer.AccessTransformer) Transforming net.minecraft.block.SpawnerBlock METHOD <init>(Lnet/minecraft/block/AbstractBlock$Settings;)V PUBLIC LEAVE META-INF/accesstransformer.cfg:150 to access PUBLIC and LEAVE
[15:34:40] [pool-13-thread-1/DEBUG] (net.neoforged.accesstransformer.AccessTransformer) Transforming net.minecraft.block.CreakingHeartBlock METHOD <init>(Lnet/minecraft/block/AbstractBlock$Settings;)V PUBLIC LEAVE META-INF/accesstransformer.cfg:148 to access PUBLIC and LEAVE
[15:34:40] [pool-13-thread-1/DEBUG] (net.neoforged.accesstransformer.AccessTransformer) Transforming net.minecraft.block.entity.BlockEntityType INNERCLASS BlockEntityFactory PUBLIC LEAVE META-INF/accesstransformer.cfg:85 to access PUBLIC and LEAVE
[15:34:40] [pool-13-thread-1/DEBUG] (mixin) Mixing BlockEntityTypeAccessor from neoforge.mixins.json into net.minecraft.block.entity.BlockEntityType
[15:34:40] [pool-13-thread-1/DEBUG] (net.neoforged.accesstransformer.AccessTransformer) Transforming net.minecraft.block.CraftingTableBlock METHOD <init>(Lnet/minecraft/block/AbstractBlock$Settings;)V PUBLIC LEAVE META-INF/accesstransformer.cfg:88 to access PUBLIC and LEAVE
[15:34:40] [pool-13-thread-1/DEBUG] (net.neoforged.accesstransformer.AccessTransformer) Transforming net.minecraft.block.CropBlock METHOD <init>(Lnet/minecraft/block/AbstractBlock$Settings;)V PUBLIC LEAVE META-INF/accesstransformer.cfg:22 to access PUBLIC and LEAVE
[15:34:40] [pool-13-thread-1/DEBUG] (net.neoforged.accesstransformer.AccessTransformer) Transforming net.minecraft.block.FarmlandBlock METHOD <init>(Lnet/minecraft/block/AbstractBlock$Settings;)V PUBLIC LEAVE META-INF/accesstransformer.cfg:182 to access PUBLIC and LEAVE
[15:34:40] [pool-13-thread-1/DEBUG] (net.neoforged.accesstransformer.AccessTransformer) Transforming net.minecraft.block.FurnaceBlock METHOD <init>(Lnet/minecraft/block/AbstractBlock$Settings;)V PUBLIC LEAVE META-INF/accesstransformer.cfg:140 to access PUBLIC and LEAVE
[15:34:40] [pool-13-thread-1/DEBUG] (net.neoforged.accesstransformer.AccessTransformer) Transforming net.minecraft.block.LadderBlock METHOD <init>(Lnet/minecraft/block/AbstractBlock$Settings;)V PUBLIC LEAVE META-INF/accesstransformer.cfg:217 to access PUBLIC and LEAVE
[15:34:40] [pool-13-thread-1/DEBUG] (net.neoforged.accesstransformer.AccessTransformer) Transforming net.minecraft.block.RailBlock METHOD <init>(Lnet/minecraft/block/AbstractBlock$Settings;)V PUBLIC LEAVE META-INF/accesstransformer.cfg:252 to access PUBLIC and LEAVE
[15:34:40] [pool-13-thread-1/DEBUG] (net.neoforged.accesstransformer.AccessTransformer) Transforming net.minecraft.block.LeverBlock METHOD <init>(Lnet/minecraft/block/AbstractBlock$Settings;)V PUBLIC LEAVE META-INF/accesstransformer.cfg:184 to access PUBLIC and LEAVE
[15:34:40] [pool-13-thread-1/DEBUG] (net.neoforged.accesstransformer.AccessTransformer) Transforming net.minecraft.block.RedstoneTorchBlock METHOD <init>(Lnet/minecraft/block/AbstractBlock$Settings;)V PUBLIC LEAVE META-INF/accesstransformer.cfg:72 to access PUBLIC and LEAVE
[15:34:40] [pool-13-thread-1/DEBUG] (net.neoforged.accesstransformer.AccessTransformer) Transforming net.minecraft.block.WallRedstoneTorchBlock METHOD <init>(Lnet/minecraft/block/AbstractBlock$Settings;)V PUBLIC LEAVE META-INF/accesstransformer.cfg:214 to access PUBLIC and LEAVE
[15:34:40] [pool-13-thread-1/DEBUG] (net.neoforged.accesstransformer.AccessTransformer) Transforming net.minecraft.block.SnowBlock METHOD <init>(Lnet/minecraft/block/AbstractBlock$Settings;)V PUBLIC LEAVE META-INF/accesstransformer.cfg:139 to access PUBLIC and LEAVE
[15:34:40] [pool-13-thread-1/DEBUG] (net.neoforged.accesstransformer.AccessTransformer) Transforming net.minecraft.block.CactusBlock METHOD <init>(Lnet/minecraft/block/AbstractBlock$Settings;)V PUBLIC LEAVE META-INF/accesstransformer.cfg:87 to access PUBLIC and LEAVE
[15:34:40] [pool-13-thread-1/DEBUG] (net.neoforged.accesstransformer.AccessTransformer) Transforming net.minecraft.block.SugarCaneBlock METHOD <init>(Lnet/minecraft/block/AbstractBlock$Settings;)V PUBLIC LEAVE META-INF/accesstransformer.cfg:31 to access PUBLIC and LEAVE
[15:34:40] [pool-13-thread-1/DEBUG] (net.neoforged.accesstransformer.AccessTransformer) Transforming net.minecraft.block.JukeboxBlock METHOD <init>(Lnet/minecraft/block/AbstractBlock$Settings;)V PUBLIC LEAVE META-INF/accesstransformer.cfg:76 to access PUBLIC and LEAVE
[15:34:40] [pool-13-thread-1/DEBUG] (net.neoforged.accesstransformer.AccessTransformer) Transforming net.minecraft.block.CarvedPumpkinBlock METHOD <init>(Lnet/minecraft/block/AbstractBlock$Settings;)V PUBLIC LEAVE META-INF/accesstransformer.cfg:206 to access PUBLIC and LEAVE
[15:34:40] [pool-13-thread-1/DEBUG] (net.neoforged.accesstransformer.AccessTransformer) Transforming net.minecraft.block.CakeBlock METHOD <init>(Lnet/minecraft/block/AbstractBlock$Settings;)V PUBLIC LEAVE META-INF/accesstransformer.cfg:178 to access PUBLIC and LEAVE
[15:34:40] [pool-13-thread-1/DEBUG] (net.neoforged.accesstransformer.AccessTransformer) Transforming net.minecraft.block.RepeaterBlock METHOD <init>(Lnet/minecraft/block/AbstractBlock$Settings;)V PUBLIC LEAVE META-INF/accesstransformer.cfg:94 to access PUBLIC and LEAVE
[15:34:40] [pool-13-thread-1/DEBUG] (net.neoforged.accesstransformer.AccessTransformer) Transforming net.minecraft.block.OxidizablePaneBlock METHOD <init>(Lnet/minecraft/block/Oxidizable$OxidationLevel;Lnet/minecraft/block/AbstractBlock$Settings;)V PUBLIC LEAVE META-INF/accesstransformer.cfg:16 to access PUBLIC and LEAVE
[15:34:40] [pool-13-thread-1/DEBUG] (net.neoforged.accesstransformer.AccessTransformer) Transforming net.minecraft.block.OxidizableChainBlock METHOD <init>(Lnet/minecraft/block/Oxidizable$OxidationLevel;Lnet/minecraft/block/AbstractBlock$Settings;)V PUBLIC LEAVE META-INF/accesstransformer.cfg:15 to access PUBLIC and LEAVE
[15:34:40] [pool-13-thread-1/DEBUG] (net.neoforged.accesstransformer.AccessTransformer) Transforming net.minecraft.block.PumpkinBlock METHOD <init>(Lnet/minecraft/block/AbstractBlock$Settings;)V PUBLIC LEAVE META-INF/accesstransformer.cfg:258 to access PUBLIC and LEAVE
[15:34:40] [pool-13-thread-1/DEBUG] (net.neoforged.accesstransformer.AccessTransformer) Transforming net.minecraft.block.LilyPadBlock METHOD <init>(Lnet/minecraft/block/AbstractBlock$Settings;)V PUBLIC LEAVE META-INF/accesstransformer.cfg:210 to access PUBLIC and LEAVE
[15:34:40] [pool-13-thread-1/DEBUG] (net.neoforged.accesstransformer.AccessTransformer) Transforming net.minecraft.block.NetherWartBlock METHOD <init>(Lnet/minecraft/block/AbstractBlock$Settings;)V PUBLIC LEAVE META-INF/accesstransformer.cfg:78 to access PUBLIC and LEAVE
[15:34:40] [pool-13-thread-1/DEBUG] (net.neoforged.accesstransformer.AccessTransformer) Transforming net.minecraft.block.EnchantingTableBlock METHOD <init>(Lnet/minecraft/block/AbstractBlock$Settings;)V PUBLIC LEAVE META-INF/accesstransformer.cfg:216 to access PUBLIC and LEAVE
[15:34:40] [pool-13-thread-1/DEBUG] (net.neoforged.accesstransformer.AccessTransformer) Transforming net.minecraft.block.EndPortalBlock METHOD <init>(Lnet/minecraft/block/AbstractBlock$Settings;)V PUBLIC LEAVE META-INF/accesstransformer.cfg:255 to access PUBLIC and LEAVE
[15:34:40] [pool-13-thread-1/DEBUG] (net.neoforged.accesstransformer.AccessTransformer) Transforming net.minecraft.block.EnderChestBlock METHOD <init>(Lnet/minecraft/block/AbstractBlock$Settings;)V PUBLIC LEAVE META-INF/accesstransformer.cfg:124 to access PUBLIC and LEAVE
[15:34:40] [pool-13-thread-1/DEBUG] (net.neoforged.accesstransformer.AccessTransformer) Transforming net.minecraft.block.WitherSkullBlock METHOD <init>(Lnet/minecraft/block/AbstractBlock$Settings;)V PUBLIC LEAVE META-INF/accesstransformer.cfg:74 to access PUBLIC and LEAVE
[15:34:40] [pool-13-thread-1/DEBUG] (net.neoforged.accesstransformer.AccessTransformer) Transforming net.minecraft.block.WallWitherSkullBlock METHOD <init>(Lnet/minecraft/block/AbstractBlock$Settings;)V PUBLIC LEAVE META-INF/accesstransformer.cfg:176 to access PUBLIC and LEAVE
[15:34:40] [pool-13-thread-1/DEBUG] (net.neoforged.accesstransformer.AccessTransformer) Transforming net.minecraft.block.PlayerSkullBlock METHOD <init>(Lnet/minecraft/block/AbstractBlock$Settings;)V PUBLIC LEAVE META-INF/accesstransformer.cfg:137 to access PUBLIC and LEAVE
[15:34:40] [pool-13-thread-1/DEBUG] (net.neoforged.accesstransformer.AccessTransformer) Transforming net.minecraft.block.WallPlayerSkullBlock METHOD <init>(Lnet/minecraft/block/AbstractBlock$Settings;)V PUBLIC LEAVE META-INF/accesstransformer.cfg:29 to access PUBLIC and LEAVE
[15:34:41] [pool-13-thread-1/DEBUG] (net.neoforged.accesstransformer.AccessTransformer) Transforming net.minecraft.block.BarrierBlock METHOD <init>(Lnet/minecraft/block/AbstractBlock$Settings;)V PUBLIC LEAVE META-INF/accesstransformer.cfg:256 to access PUBLIC and LEAVE
[15:34:41] [pool-13-thread-1/DEBUG] (net.neoforged.accesstransformer.AccessTransformer) Transforming net.minecraft.block.EndRodBlock METHOD <init>(Lnet/minecraft/block/AbstractBlock$Settings;)V PUBLIC LEAVE META-INF/accesstransformer.cfg:25 to access PUBLIC and LEAVE
[15:34:41] [pool-13-thread-1/DEBUG] (net.neoforged.accesstransformer.AccessTransformer) Transforming net.minecraft.block.ChorusPlantBlock METHOD <init>(Lnet/minecraft/block/AbstractBlock$Settings;)V PUBLIC LEAVE META-INF/accesstransformer.cfg:23 to access PUBLIC and LEAVE
[15:34:41] [pool-13-thread-1/DEBUG] (net.neoforged.accesstransformer.AccessTransformer) Transforming net.minecraft.block.DirtPathBlock METHOD <init>(Lnet/minecraft/block/AbstractBlock$Settings;)V PUBLIC LEAVE META-INF/accesstransformer.cfg:77 to access PUBLIC and LEAVE
[15:34:41] [pool-13-thread-1/DEBUG] (net.neoforged.accesstransformer.AccessTransformer) Transforming net.minecraft.block.EndGatewayBlock METHOD <init>(Lnet/minecraft/block/AbstractBlock$Settings;)V PUBLIC LEAVE META-INF/accesstransformer.cfg:55 to access PUBLIC and LEAVE
[15:34:41] [pool-13-thread-1/DEBUG] (net.neoforged.accesstransformer.AccessTransformer) Transforming net.minecraft.block.StructureVoidBlock METHOD <init>(Lnet/minecraft/block/AbstractBlock$Settings;)V PUBLIC LEAVE META-INF/accesstransformer.cfg:133 to access PUBLIC and LEAVE
[15:34:41] [pool-13-thread-1/DEBUG] (net.neoforged.accesstransformer.AccessTransformer) Transforming net.minecraft.block.KelpBlock METHOD <init>(Lnet/minecraft/block/AbstractBlock$Settings;)V PUBLIC LEAVE META-INF/accesstransformer.cfg:32 to access PUBLIC and LEAVE
[15:34:41] [pool-13-thread-1/DEBUG] (net.neoforged.accesstransformer.AccessTransformer) Transforming net.minecraft.block.KelpPlantBlock METHOD <init>(Lnet/minecraft/block/AbstractBlock$Settings;)V PUBLIC LEAVE META-INF/accesstransformer.cfg:2 to access PUBLIC and LEAVE
[15:34:41] [pool-13-thread-1/DEBUG] (net.neoforged.accesstransformer.AccessTransformer) Transforming net.minecraft.block.DeadCoralBlock METHOD <init>(Lnet/minecraft/block/AbstractBlock$Settings;)V PUBLIC LEAVE META-INF/accesstransformer.cfg:219 to access PUBLIC and LEAVE
[15:34:41] [pool-13-thread-1/DEBUG] (net.neoforged.accesstransformer.AccessTransformer) Transforming net.minecraft.block.SeaPickleBlock METHOD <init>(Lnet/minecraft/block/AbstractBlock$Settings;)V PUBLIC LEAVE META-INF/accesstransformer.cfg:86 to access PUBLIC and LEAVE
[15:34:41] [pool-13-thread-1/DEBUG] (net.neoforged.accesstransformer.AccessTransformer) Transforming net.minecraft.block.ScaffoldingBlock METHOD <init>(Lnet/minecraft/block/AbstractBlock$Settings;)V PUBLIC LEAVE META-INF/accesstransformer.cfg:130 to access PUBLIC and LEAVE
[15:34:41] [pool-13-thread-1/DEBUG] (net.neoforged.accesstransformer.AccessTransformer) Transforming net.minecraft.block.LoomBlock METHOD <init>(Lnet/minecraft/block/AbstractBlock$Settings;)V PUBLIC LEAVE META-INF/accesstransformer.cfg:253 to access PUBLIC and LEAVE
[15:34:41] [pool-13-thread-1/DEBUG] (net.neoforged.accesstransformer.AccessTransformer) Transforming net.minecraft.block.SmokerBlock METHOD <init>(Lnet/minecraft/block/AbstractBlock$Settings;)V PUBLIC LEAVE META-INF/accesstransformer.cfg:119 to access PUBLIC and LEAVE
[15:34:41] [pool-13-thread-1/DEBUG] (net.neoforged.accesstransformer.AccessTransformer) Transforming net.minecraft.block.BlastFurnaceBlock METHOD <init>(Lnet/minecraft/block/AbstractBlock$Settings;)V PUBLIC LEAVE META-INF/accesstransformer.cfg:92 to access PUBLIC and LEAVE
[15:34:41] [pool-13-thread-1/DEBUG] (net.neoforged.accesstransformer.AccessTransformer) Transforming net.minecraft.block.CartographyTableBlock METHOD <init>(Lnet/minecraft/block/AbstractBlock$Settings;)V PUBLIC LEAVE META-INF/accesstransformer.cfg:116 to access PUBLIC and LEAVE
[15:34:41] [pool-13-thread-1/DEBUG] (net.neoforged.accesstransformer.AccessTransformer) Transforming net.minecraft.block.GrindstoneBlock METHOD <init>(Lnet/minecraft/block/AbstractBlock$Settings;)V PUBLIC LEAVE META-INF/accesstransformer.cfg:146 to access PUBLIC and LEAVE
[15:34:41] [pool-13-thread-1/DEBUG] (net.neoforged.accesstransformer.AccessTransformer) Transforming net.minecraft.block.LecternBlock METHOD <init>(Lnet/minecraft/block/AbstractBlock$Settings;)V PUBLIC LEAVE META-INF/accesstransformer.cfg:71 to access PUBLIC and LEAVE
[15:34:41] [pool-13-thread-1/DEBUG] (net.neoforged.accesstransformer.AccessTransformer) Transforming net.minecraft.block.SmithingTableBlock METHOD <init>(Lnet/minecraft/block/AbstractBlock$Settings;)V PUBLIC LEAVE META-INF/accesstransformer.cfg:132 to access PUBLIC and LEAVE
[15:34:41] [pool-13-thread-1/DEBUG] (net.neoforged.accesstransformer.AccessTransformer) Transforming net.minecraft.block.OxidizableLanternBlock METHOD <init>(Lnet/minecraft/block/Oxidizable$OxidationLevel;Lnet/minecraft/block/AbstractBlock$Settings;)V PUBLIC LEAVE META-INF/accesstransformer.cfg:174 to access PUBLIC and LEAVE
[15:34:41] [pool-13-thread-1/DEBUG] (net.neoforged.accesstransformer.AccessTransformer) Transforming net.minecraft.block.NyliumBlock METHOD <init>(Lnet/minecraft/block/AbstractBlock$Settings;)V PUBLIC LEAVE META-INF/accesstransformer.cfg:75 to access PUBLIC and LEAVE
[15:34:41] [pool-13-thread-1/DEBUG] (net.neoforged.accesstransformer.AccessTransformer) Transforming net.minecraft.block.RootsBlock METHOD <init>(Lnet/minecraft/block/AbstractBlock$Settings;)V PUBLIC LEAVE META-INF/accesstransformer.cfg:30 to access PUBLIC and LEAVE
[15:34:41] [pool-13-thread-1/DEBUG] (net.neoforged.accesstransformer.AccessTransformer) Transforming net.minecraft.block.StructureBlock METHOD <init>(Lnet/minecraft/block/AbstractBlock$Settings;)V PUBLIC LEAVE META-INF/accesstransformer.cfg:173 to access PUBLIC and LEAVE
[15:34:41] [pool-13-thread-1/DEBUG] (net.neoforged.accesstransformer.AccessTransformer) Transforming net.minecraft.block.JigsawBlock METHOD <init>(Lnet/minecraft/block/AbstractBlock$Settings;)V PUBLIC LEAVE META-INF/accesstransformer.cfg:263 to access PUBLIC and LEAVE
[15:34:41] [pool-13-thread-1/DEBUG] (net.neoforged.accesstransformer.AccessTransformer) Transforming net.minecraft.block.AzaleaBlock METHOD <init>(Lnet/minecraft/block/AbstractBlock$Settings;)V PUBLIC LEAVE META-INF/accesstransformer.cfg:84 to access PUBLIC and LEAVE
[15:34:41] [pool-13-thread-1/DEBUG] (net.neoforged.accesstransformer.AccessTransformer) Transforming net.minecraft.block.FlowerbedBlock METHOD <init>(Lnet/minecraft/block/AbstractBlock$Settings;)V PUBLIC LEAVE META-INF/accesstransformer.cfg:241 to access PUBLIC and LEAVE
[15:34:41] [pool-13-thread-1/DEBUG] (net.neoforged.accesstransformer.AccessTransformer) Transforming net.minecraft.block.BigDripleafBlock METHOD <init>(Lnet/minecraft/block/AbstractBlock$Settings;)V PUBLIC LEAVE META-INF/accesstransformer.cfg:127 to access PUBLIC and LEAVE
[15:34:41] [pool-13-thread-1/DEBUG] (net.neoforged.accesstransformer.AccessTransformer) Transforming net.minecraft.block.BigDripleafStemBlock METHOD <init>(Lnet/minecraft/block/AbstractBlock$Settings;)V PUBLIC LEAVE META-INF/accesstransformer.cfg:208 to access PUBLIC and LEAVE
[15:34:41] [pool-13-thread-1/DEBUG] (net.neoforged.accesstransformer.AccessTransformer) Transforming net.minecraft.block.HangingRootsBlock METHOD <init>(Lnet/minecraft/block/AbstractBlock$Settings;)V PUBLIC LEAVE META-INF/accesstransformer.cfg:181 to access PUBLIC and LEAVE
[15:34:41] [pool-13-thread-1/DEBUG] (net.neoforged.accesstransformer.AccessTransformer) Transforming net.minecraft.block.DecoratedPotBlock METHOD <init>(Lnet/minecraft/block/AbstractBlock$Settings;)V PUBLIC LEAVE META-INF/accesstransformer.cfg:149 to access PUBLIC and LEAVE
[15:34:41] [pool-13-thread-1/DEBUG] (mixin) Mixing inject.MixinItem from architectury-common.mixins.json into net.minecraft.item.Item
[15:34:41] [pool-13-thread-1/DEBUG] (mixin) architectury-common.mixins.json:inject.MixinItem from mod architectury: Class version 65 required is higher than the class version supported by the current version of Mixin (JAVA_16 supports class version 60)
[15:34:41] [pool-13-thread-1/DEBUG] (net.neoforged.accesstransformer.AccessTransformer) Transforming net.minecraft.item.ItemGroup INNERCLASS Entries PUBLIC LEAVE META-INF/accesstransformer.cfg:136 to access PUBLIC and LEAVE
[15:34:41] [pool-13-thread-1/DEBUG] (net.neoforged.accesstransformer.AccessTransformer) Transforming net.minecraft.item.ItemGroup INNERCLASS StackVisibility PUBLIC LEAVE META-INF/accesstransformer.cfg:54 to access PUBLIC and LEAVE
[15:34:41] [pool-13-thread-1/DEBUG] (mixin) architectury-common.mixins.json:inject.MixinItem from mod architectury->@Inject::init(Lnet/minecraft/item/Item$Settings;Lorg/spongepowered/asm/mixin/injection/callback/CallbackInfo;)V doesn't use it's CallbackInfo
[15:34:41] [pool-13-thread-1/DEBUG] (mixin) architectury-common.mixins.json:inject.MixinItem from mod architectury->@Inject::init(Lnet/minecraft/item/Item$Settings;Lorg/spongepowered/asm/mixin/injection/callback/CallbackInfo;)V has 0 override(s) in child classes
[15:34:41] [pool-13-thread-1/DEBUG] (mixin) architectury-common.mixins.json:inject.MixinItem from mod architectury->@Inject::init(Lnet/minecraft/item/Item$Settings;Lorg/spongepowered/asm/mixin/injection/callback/CallbackInfo;)V won't be passed a CallbackInfo as a result
[15:34:41] [pool-13-thread-1/DEBUG] (mixin) Mixing neoforge.MixinBucketItem from architectury.mixins.json into net.minecraft.item.BucketItem
[15:34:41] [pool-13-thread-1/DEBUG] (mixin) architectury.mixins.json:neoforge.MixinBucketItem from mod architectury: Class version 65 required is higher than the class version supported by the current version of Mixin (JAVA_16 supports class version 60)
[15:34:41] [pool-13-thread-1/DEBUG] (mixin) Mixing neoforge.BucketItemAccessor from architectury.mixins.json into net.minecraft.item.BucketItem
[15:34:41] [pool-13-thread-1/DEBUG] (mixin) architectury.mixins.json:neoforge.BucketItemAccessor from mod architectury: Class version 65 required is higher than the class version supported by the current version of Mixin (JAVA_16 supports class version 60)
[15:34:41] [pool-13-thread-1/DEBUG] (mixin) Mixing inject.MixinBucketItem from architectury-common.mixins.json into net.minecraft.item.BucketItem
[15:34:41] [pool-13-thread-1/DEBUG] (mixin) architectury-common.mixins.json:inject.MixinBucketItem from mod architectury: Class version 65 required is higher than the class version supported by the current version of Mixin (JAVA_16 supports class version 60)
[15:34:41] [pool-13-thread-1/DEBUG] (net.neoforged.accesstransformer.AccessTransformer) Transforming net.minecraft.entity.player.PlayerEntity METHOD closeHandledScreen()V PUBLIC LEAVE META-INF/accesstransformer.cfg:247 to access PUBLIC and LEAVE
[15:34:41] [pool-13-thread-1/DEBUG] (mixin) architectury.mixins.json:neoforge.MixinBucketItem from mod architectury->@Inject::fillBucket(Lnet/minecraft/world/World;Lnet/minecraft/entity/player/PlayerEntity;Lnet/minecraft/util/Hand;Lorg/spongepowered/asm/mixin/injection/callback/CallbackInfoReturnable;Lnet/minecraft/item/ItemStack;Lnet/minecraft/util/hit/BlockHitResult;)V does use it's CallbackInfoReturnable
[15:34:41] [pool-13-thread-1/DEBUG] (net.neoforged.accesstransformer.AccessTransformer) Transforming net.minecraft.item.HoeItem FIELD TILLING_ACTIONS PUBLIC REMOVEFINAL META-INF/accesstransformer.cfg:251 to access PUBLIC and REMOVEFINAL
[15:34:41] [pool-13-thread-1/DEBUG] (net.neoforged.accesstransformer.AccessTransformer) Transforming net.minecraft.item.AxeItem FIELD STRIPPED_BLOCKS PUBLIC REMOVEFINAL META-INF/accesstransformer.cfg:33 to access PUBLIC and REMOVEFINAL
[15:34:41] [pool-13-thread-1/DEBUG] (net.neoforged.accesstransformer.AccessTransformer) Transforming net.minecraft.item.ShovelItem FIELD PATH_STATES PUBLIC REMOVEFINAL META-INF/accesstransformer.cfg:129 to access PUBLIC and REMOVEFINAL
[15:34:41] [pool-13-thread-1/DEBUG] (mixin) Mixing inject.MixinItemProperties from architectury-common.mixins.json into net.minecraft.item.Item$Settings
[15:34:41] [pool-13-thread-1/DEBUG] (mixin) architectury-common.mixins.json:inject.MixinItemProperties from mod architectury: Class version 65 required is higher than the class version supported by the current version of Mixin (JAVA_16 supports class version 60)
[15:34:41] [pool-13-thread-1/DEBUG] (io.netty.util.internal.PlatformDependent0) -Dio.netty.noUnsafe: false
[15:34:41] [pool-13-thread-1/DEBUG] (io.netty.util.internal.PlatformDependent0) Java version: 21
[15:34:41] [pool-13-thread-1/DEBUG] (io.netty.util.internal.PlatformDependent0) sun.misc.Unsafe.theUnsafe: available
[15:34:41] [pool-13-thread-1/DEBUG] (io.netty.util.internal.PlatformDependent0) sun.misc.Unsafe base methods: all available
[15:34:41] [pool-13-thread-1/DEBUG] (io.netty.util.internal.PlatformDependent0) sun.misc.Unsafe.storeFence: available
[15:34:41] [pool-13-thread-1/DEBUG] (io.netty.util.internal.PlatformDependent0) java.nio.Buffer.address: available
[15:34:41] [pool-13-thread-1/DEBUG] (io.netty.util.internal.PlatformDependent0) direct buffer constructor: unavailable: Reflective setAccessible(true) disabled
[15:34:41] [pool-13-thread-1/DEBUG] (io.netty.util.internal.PlatformDependent0) java.nio.Bits.unaligned: available, true
[15:34:41] [pool-13-thread-1/DEBUG] (io.netty.util.internal.PlatformDependent0) jdk.internal.misc.Unsafe.allocateUninitializedArray(int): unavailable: class io.netty.util.internal.PlatformDependent0$7 cannot access class jdk.internal.misc.Unsafe (in module java.base) because module java.base does not export jdk.internal.misc to unnamed module @3e6fa38a
[15:34:41] [pool-13-thread-1/DEBUG] (io.netty.util.internal.PlatformDependent0) java.nio.DirectByteBuffer.<init>(long, {int,long}): unavailable
[15:34:41] [pool-13-thread-1/DEBUG] (io.netty.util.internal.PlatformDependent) sun.misc.Unsafe: available
[15:34:41] [pool-13-thread-1/DEBUG] (io.netty.util.internal.PlatformDependent) -Dio.netty.tmpdir: /tmp (java.io.tmpdir)
[15:34:41] [pool-13-thread-1/DEBUG] (io.netty.util.internal.PlatformDependent) -Dio.netty.bitMode: 64 (sun.arch.data.model)
[15:34:41] [pool-13-thread-1/DEBUG] (io.netty.util.internal.PlatformDependent) -Dio.netty.maxDirectMemory: -1 bytes
[15:34:41] [pool-13-thread-1/DEBUG] (io.netty.util.internal.PlatformDependent) -Dio.netty.uninitializedArrayAllocationThreshold: -1
[15:34:41] [pool-13-thread-1/DEBUG] (io.netty.util.internal.CleanerJava9) java.nio.ByteBuffer.cleaner(): available
[15:34:41] [pool-13-thread-1/DEBUG] (io.netty.util.internal.PlatformDependent) -Dio.netty.noPreferDirect: false
[15:34:42] [pool-13-thread-1/DEBUG] (mixin) Mixing MixinLightningBolt from architectury-common.mixins.json into net.minecraft.entity.LightningEntity
[15:34:42] [pool-13-thread-1/DEBUG] (mixin) architectury-common.mixins.json:MixinLightningBolt from mod architectury: Class version 65 required is higher than the class version supported by the current version of Mixin (JAVA_16 supports class version 60)
[15:34:42] [pool-13-thread-1/DEBUG] (mixin) architectury-common.mixins.json:MixinLightningBolt from mod architectury->@Inject::handleLightning(Lorg/spongepowered/asm/mixin/injection/callback/CallbackInfo;Ljava/util/List;)V doesn't use it's CallbackInfo
[15:34:42] [pool-13-thread-1/DEBUG] (mixin) architectury-common.mixins.json:MixinLightningBolt from mod architectury->@Inject::handleLightning(Lorg/spongepowered/asm/mixin/injection/callback/CallbackInfo;Ljava/util/List;)V has 0 override(s) in child classes
[15:34:42] [pool-13-thread-1/DEBUG] (mixin) architectury-common.mixins.json:MixinLightningBolt from mod architectury->@Inject::handleLightning(Lorg/spongepowered/asm/mixin/injection/callback/CallbackInfo;Ljava/util/List;)V won't be passed a CallbackInfo as a result
[15:34:42] [pool-13-thread-1/DEBUG] (net.neoforged.accesstransformer.AccessTransformer) Transforming net.minecraft.block.entity.BlockEntityType$BlockEntityFactory CLASS PUBLIC LEAVE META-INF/accesstransformer.cfg:85 to access PUBLIC and LEAVE
[15:34:42] [pool-13-thread-1/DEBUG] (net.neoforged.accesstransformer.AccessTransformer) Transforming net.minecraft.screen.ScreenHandlerType INNERCLASS Factory PUBLIC LEAVE META-INF/accesstransformer.cfg:147 to access PUBLIC and LEAVE
[15:34:42] [pool-13-thread-1/DEBUG] (net.neoforged.accesstransformer.AccessTransformer) Transforming net.minecraft.screen.ScreenHandlerType METHOD <init>(Lnet/minecraft/screen/ScreenHandlerType$Factory;Lnet/minecraft/resource/featuretoggle/FeatureSet;)V PUBLIC LEAVE META-INF/accesstransformer.cfg:243 to access PUBLIC and LEAVE
[15:34:42] [pool-13-thread-1/DEBUG] (net.neoforged.accesstransformer.AccessTransformer) Transforming net.minecraft.screen.ScreenHandlerType$Factory CLASS PUBLIC LEAVE META-INF/accesstransformer.cfg:147 to access PUBLIC and LEAVE
[15:34:42] [pool-13-thread-1/DEBUG] (mixin) Mixing MixinLevelEvent from architectury.mixins.json into net.neoforged.neoforge.event.level.LevelEvent
[15:34:42] [pool-13-thread-1/DEBUG] (mixin) architectury.mixins.json:MixinLevelEvent from mod architectury: Class version 65 required is higher than the class version supported by the current version of Mixin (JAVA_16 supports class version 60)
[15:34:43] [pool-13-thread-1/DEBUG] (net.neoforged.accesstransformer.AccessTransformer) Transforming net.minecraft.world.biome.Biome$Weather FIELD hasPrecipitation PUBLIC REMOVEFINAL META-INF/accesstransformer.cfg:235 to access PUBLIC and REMOVEFINAL
[15:34:43] [pool-13-thread-1/DEBUG] (net.neoforged.accesstransformer.AccessTransformer) Transforming net.minecraft.world.biome.Biome$Weather FIELD temperature PUBLIC REMOVEFINAL META-INF/accesstransformer.cfg:236 to access PUBLIC and REMOVEFINAL
[15:34:43] [pool-13-thread-1/DEBUG] (net.neoforged.accesstransformer.AccessTransformer) Transforming net.minecraft.world.biome.Biome$Weather FIELD temperatureModifier PUBLIC REMOVEFINAL META-INF/accesstransformer.cfg:238 to access PUBLIC and REMOVEFINAL
[15:34:43] [pool-13-thread-1/DEBUG] (net.neoforged.accesstransformer.AccessTransformer) Transforming net.minecraft.world.biome.Biome$Weather FIELD downfall PUBLIC REMOVEFINAL META-INF/accesstransformer.cfg:237 to access PUBLIC and REMOVEFINAL
[15:34:43] [pool-13-thread-1/DEBUG] (net.neoforged.accesstransformer.AccessTransformer) Transforming net.minecraft.world.biome.BiomeEffects FIELD fogColor PUBLIC REMOVEFINAL META-INF/accesstransformer.cfg:63 to access PUBLIC and REMOVEFINAL
[15:34:43] [pool-13-thread-1/DEBUG] (net.neoforged.accesstransformer.AccessTransformer) Transforming net.minecraft.world.biome.BiomeEffects FIELD waterColor PUBLIC REMOVEFINAL META-INF/accesstransformer.cfg:56 to access PUBLIC and REMOVEFINAL
[15:34:43] [pool-13-thread-1/DEBUG] (net.neoforged.accesstransformer.AccessTransformer) Transforming net.minecraft.world.biome.BiomeEffects FIELD waterFogColor PUBLIC REMOVEFINAL META-INF/accesstransformer.cfg:62 to access PUBLIC and REMOVEFINAL
[15:34:43] [pool-13-thread-1/DEBUG] (net.neoforged.accesstransformer.AccessTransformer) Transforming net.minecraft.world.biome.BiomeEffects FIELD skyColor PUBLIC REMOVEFINAL META-INF/accesstransformer.cfg:60 to access PUBLIC and REMOVEFINAL
[15:34:43] [pool-13-thread-1/DEBUG] (net.neoforged.accesstransformer.AccessTransformer) Transforming net.minecraft.world.biome.BiomeEffects FIELD foliageColor PUBLIC REMOVEFINAL META-INF/accesstransformer.cfg:64 to access PUBLIC and REMOVEFINAL
[15:34:43] [pool-13-thread-1/DEBUG] (net.neoforged.accesstransformer.AccessTransformer) Transforming net.minecraft.world.biome.BiomeEffects FIELD grassColor PUBLIC REMOVEFINAL META-INF/accesstransformer.cfg:66 to access PUBLIC and REMOVEFINAL
[15:34:43] [pool-13-thread-1/DEBUG] (net.neoforged.accesstransformer.AccessTransformer) Transforming net.minecraft.world.biome.BiomeEffects FIELD grassColorModifier PUBLIC REMOVEFINAL META-INF/accesstransformer.cfg:59 to access PUBLIC and REMOVEFINAL
[15:34:43] [pool-13-thread-1/DEBUG] (net.neoforged.accesstransformer.AccessTransformer) Transforming net.minecraft.world.biome.BiomeEffects FIELD particleConfig PUBLIC REMOVEFINAL META-INF/accesstransformer.cfg:57 to access PUBLIC and REMOVEFINAL
[15:34:43] [pool-13-thread-1/DEBUG] (net.neoforged.accesstransformer.AccessTransformer) Transforming net.minecraft.world.biome.BiomeEffects FIELD loopSound PUBLIC REMOVEFINAL META-INF/accesstransformer.cfg:58 to access PUBLIC and REMOVEFINAL
[15:34:43] [pool-13-thread-1/DEBUG] (net.neoforged.accesstransformer.AccessTransformer) Transforming net.minecraft.world.biome.BiomeEffects FIELD moodSound PUBLIC REMOVEFINAL META-INF/accesstransformer.cfg:65 to access PUBLIC and REMOVEFINAL
[15:34:43] [pool-13-thread-1/DEBUG] (net.neoforged.accesstransformer.AccessTransformer) Transforming net.minecraft.world.biome.BiomeEffects FIELD additionsSound PUBLIC REMOVEFINAL META-INF/accesstransformer.cfg:67 to access PUBLIC and REMOVEFINAL
[15:34:43] [pool-13-thread-1/DEBUG] (net.neoforged.accesstransformer.AccessTransformer) Transforming net.minecraft.world.biome.BiomeEffects FIELD music PUBLIC REMOVEFINAL META-INF/accesstransformer.cfg:61 to access PUBLIC and REMOVEFINAL
[15:34:43] [pool-13-thread-1/DEBUG] (net.neoforged.accesstransformer.AccessTransformer) Transforming net.minecraft.world.biome.SpawnSettings$Builder FIELD spawners PUBLIC LEAVE META-INF/accesstransformer.cfg:90 to access PUBLIC and LEAVE
[15:34:43] [pool-13-thread-1/DEBUG] (net.neoforged.accesstransformer.AccessTransformer) Transforming net.minecraft.world.biome.SpawnSettings$Builder FIELD spawnCosts PUBLIC LEAVE META-INF/accesstransformer.cfg:89 to access PUBLIC and LEAVE
[15:34:43] [pool-13-thread-1/DEBUG] (net.neoforged.accesstransformer.AccessTransformer) Transforming net.minecraft.world.biome.SpawnSettings$Builder FIELD creatureSpawnProbability PUBLIC LEAVE META-INF/accesstransformer.cfg:91 to access PUBLIC and LEAVE
[15:34:43] [pool-13-thread-1/DEBUG] (net.neoforged.accesstransformer.AccessTransformer) Transforming net.minecraft.item.ItemGroup$Entries CLASS PUBLIC LEAVE META-INF/accesstransformer.cfg:136 to access PUBLIC and LEAVE
[15:34:43] [pool-13-thread-1/DEBUG] (net.neoforged.accesstransformer.AccessTransformer) Transforming net.minecraft.world.GameRules$BooleanRule METHOD create(ZLjava/util/function/BiConsumer;)Lnet/minecraft/world/GameRules$Type; PUBLIC LEAVE META-INF/accesstransformer.cfg:117 to access PUBLIC and LEAVE
[15:34:43] [pool-13-thread-1/DEBUG] (net.neoforged.accesstransformer.AccessTransformer) Transforming net.minecraft.world.GameRules$BooleanRule METHOD create(Z)Lnet/minecraft/world/GameRules$Type; PUBLIC LEAVE META-INF/accesstransformer.cfg:118 to access PUBLIC and LEAVE
[15:34:43] [pool-13-thread-1/DEBUG] (net.neoforged.accesstransformer.AccessTransformer) Transforming net.minecraft.world.GameRules METHOD register(Ljava/lang/String;Lnet/minecraft/world/GameRules$Category;Lnet/minecraft/world/GameRules$Type;)Lnet/minecraft/world/GameRules$Key; PUBLIC LEAVE META-INF/accesstransformer.cfg:142 to access PUBLIC and LEAVE
[15:34:43] [pool-13-thread-1/DEBUG] (net.neoforged.accesstransformer.AccessTransformer) Transforming net.minecraft.server.MinecraftServer INNERCLASS ReloadableResources PUBLIC LEAVE META-INF/accesstransformer.cfg:142 to access PUBLIC and LEAVE
[15:34:43] [pool-13-thread-1/DEBUG] (net.neoforged.accesstransformer.AccessTransformer) Transforming net.minecraft.world.GameRules$IntRule METHOD create(ILjava/util/function/BiConsumer;)Lnet/minecraft/world/GameRules$Type; PUBLIC LEAVE META-INF/accesstransformer.cfg:123 to access PUBLIC and LEAVE
[15:34:43] [pool-13-thread-1/DEBUG] (net.neoforged.accesstransformer.AccessTransformer) Transforming net.minecraft.world.GameRules$IntRule METHOD create(I)Lnet/minecraft/world/GameRules$Type; PUBLIC LEAVE META-INF/accesstransformer.cfg:122 to access PUBLIC and LEAVE
[15:34:43] [pool-13-thread-1/DEBUG] (net.neoforged.neoforge.registries.GameData) Creating vanilla freeze snapshot
[15:34:43] [pool-13-thread-1/DEBUG] (net.neoforged.neoforge.registries.GameData) Vanilla freeze snapshot created
[15:34:43] [main/DEBUG] (net.neoforged.accesstransformer.AccessTransformer) Transforming net.minecraft.world.biome.GenerationSettings$Builder FIELD indexedFeaturesList PUBLIC LEAVE META-INF/accesstransformer.cfg:242 to access PUBLIC and LEAVE
[15:34:43] [main/DEBUG] (net.neoforged.accesstransformer.AccessTransformer) Transforming net.minecraft.world.biome.BiomeEffects$Builder FIELD fogColor PUBLIC LEAVE META-INF/accesstransformer.cfg:10 to access PUBLIC and LEAVE
[15:34:43] [main/DEBUG] (net.neoforged.accesstransformer.AccessTransformer) Transforming net.minecraft.world.biome.BiomeEffects$Builder FIELD waterColor PUBLIC LEAVE META-INF/accesstransformer.cfg:3 to access PUBLIC and LEAVE
[15:34:43] [main/DEBUG] (net.neoforged.accesstransformer.AccessTransformer) Transforming net.minecraft.world.biome.BiomeEffects$Builder FIELD waterFogColor PUBLIC LEAVE META-INF/accesstransformer.cfg:9 to access PUBLIC and LEAVE
[15:34:43] [main/DEBUG] (net.neoforged.accesstransformer.AccessTransformer) Transforming net.minecraft.world.biome.BiomeEffects$Builder FIELD skyColor PUBLIC LEAVE META-INF/accesstransformer.cfg:7 to access PUBLIC and LEAVE
[15:34:43] [main/DEBUG] (net.neoforged.accesstransformer.AccessTransformer) Transforming net.minecraft.world.biome.BiomeEffects$Builder FIELD foliageColor PUBLIC LEAVE META-INF/accesstransformer.cfg:11 to access PUBLIC and LEAVE
[15:34:43] [main/DEBUG] (net.neoforged.accesstransformer.AccessTransformer) Transforming net.minecraft.world.biome.BiomeEffects$Builder FIELD grassColor PUBLIC LEAVE META-INF/accesstransformer.cfg:13 to access PUBLIC and LEAVE
[15:34:43] [main/DEBUG] (net.neoforged.accesstransformer.AccessTransformer) Transforming net.minecraft.world.biome.BiomeEffects$Builder FIELD grassColorModifier PUBLIC LEAVE META-INF/accesstransformer.cfg:6 to access PUBLIC and LEAVE
[15:34:43] [main/DEBUG] (net.neoforged.accesstransformer.AccessTransformer) Transforming net.minecraft.world.biome.BiomeEffects$Builder FIELD particleConfig PUBLIC LEAVE META-INF/accesstransformer.cfg:4 to access PUBLIC and LEAVE
[15:34:43] [main/DEBUG] (net.neoforged.accesstransformer.AccessTransformer) Transforming net.minecraft.world.biome.BiomeEffects$Builder FIELD loopSound PUBLIC LEAVE META-INF/accesstransformer.cfg:5 to access PUBLIC and LEAVE
[15:34:43] [main/DEBUG] (net.neoforged.accesstransformer.AccessTransformer) Transforming net.minecraft.world.biome.BiomeEffects$Builder FIELD moodSound PUBLIC LEAVE META-INF/accesstransformer.cfg:12 to access PUBLIC and LEAVE
[15:34:43] [main/DEBUG] (net.neoforged.accesstransformer.AccessTransformer) Transforming net.minecraft.world.biome.BiomeEffects$Builder FIELD additionsSound PUBLIC LEAVE META-INF/accesstransformer.cfg:14 to access PUBLIC and LEAVE
[15:34:43] [main/DEBUG] (net.neoforged.accesstransformer.AccessTransformer) Transforming net.minecraft.world.biome.BiomeEffects$Builder FIELD music PUBLIC LEAVE META-INF/accesstransformer.cfg:8 to access PUBLIC and LEAVE
[15:34:43] [main/DEBUG] (mixin) Mixing client.MixinCommandSourceStack from architectury.mixins.json into net.minecraft.server.command.ServerCommandSource
[15:34:43] [main/DEBUG] (mixin) architectury.mixins.json:client.MixinCommandSourceStack from mod architectury: Class version 65 required is higher than the class version supported by the current version of Mixin (JAVA_16 supports class version 60)
[15:34:43] [main/WARN] (net.minecraft.server.command.CommandManager) Ambiguity between arguments [teleport, location] and [teleport, destination] with inputs: [0.1 -0.5 .9, 0 0 0]
[15:34:43] [main/WARN] (net.minecraft.server.command.CommandManager) Ambiguity between arguments [teleport, location] and [teleport, targets] with inputs: [0.1 -0.5 .9, 0 0 0]
[15:34:43] [main/WARN] (net.minecraft.server.command.CommandManager) Ambiguity between arguments [teleport, destination] and [teleport, targets] with inputs: [Player, 0123, @e, dd12be42-52a9-4a91-a8a1-11c01849e498]
[15:34:43] [main/WARN] (net.minecraft.server.command.CommandManager) Ambiguity between arguments [teleport, targets] and [teleport, destination] with inputs: [Player, 0123, dd12be42-52a9-4a91-a8a1-11c01849e498]
[15:34:43] [main/WARN] (net.minecraft.server.command.CommandManager) Ambiguity between arguments [teleport, targets, location] and [teleport, targets, destination] with inputs: [0.1 -0.5 .9, 0 0 0]
[15:34:43] [main/WARN] (net.minecraft.server.command.CommandManager) Ambiguity between arguments [waypoint, modify, waypoint, color, reset] and [waypoint, modify, waypoint, color, color] with inputs: [reset]
[15:34:43] [main/DEBUG] (net.neoforged.accesstransformer.AccessTransformer) Transforming net.minecraft.client.gui.screen.Screen FIELD selectables PUBLIC LEAVE META-INF/accesstransformer.cfg:230 to access PUBLIC and LEAVE
[15:34:43] [main/DEBUG] (net.neoforged.accesstransformer.AccessTransformer) Transforming net.minecraft.client.gui.screen.Screen FIELD drawables PUBLIC LEAVE META-INF/accesstransformer.cfg:231 to access PUBLIC and LEAVE
[15:34:43] [main/DEBUG] (net.neoforged.accesstransformer.AccessTransformer) Transforming net.minecraft.client.gui.screen.Screen METHOD addDrawableChild(Lnet/minecraft/client/gui/Element;)Lnet/minecraft/client/gui/Element; PUBLIC LEAVE META-INF/accesstransformer.cfg:232 to access PUBLIC and LEAVE
[15:34:43] [main/DEBUG] (net.neoforged.accesstransformer.AccessTransformer) Transforming net.minecraft.client.gui.screen.Screen METHOD addDrawable(Lnet/minecraft/client/gui/Drawable;)Lnet/minecraft/client/gui/Drawable; PUBLIC LEAVE META-INF/accesstransformer.cfg:233 to access PUBLIC and LEAVE
[15:34:43] [main/DEBUG] (net.neoforged.accesstransformer.AccessTransformer) Transforming net.minecraft.client.gui.screen.Screen METHOD addSelectableChild(Lnet/minecraft/client/gui/Element;)Lnet/minecraft/client/gui/Element; PUBLIC LEAVE META-INF/accesstransformer.cfg:234 to access PUBLIC and LEAVE
[15:34:43] [main/DEBUG] (net.neoforged.fml.ModWorkManager) Using 12 threads for parallel mod-loading
[15:34:43] [main/DEBUG] (net.neoforged.fml.javafmlmod.FMLModContainer) Creating FMLModContainer instance for generated_f80f36f with entrypoints [generatedgenerated_f80f36f.generated_f80f36f]
[15:34:43] [main/DEBUG] (net.neoforged.fml.javafmlmod.FMLModContainer) Creating FMLModContainer instance for architectury with entrypoints [dev.architectury.neoforge.ArchitecturyNeoForge]
[15:34:43] [main/DEBUG] (net.neoforged.fml.javafmlmod.FMLModContainer) Creating FMLModContainer instance for reload_server_list with entrypoints [net.enderkitty.neoforge.ReloadServerListNeoForge]
[15:34:43] [main/DEBUG] (net.neoforged.fml.javafmlmod.FMLModContainer) Creating FMLModContainer instance for neoforge with entrypoints [net.neoforged.neoforge.common.OnlyInWarningsHandler, net.neoforged.neoforge.common.NeoForgeMod, net.neoforged.neoforge.client.ClientNeoForgeMod]
[15:34:43] [modloading-worker-0/DEBUG] (net.neoforged.fml.javafmlmod.AutomaticEventSubscriber) Attempting to inject @EventBusSubscriber classes into the eventbus for generated_f80f36f
[15:34:43] [modloading-worker-0/DEBUG] (net.neoforged.neoforge.internal.versions.neoforge.NeoForgeVersion) Found NeoForge version 21.9.16-beta
[15:34:43] [modloading-worker-0/INFO] (net.neoforged.neoforge.common.NeoForgeMod) NeoForge mod loading, version 21.9.16-beta, for MC 1.21.9
[15:34:43] [modloading-worker-0/DEBUG] (mixin) Mixing MixinClientLevel from architectury.mixins.json into net.minecraft.client.world.ClientWorld
[15:34:43] [modloading-worker-0/DEBUG] (mixin) architectury.mixins.json:MixinClientLevel from mod architectury: Class version 65 required is higher than the class version supported by the current version of Mixin (JAVA_16 supports class version 60)
[15:34:43] [modloading-worker-0/DEBUG] (mixin) architectury.mixins.json:MixinClientLevel from mod architectury->@Inject::tickEntities(Lorg/spongepowered/asm/mixin/injection/callback/CallbackInfo;)V doesn't use it's CallbackInfo
[15:34:43] [modloading-worker-0/DEBUG] (mixin) architectury.mixins.json:MixinClientLevel from mod architectury->@Inject::tickEntities(Lorg/spongepowered/asm/mixin/injection/callback/CallbackInfo;)V has 0 override(s) in child classes
[15:34:43] [modloading-worker-0/DEBUG] (mixin) architectury.mixins.json:MixinClientLevel from mod architectury->@Inject::tickEntities(Lorg/spongepowered/asm/mixin/injection/callback/CallbackInfo;)V won't be passed a CallbackInfo as a result
[15:34:43] [modloading-worker-0/DEBUG] (mixin) architectury.mixins.json:MixinClientLevel from mod architectury->@Inject::tickEntitiesPost(Lorg/spongepowered/asm/mixin/injection/callback/CallbackInfo;)V doesn't use it's CallbackInfo
[15:34:43] [modloading-worker-0/DEBUG] (mixin) architectury.mixins.json:MixinClientLevel from mod architectury->@Inject::tickEntitiesPost(Lorg/spongepowered/asm/mixin/injection/callback/CallbackInfo;)V has 0 override(s) in child classes
[15:34:43] [modloading-worker-0/DEBUG] (mixin) architectury.mixins.json:MixinClientLevel from mod architectury->@Inject::tickEntitiesPost(Lorg/spongepowered/asm/mixin/injection/callback/CallbackInfo;)V won't be passed a CallbackInfo as a result
[15:34:43] [modloading-worker-0/DEBUG] (net.neoforged.fml.javafmlmod.AutomaticEventSubscriber) Attempting to inject @EventBusSubscriber classes into the eventbus for architectury
[15:34:43] [modloading-worker-0/DEBUG] (net.neoforged.fml.javafmlmod.AutomaticEventSubscriber) Scanning class dev.architectury.event.forge.EventHandlerImplClient for @SubscribeEvent-annotated methods
[15:34:43] [modloading-worker-0/DEBUG] (net.neoforged.fml.config.ConfigTracker) Config file neoforge-server.toml for neoforge tracking
[15:34:43] [modloading-worker-0/DEBUG] (net.neoforged.fml.config.ConfigTracker) Config file neoforge-common.toml for neoforge tracking
[15:34:44] [modloading-worker-0/DEBUG] (net.neoforged.fml.javafmlmod.AutomaticEventSubscriber) Subscribing method public static void dev.architectury.event.forge.EventHandlerImplClient.eventWorldEvent(net.neoforged.neoforge.event.level.LevelEvent$Load) to the game event bus
[15:34:44] [modloading-worker-0/DEBUG] (net.neoforged.fml.javafmlmod.AutomaticEventSubscriber) Subscribing method public static void dev.architectury.event.forge.EventHandlerImplClient.eventPlayerInteractEvent(net.neoforged.neoforge.event.entity.player.PlayerInteractEvent$RightClickEmpty) to the game event bus
[15:34:44] [modloading-worker-0/DEBUG] (net.neoforged.fml.javafmlmod.AutomaticEventSubscriber) Subscribing method public static void dev.architectury.event.forge.EventHandlerImplClient.eventPlayerInteractEvent(net.neoforged.neoforge.event.entity.player.PlayerInteractEvent$LeftClickEmpty) to the game event bus
[15:34:44] [modloading-worker-0/DEBUG] (net.neoforged.fml.javafmlmod.AutomaticEventSubscriber) Subscribing method public static void dev.architectury.event.forge.EventHandlerImplClient.eventRenderGameOverlayEvent(net.neoforged.neoforge.client.event.CustomizeGuiOverlayEvent$DebugText) to the game event bus
[15:34:44] [modloading-worker-0/DEBUG] (net.neoforged.fml.javafmlmod.AutomaticEventSubscriber) Subscribing method public static void dev.architectury.event.forge.EventHandlerImplClient.eventRenderGameOverlayEvent(net.neoforged.neoforge.client.event.RenderGuiEvent$Post) to the game event bus
[15:34:44] [modloading-worker-0/DEBUG] (net.neoforged.fml.javafmlmod.AutomaticEventSubscriber) Subscribing method public static void dev.architectury.event.forge.EventHandlerImplClient.eventInitScreenEvent(net.neoforged.neoforge.client.event.ScreenEvent$Init$Post) to the game event bus
[15:34:44] [modloading-worker-0/DEBUG] (net.neoforged.fml.javafmlmod.AutomaticEventSubscriber) Subscribing method public static void dev.architectury.event.forge.EventHandlerImplClient.eventInitScreenEvent(net.neoforged.neoforge.client.event.ScreenEvent$Init$Pre) to the game event bus
[15:34:44] [modloading-worker-0/DEBUG] (net.neoforged.fml.javafmlmod.AutomaticEventSubscriber) Subscribing method public static void dev.architectury.event.forge.EventHandlerImplClient.eventDrawScreenEvent(net.neoforged.neoforge.client.event.ScreenEvent$Render$Pre) to the game event bus
[15:34:44] [modloading-worker-0/DEBUG] (net.neoforged.fml.javafmlmod.AutomaticEventSubscriber) Subscribing method public static void dev.architectury.event.forge.EventHandlerImplClient.eventDrawScreenEvent(net.neoforged.neoforge.client.event.ScreenEvent$Render$Post) to the game event bus
[15:34:44] [modloading-worker-0/DEBUG] (net.neoforged.fml.javafmlmod.AutomaticEventSubscriber) Subscribing method public static void dev.architectury.event.forge.EventHandlerImplClient.eventContainerScreenEvent(net.neoforged.neoforge.client.event.ContainerScreenEvent$Render$Foreground) to the game event bus
[15:34:44] [modloading-worker-0/DEBUG] (net.neoforged.fml.javafmlmod.AutomaticEventSubscriber) Subscribing method public static void dev.architectury.event.forge.EventHandlerImplClient.eventContainerScreenEvent(net.neoforged.neoforge.client.event.ContainerScreenEvent$Render$Background) to the game event bus
[15:34:44] [modloading-worker-0/DEBUG] (net.neoforged.fml.javafmlmod.AutomaticEventSubscriber) Subscribing method public static void dev.architectury.event.forge.EventHandlerImplClient.eventRenderTooltipEvent(net.neoforged.neoforge.client.event.RenderTooltipEvent$Pre) to the game event bus
[15:34:44] [modloading-worker-0/DEBUG] (net.neoforged.fml.javafmlmod.AutomaticEventSubscriber) Subscribing method public static void dev.architectury.event.forge.EventHandlerImplClient.eventMouseScrollEvent(net.neoforged.neoforge.client.event.ScreenEvent$MouseScrolled$Post) to the game event bus
[15:34:44] [modloading-worker-0/DEBUG] (net.neoforged.fml.javafmlmod.AutomaticEventSubscriber) Subscribing method public static void dev.architectury.event.forge.EventHandlerImplClient.eventMouseScrollEvent(net.neoforged.neoforge.client.event.ScreenEvent$MouseScrolled$Pre) to the game event bus
[15:34:44] [modloading-worker-0/DEBUG] (net.neoforged.fml.javafmlmod.AutomaticEventSubscriber) Subscribing method public static void dev.architectury.event.forge.EventHandlerImplClient.eventMouseClickedEvent(net.neoforged.neoforge.client.event.ScreenEvent$MouseButtonPressed$Pre) to the game event bus
[15:34:44] [modloading-worker-0/DEBUG] (net.neoforged.fml.javafmlmod.AutomaticEventSubscriber) Subscribing method public static void dev.architectury.event.forge.EventHandlerImplClient.eventMouseClickedEvent(net.neoforged.neoforge.client.event.ScreenEvent$MouseButtonPressed$Post) to the game event bus
[15:34:44] [modloading-worker-0/DEBUG] (net.neoforged.fml.javafmlmod.AutomaticEventSubscriber) Subscribing method public static void dev.architectury.event.forge.EventHandlerImplClient.eventMouseDragEvent(net.neoforged.neoforge.client.event.ScreenEvent$MouseDragged$Post) to the game event bus
[15:34:44] [modloading-worker-0/DEBUG] (net.neoforged.fml.javafmlmod.AutomaticEventSubscriber) Subscribing method public static void dev.architectury.event.forge.EventHandlerImplClient.eventMouseDragEvent(net.neoforged.neoforge.client.event.ScreenEvent$MouseDragged$Pre) to the game event bus
[15:34:44] [modloading-worker-0/DEBUG] (net.neoforged.fml.javafmlmod.AutomaticEventSubscriber) Subscribing method public static void dev.architectury.event.forge.EventHandlerImplClient.eventMouseReleasedEvent(net.neoforged.neoforge.client.event.ScreenEvent$MouseButtonReleased$Post) to the game event bus
[15:34:44] [modloading-worker-0/DEBUG] (net.neoforged.fml.javafmlmod.AutomaticEventSubscriber) Subscribing method public static void dev.architectury.event.forge.EventHandlerImplClient.eventMouseReleasedEvent(net.neoforged.neoforge.client.event.ScreenEvent$MouseButtonReleased$Pre) to the game event bus
[15:34:44] [modloading-worker-0/DEBUG] (net.neoforged.fml.javafmlmod.AutomaticEventSubscriber) Subscribing method public static void dev.architectury.event.forge.EventHandlerImplClient.eventKeyboardCharTypedEvent(net.neoforged.neoforge.client.event.ScreenEvent$CharacterTyped$Pre) to the game event bus
[15:34:44] [modloading-worker-0/DEBUG] (net.neoforged.fml.javafmlmod.AutomaticEventSubscriber) Subscribing method public static void dev.architectury.event.forge.EventHandlerImplClient.eventKeyboardCharTypedEvent(net.neoforged.neoforge.client.event.ScreenEvent$CharacterTyped$Post) to the game event bus
[15:34:44] [modloading-worker-0/DEBUG] (net.neoforged.fml.javafmlmod.AutomaticEventSubscriber) Subscribing method public static void dev.architectury.event.forge.EventHandlerImplClient.eventKeyboardKeyPressedEvent(net.neoforged.neoforge.client.event.ScreenEvent$KeyPressed$Pre) to the game event bus
[15:34:44] [modloading-worker-0/DEBUG] (net.neoforged.fml.javafmlmod.AutomaticEventSubscriber) Subscribing method public static void dev.architectury.event.forge.EventHandlerImplClient.eventKeyboardKeyPressedEvent(net.neoforged.neoforge.client.event.ScreenEvent$KeyPressed$Post) to the game event bus
[15:34:44] [modloading-worker-0/DEBUG] (net.neoforged.fml.javafmlmod.AutomaticEventSubscriber) Subscribing method public static void dev.architectury.event.forge.EventHandlerImplClient.eventKeyboardKeyReleasedEvent(net.neoforged.neoforge.client.event.ScreenEvent$KeyReleased$Pre) to the game event bus
[15:34:44] [modloading-worker-0/DEBUG] (net.neoforged.fml.javafmlmod.AutomaticEventSubscriber) Subscribing method public static void dev.architectury.event.forge.EventHandlerImplClient.eventKeyboardKeyReleasedEvent(net.neoforged.neoforge.client.event.ScreenEvent$KeyReleased$Post) to the game event bus
[15:34:44] [modloading-worker-0/DEBUG] (net.neoforged.fml.javafmlmod.AutomaticEventSubscriber) Subscribing method public static void dev.architectury.event.forge.EventHandlerImplClient.eventInputEvent(net.neoforged.neoforge.client.event.InputEvent$Key) to the game event bus
[15:34:44] [modloading-worker-0/DEBUG] (net.neoforged.fml.javafmlmod.AutomaticEventSubscriber) Subscribing method public static void dev.architectury.event.forge.EventHandlerImplClient.eventInputEvent(net.neoforged.neoforge.client.event.InputEvent$MouseButton$Post) to the game event bus
[15:34:44] [modloading-worker-0/DEBUG] (net.neoforged.fml.javafmlmod.AutomaticEventSubscriber) Subscribing method public static void dev.architectury.event.forge.EventHandlerImplClient.eventInputEvent(net.neoforged.neoforge.client.event.InputEvent$MouseButton$Pre) to the game event bus
[15:34:44] [modloading-worker-0/DEBUG] (net.neoforged.fml.javafmlmod.AutomaticEventSubscriber) Subscribing method public static void dev.architectury.event.forge.EventHandlerImplClient.eventInputEvent(net.neoforged.neoforge.client.event.InputEvent$MouseScrollingEvent) to the game event bus
[15:34:44] [modloading-worker-0/DEBUG] (net.neoforged.fml.javafmlmod.AutomaticEventSubscriber) Subscribing method public static void dev.architectury.event.forge.EventHandlerImplClient.event(net.neoforged.neoforge.client.event.ClientTickEvent$Post) to the game event bus
[15:34:44] [modloading-worker-0/DEBUG] (net.neoforged.fml.javafmlmod.AutomaticEventSubscriber) Subscribing method public static void dev.architectury.event.forge.EventHandlerImplClient.event(net.neoforged.neoforge.client.event.ClientTickEvent$Pre) to the game event bus
[15:34:44] [modloading-worker-0/DEBUG] (net.neoforged.fml.javafmlmod.AutomaticEventSubscriber) Subscribing method public static void dev.architectury.event.forge.EventHandlerImplClient.event(net.neoforged.neoforge.event.entity.player.ItemTooltipEvent) to the game event bus
[15:34:44] [modloading-worker-0/DEBUG] (net.neoforged.fml.javafmlmod.AutomaticEventSubscriber) Subscribing method public static void dev.architectury.event.forge.EventHandlerImplClient.event(net.neoforged.neoforge.client.event.RegisterClientCommandsEvent) to the game event bus
[15:34:44] [modloading-worker-0/DEBUG] (net.neoforged.fml.javafmlmod.AutomaticEventSubscriber) Subscribing method public static void dev.architectury.event.forge.EventHandlerImplClient.event(net.neoforged.neoforge.client.event.ClientPlayerNetworkEvent$LoggingIn) to the game event bus
[15:34:44] [modloading-worker-0/DEBUG] (net.neoforged.fml.javafmlmod.AutomaticEventSubscriber) Subscribing method public static void dev.architectury.event.forge.EventHandlerImplClient.event(net.neoforged.neoforge.client.event.ClientChatReceivedEvent) to the game event bus
[15:34:44] [modloading-worker-0/DEBUG] (net.neoforged.fml.javafmlmod.AutomaticEventSubscriber) Subscribing method public static void dev.architectury.event.forge.EventHandlerImplClient.event(net.neoforged.neoforge.client.event.ClientChatEvent) to the game event bus
[15:34:44] [modloading-worker-0/DEBUG] (net.neoforged.fml.javafmlmod.AutomaticEventSubscriber) Subscribing method public static void dev.architectury.event.forge.EventHandlerImplClient.event(net.neoforged.neoforge.client.event.ClientPlayerNetworkEvent$Clone) to the game event bus
[15:34:44] [modloading-worker-0/DEBUG] (net.neoforged.fml.javafmlmod.AutomaticEventSubscriber) Subscribing method public static void dev.architectury.event.forge.EventHandlerImplClient.event(net.neoforged.neoforge.client.event.ClientPlayerNetworkEvent$LoggingOut) to the game event bus
[15:34:44] [modloading-worker-0/DEBUG] (net.neoforged.fml.javafmlmod.AutomaticEventSubscriber) Subscribing method public static void dev.architectury.event.forge.EventHandlerImplClient.event(net.neoforged.neoforge.client.event.ScreenEvent$Opening) to the game event bus
[15:34:44] [modloading-worker-0/DEBUG] (net.neoforged.fml.javafmlmod.AutomaticEventSubscriber) Scanning class dev.architectury.hooks.client.forge.ClientExtensionsRegistryImpl for @SubscribeEvent-annotated methods
[15:34:44] [modloading-worker-0/DEBUG] (net.neoforged.fml.javafmlmod.AutomaticEventSubscriber) Subscribing method public static void dev.architectury.hooks.client.forge.ClientExtensionsRegistryImpl.onEvent(net.neoforged.neoforge.client.extensions.common.RegisterClientExtensionsEvent) to the event bus of mod architectury
[15:34:44] [modloading-worker-0/DEBUG] (net.neoforged.fml.javafmlmod.AutomaticEventSubscriber) Scanning class dev.architectury.registry.client.forge.ClientReloadListenerRegistryImpl for @SubscribeEvent-annotated methods
[15:34:44] [modloading-worker-0/DEBUG] (net.neoforged.fml.javafmlmod.AutomaticEventSubscriber) Subscribing method public static void dev.architectury.registry.client.forge.ClientReloadListenerRegistryImpl.addClientReloadListeners(net.neoforged.neoforge.client.event.AddClientReloadListenersEvent) to the event bus of mod architectury
[15:34:44] [modloading-worker-0/DEBUG] (net.neoforged.fml.javafmlmod.AutomaticEventSubscriber) Scanning class dev.architectury.event.forge.EventHandlerImplClient$ModBasedEventHandler for @SubscribeEvent-annotated methods
[15:34:44] [modloading-worker-0/DEBUG] (net.neoforged.fml.javafmlmod.AutomaticEventSubscriber) Subscribing method public static void dev.architectury.event.forge.EventHandlerImplClient$ModBasedEventHandler.event(net.neoforged.fml.event.lifecycle.FMLClientSetupEvent) to the event bus of mod architectury
[15:34:44] [modloading-worker-0/DEBUG] (net.neoforged.fml.config.ConfigTracker) Config file neoforge-client.toml for neoforge tracking
[15:34:44] [modloading-worker-0/DEBUG] (mixin) Mixing MultiplayerScreenMixin from reload_server_list.mixins.json into net.minecraft.client.gui.screen.multiplayer.MultiplayerScreen
[15:34:44] [modloading-worker-0/DEBUG] (net.neoforged.accesstransformer.AccessTransformer) Transforming net.minecraft.client.gui.screen.Screen FIELD selectables PUBLIC LEAVE META-INF/accesstransformer.cfg:230 to access PUBLIC and LEAVE
[15:34:44] [modloading-worker-0/DEBUG] (net.neoforged.accesstransformer.AccessTransformer) Transforming net.minecraft.client.gui.screen.Screen FIELD drawables PUBLIC LEAVE META-INF/accesstransformer.cfg:231 to access PUBLIC and LEAVE
[15:34:44] [modloading-worker-0/DEBUG] (net.neoforged.accesstransformer.AccessTransformer) Transforming net.minecraft.client.gui.screen.Screen METHOD addDrawableChild(Lnet/minecraft/client/gui/Element;)Lnet/minecraft/client/gui/Element; PUBLIC LEAVE META-INF/accesstransformer.cfg:232 to access PUBLIC and LEAVE
[15:34:44] [modloading-worker-0/DEBUG] (net.neoforged.accesstransformer.AccessTransformer) Transforming net.minecraft.client.gui.screen.Screen METHOD addDrawable(Lnet/minecraft/client/gui/Drawable;)Lnet/minecraft/client/gui/Drawable; PUBLIC LEAVE META-INF/accesstransformer.cfg:233 to access PUBLIC and LEAVE
[15:34:44] [modloading-worker-0/DEBUG] (net.neoforged.accesstransformer.AccessTransformer) Transforming net.minecraft.client.gui.screen.Screen METHOD addSelectableChild(Lnet/minecraft/client/gui/Element;)Lnet/minecraft/client/gui/Element; PUBLIC LEAVE META-INF/accesstransformer.cfg:234 to access PUBLIC and LEAVE
[15:34:44] [modloading-worker-0/DEBUG] (mixin) reload_server_list.mixins.json:MultiplayerScreenMixin from mod reload_server_list->@Inject::reloadKey(Lnet/minecraft/client/input/KeyInput;Lorg/spongepowered/asm/mixin/injection/callback/CallbackInfoReturnable;)V doesn't use it's CallbackInfoReturnable
[15:34:44] [modloading-worker-0/DEBUG] (mixin) reload_server_list.mixins.json:MultiplayerScreenMixin from mod reload_server_list->@Inject::reloadKey(Lnet/minecraft/client/input/KeyInput;Lorg/spongepowered/asm/mixin/injection/callback/CallbackInfoReturnable;)V has 0 override(s) in child classes
[15:34:44] [modloading-worker-0/DEBUG] (mixin) reload_server_list.mixins.json:MultiplayerScreenMixin from mod reload_server_list->@Inject::reloadKey(Lnet/minecraft/client/input/KeyInput;Lorg/spongepowered/asm/mixin/injection/callback/CallbackInfoReturnable;)V won't be passed a CallbackInfoReturnable as a result
[15:34:44] [modloading-worker-0/DEBUG] (mixin) reload_server_list.mixins.json:MultiplayerScreenMixin from mod reload_server_list->@Inject::f5MakeNoise(Lnet/minecraft/client/input/KeyInput;Lorg/spongepowered/asm/mixin/injection/callback/CallbackInfoReturnable;)V doesn't use it's CallbackInfoReturnable
[15:34:44] [modloading-worker-0/DEBUG] (mixin) reload_server_list.mixins.json:MultiplayerScreenMixin from mod reload_server_list->@Inject::f5MakeNoise(Lnet/minecraft/client/input/KeyInput;Lorg/spongepowered/asm/mixin/injection/callback/CallbackInfoReturnable;)V has 0 override(s) in child classes
[15:34:44] [modloading-worker-0/DEBUG] (mixin) reload_server_list.mixins.json:MultiplayerScreenMixin from mod reload_server_list->@Inject::f5MakeNoise(Lnet/minecraft/client/input/KeyInput;Lorg/spongepowered/asm/mixin/injection/callback/CallbackInfoReturnable;)V won't be passed a CallbackInfoReturnable as a result
[15:34:44] [modloading-worker-0/DEBUG] (net.neoforged.fml.javafmlmod.AutomaticEventSubscriber) Attempting to inject @EventBusSubscriber classes into the eventbus for neoforge
[15:34:44] [modloading-worker-0/DEBUG] (net.neoforged.fml.javafmlmod.AutomaticEventSubscriber) Scanning class net.neoforged.neoforge.model.data.ModelDataManager for @SubscribeEvent-annotated methods
[15:34:44] [modloading-worker-0/DEBUG] (net.neoforged.fml.javafmlmod.AutomaticEventSubscriber) Subscribing method public static void net.neoforged.neoforge.model.data.ModelDataManager.onChunkUnload(net.neoforged.neoforge.event.level.ChunkEvent$Unload) to the game event bus
[15:34:44] [modloading-worker-0/DEBUG] (net.neoforged.fml.javafmlmod.AutomaticEventSubscriber) Scanning class net.neoforged.neoforge.attachment.AttachmentInternals for @SubscribeEvent-annotated methods
[15:34:44] [modloading-worker-0/DEBUG] (net.neoforged.fml.javafmlmod.AutomaticEventSubscriber) Subscribing method public static void net.neoforged.neoforge.attachment.AttachmentInternals.onLivingConvert(net.neoforged.neoforge.event.entity.living.LivingConversionEvent$Post) to the game event bus
[15:34:44] [modloading-worker-0/DEBUG] (net.neoforged.fml.javafmlmod.AutomaticEventSubscriber) Subscribing method public static void net.neoforged.neoforge.attachment.AttachmentInternals.onPlayerClone(net.neoforged.neoforge.event.entity.player.PlayerEvent$Clone) to the game event bus
[15:34:44] [modloading-worker-0/DEBUG] (net.neoforged.fml.javafmlmod.AutomaticEventSubscriber) Scanning class net.neoforged.neoforge.attachment.AttachmentSync for @SubscribeEvent-annotated methods
[15:34:44] [modloading-worker-0/DEBUG] (net.neoforged.fml.javafmlmod.AutomaticEventSubscriber) Subscribing method public static void net.neoforged.neoforge.attachment.AttachmentSync.onChunkSent(net.neoforged.neoforge.event.level.ChunkWatchEvent$Sent) to the game event bus
[15:34:44] [modloading-worker-0/DEBUG] (net.neoforged.fml.javafmlmod.AutomaticEventSubscriber) Scanning class net.neoforged.neoforge.client.BlockEntityRenderBoundsDebugRenderer for @SubscribeEvent-annotated methods
[15:34:44] [modloading-worker-0/DEBUG] (net.neoforged.fml.javafmlmod.AutomaticEventSubscriber) Subscribing method public static void net.neoforged.neoforge.client.BlockEntityRenderBoundsDebugRenderer.onRenderLevelStage(net.neoforged.neoforge.client.event.RenderLevelStageEvent$AfterEntities) to the game event bus
[15:34:44] [modloading-worker-0/DEBUG] (net.neoforged.fml.javafmlmod.AutomaticEventSubscriber) Subscribing method public static void net.neoforged.neoforge.client.BlockEntityRenderBoundsDebugRenderer.onRegisterClientCommands(net.neoforged.neoforge.client.event.RegisterClientCommandsEvent) to the game event bus
[15:34:44] [modloading-worker-0/DEBUG] (net.neoforged.fml.javafmlmod.AutomaticEventSubscriber) Subscribing method public static void net.neoforged.neoforge.client.BlockEntityRenderBoundsDebugRenderer.onExtractLevelRenderState(net.neoforged.neoforge.client.event.ExtractLevelRenderStateEvent) to the game event bus
[15:34:44] [modloading-worker-0/DEBUG] (net.neoforged.fml.javafmlmod.AutomaticEventSubscriber) Scanning class net.neoforged.neoforge.client.NeoForgeRenderPipelines for @SubscribeEvent-annotated methods
[15:34:44] [modloading-worker-0/DEBUG] (net.neoforged.accesstransformer.AccessTransformer) Transforming net.minecraft.client.gl.RenderPipelines FIELD PIPELINES PUBLIC LEAVE META-INF/accesstransformer.cfg:99 to access PUBLIC and LEAVE
[15:34:44] [modloading-worker-0/DEBUG] (net.neoforged.accesstransformer.AccessTransformer) Transforming net.minecraft.client.gl.RenderPipelines FIELD TRANSFORMS_AND_PROJECTION_SNIPPET PUBLIC LEAVE META-INF/accesstransformer.cfg:104 to access PUBLIC and LEAVE
[15:34:44] [modloading-worker-0/DEBUG] (net.neoforged.accesstransformer.AccessTransformer) Transforming net.minecraft.client.gl.RenderPipelines FIELD FOG_SNIPPET PUBLIC LEAVE META-INF/accesstransformer.cfg:110 to access PUBLIC and LEAVE
[15:34:44] [modloading-worker-0/DEBUG] (net.neoforged.accesstransformer.AccessTransformer) Transforming net.minecraft.client.gl.RenderPipelines FIELD GLOBALS_SNIPPET PUBLIC LEAVE META-INF/accesstransformer.cfg:109 to access PUBLIC and LEAVE
[15:34:44] [modloading-worker-0/DEBUG] (net.neoforged.accesstransformer.AccessTransformer) Transforming net.minecraft.client.gl.RenderPipelines FIELD TRANSFORMS_PROJECTION_FOG_SNIPPET PUBLIC LEAVE META-INF/accesstransformer.cfg:105 to access PUBLIC and LEAVE
[15:34:44] [modloading-worker-0/DEBUG] (net.neoforged.accesstransformer.AccessTransformer) Transforming net.minecraft.client.gl.RenderPipelines FIELD TRANSFORMS_PROJECTION_FOG_LIGHTING_SNIPPET PUBLIC LEAVE META-INF/accesstransformer.cfg:97 to access PUBLIC and LEAVE
[15:34:44] [modloading-worker-0/DEBUG] (net.neoforged.accesstransformer.AccessTransformer) Transforming net.minecraft.client.gl.RenderPipelines FIELD TERRAIN_SNIPPET PUBLIC LEAVE META-INF/accesstransformer.cfg:96 to access PUBLIC and LEAVE
[15:34:44] [modloading-worker-0/DEBUG] (net.neoforged.accesstransformer.AccessTransformer) Transforming net.minecraft.client.gl.RenderPipelines FIELD ENTITY_SNIPPET PUBLIC LEAVE META-INF/accesstransformer.cfg:101 to access PUBLIC and LEAVE
[15:34:44] [modloading-worker-0/DEBUG] (net.neoforged.accesstransformer.AccessTransformer) Transforming net.minecraft.client.gl.RenderPipelines FIELD ENTITY_EMISSIVE_SNIPPET PUBLIC LEAVE META-INF/accesstransformer.cfg:114 to access PUBLIC and LEAVE
[15:34:44] [modloading-worker-0/DEBUG] (net.neoforged.accesstransformer.AccessTransformer) Transforming net.minecraft.client.gl.RenderPipelines FIELD RENDERTYPE_BEACON_BEAM_SNIPPET PUBLIC LEAVE META-INF/accesstransformer.cfg:106 to access PUBLIC and LEAVE
[15:34:44] [modloading-worker-0/DEBUG] (net.neoforged.accesstransformer.AccessTransformer) Transforming net.minecraft.client.gl.RenderPipelines FIELD TEXT_SNIPPET PUBLIC LEAVE META-INF/accesstransformer.cfg:103 to access PUBLIC and LEAVE
[15:34:44] [modloading-worker-0/DEBUG] (net.neoforged.accesstransformer.AccessTransformer) Transforming net.minecraft.client.gl.RenderPipelines FIELD RENDERTYPE_END_PORTAL_SNIPPET PUBLIC LEAVE META-INF/accesstransformer.cfg:108 to access PUBLIC and LEAVE
[15:34:44] [modloading-worker-0/DEBUG] (net.neoforged.accesstransformer.AccessTransformer) Transforming net.minecraft.client.gl.RenderPipelines FIELD RENDERTYPE_CLOUDS_SNIPPET PUBLIC LEAVE META-INF/accesstransformer.cfg:100 to access PUBLIC and LEAVE
[15:34:44] [modloading-worker-0/DEBUG] (net.neoforged.accesstransformer.AccessTransformer) Transforming net.minecraft.client.gl.RenderPipelines FIELD RENDERTYPE_LINES_SNIPPET PUBLIC LEAVE META-INF/accesstransformer.cfg:111 to access PUBLIC and LEAVE
[15:34:44] [modloading-worker-0/DEBUG] (net.neoforged.accesstransformer.AccessTransformer) Transforming net.minecraft.client.gl.RenderPipelines FIELD POSITION_COLOR_SNIPPET PUBLIC LEAVE META-INF/accesstransformer.cfg:113 to access PUBLIC and LEAVE
[15:34:44] [modloading-worker-0/DEBUG] (net.neoforged.accesstransformer.AccessTransformer) Transforming net.minecraft.client.gl.RenderPipelines FIELD PARTICLE_SNIPPET PUBLIC LEAVE META-INF/accesstransformer.cfg:98 to access PUBLIC and LEAVE
[15:34:44] [modloading-worker-0/DEBUG] (net.neoforged.accesstransformer.AccessTransformer) Transforming net.minecraft.client.gl.RenderPipelines FIELD WEATHER_SNIPPET PUBLIC LEAVE META-INF/accesstransformer.cfg:112 to access PUBLIC and LEAVE
[15:34:44] [modloading-worker-0/DEBUG] (net.neoforged.accesstransformer.AccessTransformer) Transforming net.minecraft.client.gl.RenderPipelines FIELD GUI_SNIPPET PUBLIC LEAVE META-INF/accesstransformer.cfg:107 to access PUBLIC and LEAVE
[15:34:44] [modloading-worker-0/DEBUG] (net.neoforged.accesstransformer.AccessTransformer) Transforming net.minecraft.client.gl.RenderPipelines FIELD POSITION_TEX_COLOR_SNIPPET PUBLIC LEAVE META-INF/accesstransformer.cfg:115 to access PUBLIC and LEAVE
[15:34:44] [modloading-worker-0/DEBUG] (net.neoforged.accesstransformer.AccessTransformer) Transforming net.minecraft.client.gl.RenderPipelines FIELD GUI_TEXT_SNIPPET PUBLIC LEAVE META-INF/accesstransformer.cfg:95 to access PUBLIC and LEAVE
[15:34:44] [modloading-worker-0/DEBUG] (net.neoforged.accesstransformer.AccessTransformer) Transforming net.minecraft.client.gl.RenderPipelines FIELD RENDERTYPE_OUTLINE_SNIPPET PUBLIC LEAVE META-INF/accesstransformer.cfg:102 to access PUBLIC and LEAVE
[15:34:44] [modloading-worker-0/DEBUG] (net.neoforged.fml.javafmlmod.AutomaticEventSubscriber) Subscribing method public static void net.neoforged.neoforge.client.NeoForgeRenderPipelines.registerPipelines(net.neoforged.neoforge.client.event.RegisterRenderPipelinesEvent) to the event bus of mod neoforge
[15:34:44] [modloading-worker-0/DEBUG] (net.neoforged.fml.javafmlmod.AutomaticEventSubscriber) Scanning class net.neoforged.neoforge.client.network.ClientPayloadHandler for @SubscribeEvent-annotated methods
[15:34:44] [modloading-worker-0/DEBUG] (net.neoforged.accesstransformer.AccessTransformer) Transforming net.minecraft.client.MinecraftClient FIELD particleSpriteManager PUBLIC LEAVE META-INF/accesstransformer.cfg:204 to access PUBLIC and LEAVE
[15:34:44] [modloading-worker-0/DEBUG] (mixin) Mixing MixinMinecraft from architectury.mixins.json into net.minecraft.client.MinecraftClient
[15:34:44] [modloading-worker-0/DEBUG] (mixin) architectury.mixins.json:MixinMinecraft from mod architectury: Class version 65 required is higher than the class version supported by the current version of Mixin (JAVA_16 supports class version 60)
[15:34:44] [modloading-worker-0/DEBUG] (mixin) architectury.mixins.json:MixinMinecraft from mod architectury->@Inject::onStart(Lorg/spongepowered/asm/mixin/injection/callback/CallbackInfo;)V doesn't use it's CallbackInfo
[15:34:44] [modloading-worker-0/DEBUG] (mixin) architectury.mixins.json:MixinMinecraft from mod architectury->@Inject::onStart(Lorg/spongepowered/asm/mixin/injection/callback/CallbackInfo;)V has 0 override(s) in child classes
[15:34:44] [modloading-worker-0/DEBUG] (mixin) architectury.mixins.json:MixinMinecraft from mod architectury->@Inject::onStart(Lorg/spongepowered/asm/mixin/injection/callback/CallbackInfo;)V won't be passed a CallbackInfo as a result
[15:34:44] [modloading-worker-0/DEBUG] (mixin) architectury.mixins.json:MixinMinecraft from mod architectury->@Inject::onStopping(Lorg/spongepowered/asm/mixin/injection/callback/CallbackInfo;)V doesn't use it's CallbackInfo
[15:34:44] [modloading-worker-0/DEBUG] (mixin) architectury.mixins.json:MixinMinecraft from mod architectury->@Inject::onStopping(Lorg/spongepowered/asm/mixin/injection/callback/CallbackInfo;)V has 0 override(s) in child classes
[15:34:44] [modloading-worker-0/DEBUG] (mixin) architectury.mixins.json:MixinMinecraft from mod architectury->@Inject::onStopping(Lorg/spongepowered/asm/mixin/injection/callback/CallbackInfo;)V won't be passed a CallbackInfo as a result
[15:34:44] [modloading-worker-0/DEBUG] (net.neoforged.fml.javafmlmod.AutomaticEventSubscriber) Attempting to inject @EventBusSubscriber classes into the eventbus for reload_server_list
[15:34:44] [modloading-worker-0/DEBUG] (net.neoforged.fml.javafmlmod.AutomaticEventSubscriber) Subscribing method private static void net.neoforged.neoforge.client.network.ClientPayloadHandler.register(net.neoforged.neoforge.client.network.event.RegisterClientPayloadHandlersEvent) to the event bus of mod neoforge
[15:34:44] [modloading-worker-0/DEBUG] (net.neoforged.fml.javafmlmod.AutomaticEventSubscriber) Scanning class net.neoforged.neoforge.network.ConfigurationInitialization for @SubscribeEvent-annotated methods
[15:34:44] [modloading-worker-0/DEBUG] (net.neoforged.fml.javafmlmod.AutomaticEventSubscriber) Subscribing method private static void net.neoforged.neoforge.network.ConfigurationInitialization.configureModdedClient(net.neoforged.neoforge.network.event.RegisterConfigurationTasksEvent) to the event bus of mod neoforge
[15:34:44] [modloading-worker-0/DEBUG] (net.neoforged.fml.javafmlmod.AutomaticEventSubscriber) Scanning class net.neoforged.neoforge.network.NetworkInitialization for @SubscribeEvent-annotated methods
[15:34:44] [modloading-worker-0/DEBUG] (net.neoforged.fml.javafmlmod.AutomaticEventSubscriber) Subscribing method private static void net.neoforged.neoforge.network.NetworkInitialization.register(net.neoforged.neoforge.network.event.RegisterPayloadHandlersEvent) to the event bus of mod neoforge
[15:34:44] [modloading-worker-0/DEBUG] (net.neoforged.fml.javafmlmod.AutomaticEventSubscriber) Scanning class net.neoforged.neoforge.common.MonsterRoomHooks for @SubscribeEvent-annotated methods
[15:34:44] [modloading-worker-0/DEBUG] (net.neoforged.fml.javafmlmod.AutomaticEventSubscriber) Subscribing method public static void net.neoforged.neoforge.common.MonsterRoomHooks.onDataMapsUpdated(net.neoforged.neoforge.registries.datamaps.DataMapsUpdatedEvent) to the game event bus
[15:34:44] [modloading-worker-0/DEBUG] (net.neoforged.fml.javafmlmod.AutomaticEventSubscriber) Scanning class net.neoforged.neoforge.network.filters.GenericPacketSplitter for @SubscribeEvent-annotated methods
[15:34:44] [modloading-worker-0/DEBUG] (io.netty.buffer.AbstractByteBuf) -Dio.netty.buffer.checkAccessible: true
[15:34:44] [modloading-worker-0/DEBUG] (io.netty.buffer.AbstractByteBuf) -Dio.netty.buffer.checkBounds: true
[15:34:44] [modloading-worker-0/DEBUG] (io.netty.util.ResourceLeakDetectorFactory) Loaded default ResourceLeakDetector: io.netty.util.ResourceLeakDetector@210084b2
[15:34:44] [modloading-worker-0/DEBUG] (io.netty.util.internal.InternalThreadLocalMap) -Dio.netty.threadLocalMap.stringBuilder.initialSize: 1024
[15:34:44] [modloading-worker-0/DEBUG] (io.netty.util.internal.InternalThreadLocalMap) -Dio.netty.threadLocalMap.stringBuilder.maxSize: 4096
[15:34:44] [modloading-worker-0/DEBUG] (io.netty.buffer.PooledByteBufAllocator) -Dio.netty.allocator.numHeapArenas: 24
[15:34:44] [modloading-worker-0/DEBUG] (io.netty.buffer.PooledByteBufAllocator) -Dio.netty.allocator.numDirectArenas: 24
[15:34:44] [modloading-worker-0/DEBUG] (io.netty.buffer.PooledByteBufAllocator) -Dio.netty.allocator.pageSize: 8192
[15:34:44] [modloading-worker-0/DEBUG] (io.netty.buffer.PooledByteBufAllocator) -Dio.netty.allocator.maxOrder: 9
[15:34:44] [modloading-worker-0/DEBUG] (io.netty.buffer.PooledByteBufAllocator) -Dio.netty.allocator.chunkSize: 4194304
[15:34:44] [modloading-worker-0/DEBUG] (io.netty.buffer.PooledByteBufAllocator) -Dio.netty.allocator.smallCacheSize: 256
[15:34:44] [modloading-worker-0/DEBUG] (io.netty.buffer.PooledByteBufAllocator) -Dio.netty.allocator.normalCacheSize: 64
[15:34:44] [modloading-worker-0/DEBUG] (io.netty.buffer.PooledByteBufAllocator) -Dio.netty.allocator.maxCachedBufferCapacity: 32768
[15:34:44] [modloading-worker-0/DEBUG] (io.netty.buffer.PooledByteBufAllocator) -Dio.netty.allocator.cacheTrimInterval: 8192
[15:34:44] [modloading-worker-0/DEBUG] (io.netty.buffer.PooledByteBufAllocator) -Dio.netty.allocator.cacheTrimIntervalMillis: 0
[15:34:44] [modloading-worker-0/DEBUG] (io.netty.buffer.PooledByteBufAllocator) -Dio.netty.allocator.useCacheForAllThreads: false
[15:34:44] [modloading-worker-0/DEBUG] (io.netty.buffer.PooledByteBufAllocator) -Dio.netty.allocator.maxCachedByteBuffersPerChunk: 1023
[15:34:44] [modloading-worker-0/DEBUG] (io.netty.buffer.PooledByteBufAllocator) -Dio.netty.allocator.disableCacheFinalizersForFastThreadLocalThreads: false
[15:34:44] [modloading-worker-0/DEBUG] (io.netty.buffer.ByteBufUtil) -Dio.netty.allocator.type: pooled
[15:34:44] [modloading-worker-0/DEBUG] (io.netty.buffer.ByteBufUtil) -Dio.netty.threadLocalDirectBufferSize: 0
[15:34:44] [modloading-worker-0/DEBUG] (io.netty.buffer.ByteBufUtil) -Dio.netty.maxThreadLocalCharBufferSize: 16384
[15:34:44] [modloading-worker-0/DEBUG] (net.neoforged.fml.javafmlmod.AutomaticEventSubscriber) Subscribing method private static void net.neoforged.neoforge.network.filters.GenericPacketSplitter.register(net.neoforged.neoforge.network.event.RegisterPayloadHandlersEvent) to the event bus of mod neoforge
[15:34:44] [modloading-sync-worker/DEBUG] (net.neoforged.neoforge.registries.GameData) Unfreezing registries
[15:34:44] [modloading-sync-worker/DEBUG] (net.neoforged.accesstransformer.AccessTransformer) Transforming net.minecraft.util.WorldSavePath METHOD <init>(Ljava/lang/String;)V PUBLIC LEAVE META-INF/accesstransformer.cfg:28 to access PUBLIC and LEAVE
[15:34:44] [modloading-sync-worker/DEBUG] (net.neoforged.neoforge.registries.GameData) Freezing registries
[15:34:44] [modloading-sync-worker/DEBUG] (net.neoforged.neoforge.registries.GameData) All registries frozen
[15:34:44] [modloading-sync-worker/DEBUG] (net.neoforged.fml.config.ConfigTracker) Loading configs type CLIENT
[15:34:44] [modloading-sync-worker/WARN] (net.neoforged.fml.config.ConfigTracker) Configuration file /home/lordender_kitty/IdeaProjects/Reload Server List/neoforge/run/config/neoforge-client.toml is not correct. Correcting
[15:34:44] [modloading-sync-worker/DEBUG] (net.neoforged.neoforge.common.NeoForgeMod) Loaded NeoForge config file neoforge-client.toml
[15:34:44] [modloading-sync-worker/DEBUG] (net.neoforged.fml.config.ConfigTracker) Loaded TOML config file /home/lordender_kitty/IdeaProjects/Reload Server List/neoforge/run/config/neoforge-client.toml
[15:34:44] [modloading-sync-worker/DEBUG] (net.neoforged.fml.config.ConfigTracker) Watching TOML config file /home/lordender_kitty/IdeaProjects/Reload Server List/neoforge/run/config/neoforge-client.toml for changes
[15:34:44] [modloading-sync-worker/DEBUG] (net.neoforged.fml.config.ConfigTracker) Loading configs type COMMON
[15:34:44] [modloading-sync-worker/DEBUG] (net.neoforged.neoforge.common.NeoForgeMod) Loaded NeoForge config file neoforge-common.toml
[15:34:44] [modloading-sync-worker/DEBUG] (net.neoforged.fml.config.ConfigTracker) Loaded TOML config file /home/lordender_kitty/IdeaProjects/Reload Server List/neoforge/run/config/neoforge-common.toml
[15:34:44] [modloading-sync-worker/DEBUG] (net.neoforged.fml.config.ConfigTracker) Watching TOML config file /home/lordender_kitty/IdeaProjects/Reload Server List/neoforge/run/config/neoforge-common.toml for changes
[15:34:44] [Render thread/DEBUG] (net.neoforged.accesstransformer.AccessTransformer) Transforming net.minecraft.resource.ResourcePackManager FIELD providers PUBLIC REMOVEFINAL META-INF/accesstransformer.cfg:125 to access PUBLIC and REMOVEFINAL
[15:34:44] [Render thread/INFO] (com.mojang.authlib.yggdrasil.YggdrasilAuthenticationService) Environment: Environment[sessionHost=https://sessionserver.mojang.com, servicesHost=https://api.minecraftservices.com, profilesHost=https://api.mojang.com, name=PROD]
[15:34:44] [Yggdrasil Key Fetcher/DEBUG] (com.mojang.authlib.minecraft.client.MinecraftClient) Connecting to https://api.minecraftservices.com/publickeys
[15:34:44] [Download-1/DEBUG] (com.mojang.authlib.minecraft.client.MinecraftClient) Connecting to https://sessionserver.mojang.com/session/minecraft/profile/380df991f603344ca090369bad2a924a?unsigned=false
[15:34:44] [Render thread/INFO] (net.minecraft.client.MinecraftClient) Setting user: Dev
[15:34:44] [Download-2/DEBUG] (com.mojang.authlib.minecraft.client.MinecraftClient) Connecting to https://api.minecraftservices.com/player/attributes
[15:34:44] [Render thread/INFO] (net.minecraft.client.MinecraftClient) Backend library: LWJGL version 3.3.3+5
[15:34:44] [Render thread/DEBUG] (oshi.util.FileUtil) Reading file /sys/devices/system/cpu/cpu0/topology/core_id
[15:34:44] [Render thread/DEBUG] (oshi.util.FileUtil) Reading file /sys/devices/system/cpu/cpu0/topology/core_id
[15:34:44] [Render thread/DEBUG] (oshi.util.FileUtil) Reading file /sys/devices/system/cpu/cpu0/topology/physical_package_id
[15:34:44] [Render thread/DEBUG] (oshi.util.FileUtil) Reading file /sys/devices/system/cpu/cpu0/topology/physical_package_id
[15:34:44] [Render thread/DEBUG] (oshi.util.FileUtil) Reading file /sys/devices/system/cpu/cpu0/cpu_capacity
[15:34:44] [Render thread/DEBUG] (oshi.util.FileUtil) Reading file /sys/devices/system/cpu/cpu0/cache/index2/level
[15:34:44] [Render thread/DEBUG] (oshi.util.FileUtil) Reading file /sys/devices/system/cpu/cpu0/cache/index2/level
[15:34:44] [Render thread/DEBUG] (oshi.util.FileUtil) Reading file /sys/devices/system/cpu/cpu0/cache/index2/type
[15:34:44] [Render thread/DEBUG] (oshi.util.FileUtil) Reading file /sys/devices/system/cpu/cpu0/cache/index2/type
[15:34:44] [Render thread/DEBUG] (oshi.util.FileUtil) Reading file /sys/devices/system/cpu/cpu0/cache/index2/ways_of_associativity
[15:34:44] [Render thread/DEBUG] (oshi.util.FileUtil) Reading file /sys/devices/system/cpu/cpu0/cache/index2/ways_of_associativity
[15:34:44] [Render thread/DEBUG] (oshi.util.FileUtil) Reading file /sys/devices/system/cpu/cpu0/cache/index2/coherency_line_size
[15:34:44] [Render thread/DEBUG] (oshi.util.FileUtil) Reading file /sys/devices/system/cpu/cpu0/cache/index2/coherency_line_size
[15:34:44] [Render thread/DEBUG] (oshi.util.FileUtil) Reading file /sys/devices/system/cpu/cpu0/cache/index2/size
[15:34:44] [Render thread/DEBUG] (oshi.util.FileUtil) Reading file /sys/devices/system/cpu/cpu0/cache/index2/size
[15:34:44] [Render thread/DEBUG] (oshi.util.FileUtil) Reading file /sys/devices/system/cpu/cpu0/cache/index0/level
[15:34:44] [Render thread/DEBUG] (oshi.util.FileUtil) Reading file /sys/devices/system/cpu/cpu0/cache/index0/level
[15:34:44] [Render thread/DEBUG] (oshi.util.FileUtil) Reading file /sys/devices/system/cpu/cpu0/cache/index0/type
[15:34:44] [Render thread/DEBUG] (oshi.util.FileUtil) Reading file /sys/devices/system/cpu/cpu0/cache/index0/type
[15:34:44] [Render thread/DEBUG] (oshi.util.FileUtil) Reading file /sys/devices/system/cpu/cpu0/cache/index0/ways_of_associativity
[15:34:44] [Render thread/DEBUG] (oshi.util.FileUtil) Reading file /sys/devices/system/cpu/cpu0/cache/index0/ways_of_associativity
[15:34:44] [Render thread/DEBUG] (oshi.util.FileUtil) Reading file /sys/devices/system/cpu/cpu0/cache/index0/coherency_line_size
[15:34:44] [Render thread/DEBUG] (oshi.util.FileUtil) Reading file /sys/devices/system/cpu/cpu0/cache/index0/coherency_line_size
[15:34:44] [Render thread/DEBUG] (oshi.util.FileUtil) Reading file /sys/devices/system/cpu/cpu0/cache/index0/size
[15:34:44] [Render thread/DEBUG] (oshi.util.FileUtil) Reading file /sys/devices/system/cpu/cpu0/cache/index0/size
[15:34:44] [Render thread/DEBUG] (oshi.util.FileUtil) Reading file /sys/devices/system/cpu/cpu0/cache/index3/level
[15:34:44] [Render thread/DEBUG] (oshi.util.FileUtil) Reading file /sys/devices/system/cpu/cpu0/cache/index3/level
[15:34:44] [Render thread/DEBUG] (oshi.util.FileUtil) Reading file /sys/devices/system/cpu/cpu0/cache/index3/type
[15:34:44] [Render thread/DEBUG] (oshi.util.FileUtil) Reading file /sys/devices/system/cpu/cpu0/cache/index3/type
[15:34:44] [Render thread/DEBUG] (oshi.util.FileUtil) Reading file /sys/devices/system/cpu/cpu0/cache/index3/ways_of_associativity
[15:34:44] [Render thread/DEBUG] (oshi.util.FileUtil) Reading file /sys/devices/system/cpu/cpu0/cache/index3/ways_of_associativity
[15:34:44] [Render thread/DEBUG] (oshi.util.FileUtil) Reading file /sys/devices/system/cpu/cpu0/cache/index3/coherency_line_size
[15:34:44] [Render thread/DEBUG] (oshi.util.FileUtil) Reading file /sys/devices/system/cpu/cpu0/cache/index3/coherency_line_size
[15:34:44] [Render thread/DEBUG] (oshi.util.FileUtil) Reading file /sys/devices/system/cpu/cpu0/cache/index3/size
[15:34:44] [Render thread/DEBUG] (oshi.util.FileUtil) Reading file /sys/devices/system/cpu/cpu0/cache/index3/size
[15:34:44] [Render thread/DEBUG] (oshi.util.FileUtil) Reading file /sys/devices/system/cpu/cpu0/cache/index1/level
[15:34:44] [Render thread/DEBUG] (oshi.util.FileUtil) Reading file /sys/devices/system/cpu/cpu0/cache/index1/level
[15:34:44] [Render thread/DEBUG] (oshi.util.FileUtil) Reading file /sys/devices/system/cpu/cpu0/cache/index1/type
[15:34:44] [Render thread/DEBUG] (oshi.util.FileUtil) Reading file /sys/devices/system/cpu/cpu0/cache/index1/type
[15:34:44] [Render thread/DEBUG] (oshi.util.FileUtil) Reading file /sys/devices/system/cpu/cpu0/cache/index1/ways_of_associativity
[15:34:44] [Render thread/DEBUG] (oshi.util.FileUtil) Reading file /sys/devices/system/cpu/cpu0/cache/index1/ways_of_associativity
[15:34:44] [Render thread/DEBUG] (oshi.util.FileUtil) Reading file /sys/devices/system/cpu/cpu0/cache/index1/coherency_line_size
[15:34:44] [Render thread/DEBUG] (oshi.util.FileUtil) Reading file /sys/devices/system/cpu/cpu0/cache/index1/coherency_line_size
[15:34:44] [Render thread/DEBUG] (oshi.util.FileUtil) Reading file /sys/devices/system/cpu/cpu0/cache/index1/size
[15:34:44] [Render thread/DEBUG] (oshi.util.FileUtil) Reading file /sys/devices/system/cpu/cpu0/cache/index1/size
[15:34:44] [Render thread/DEBUG] (oshi.util.FileUtil) Reading file /sys/devices/system/cpu/cpu1/topology/core_id
[15:34:44] [Render thread/DEBUG] (oshi.util.FileUtil) Reading file /sys/devices/system/cpu/cpu1/topology/core_id
[15:34:44] [Render thread/DEBUG] (oshi.util.FileUtil) Reading file /sys/devices/system/cpu/cpu1/topology/physical_package_id
[15:34:44] [Render thread/DEBUG] (oshi.util.FileUtil) Reading file /sys/devices/system/cpu/cpu1/topology/physical_package_id
[15:34:44] [Render thread/DEBUG] (oshi.util.FileUtil) Reading file /sys/devices/system/cpu/cpu1/cpu_capacity
[15:34:44] [Render thread/DEBUG] (oshi.util.FileUtil) Reading file /sys/devices/system/cpu/cpu1/cache/index2/level
[15:34:44] [Render thread/DEBUG] (oshi.util.FileUtil) Reading file /sys/devices/system/cpu/cpu1/cache/index2/level
[15:34:44] [Render thread/DEBUG] (oshi.util.FileUtil) Reading file /sys/devices/system/cpu/cpu1/cache/index2/type
[15:34:44] [Render thread/DEBUG] (oshi.util.FileUtil) Reading file /sys/devices/system/cpu/cpu1/cache/index2/type
[15:34:44] [Render thread/DEBUG] (oshi.util.FileUtil) Reading file /sys/devices/system/cpu/cpu1/cache/index2/ways_of_associativity
[15:34:44] [Render thread/DEBUG] (oshi.util.FileUtil) Reading file /sys/devices/system/cpu/cpu1/cache/index2/ways_of_associativity
[15:34:44] [Render thread/DEBUG] (oshi.util.FileUtil) Reading file /sys/devices/system/cpu/cpu1/cache/index2/coherency_line_size
[15:34:44] [Render thread/DEBUG] (oshi.util.FileUtil) Reading file /sys/devices/system/cpu/cpu1/cache/index2/coherency_line_size
[15:34:44] [Render thread/DEBUG] (oshi.util.FileUtil) Reading file /sys/devices/system/cpu/cpu1/cache/index2/size
[15:34:44] [Render thread/DEBUG] (oshi.util.FileUtil) Reading file /sys/devices/system/cpu/cpu1/cache/index2/size
[15:34:44] [Render thread/DEBUG] (oshi.util.FileUtil) Reading file /sys/devices/system/cpu/cpu1/cache/index0/level
[15:34:44] [Render thread/DEBUG] (oshi.util.FileUtil) Reading file /sys/devices/system/cpu/cpu1/cache/index0/level
[15:34:44] [Render thread/DEBUG] (oshi.util.FileUtil) Reading file /sys/devices/system/cpu/cpu1/cache/index0/type
[15:34:44] [Render thread/DEBUG] (oshi.util.FileUtil) Reading file /sys/devices/system/cpu/cpu1/cache/index0/type
[15:34:44] [Render thread/DEBUG] (oshi.util.FileUtil) Reading file /sys/devices/system/cpu/cpu1/cache/index0/ways_of_associativity
[15:34:44] [Render thread/DEBUG] (oshi.util.FileUtil) Reading file /sys/devices/system/cpu/cpu1/cache/index0/ways_of_associativity
[15:34:44] [Render thread/DEBUG] (oshi.util.FileUtil) Reading file /sys/devices/system/cpu/cpu1/cache/index0/coherency_line_size
[15:34:44] [Render thread/DEBUG] (oshi.util.FileUtil) Reading file /sys/devices/system/cpu/cpu1/cache/index0/coherency_line_size
[15:34:44] [Render thread/DEBUG] (oshi.util.FileUtil) Reading file /sys/devices/system/cpu/cpu1/cache/index0/size
[15:34:44] [Render thread/DEBUG] (oshi.util.FileUtil) Reading file /sys/devices/system/cpu/cpu1/cache/index0/size
[15:34:44] [Render thread/DEBUG] (oshi.util.FileUtil) Reading file /sys/devices/system/cpu/cpu1/cache/index3/level
[15:34:44] [Render thread/DEBUG] (oshi.util.FileUtil) Reading file /sys/devices/system/cpu/cpu1/cache/index3/level
[15:34:44] [Render thread/DEBUG] (oshi.util.FileUtil) Reading file /sys/devices/system/cpu/cpu1/cache/index3/type
[15:34:44] [Render thread/DEBUG] (oshi.util.FileUtil) Reading file /sys/devices/system/cpu/cpu1/cache/index3/type
[15:34:44] [Render thread/DEBUG] (oshi.util.FileUtil) Reading file /sys/devices/system/cpu/cpu1/cache/index3/ways_of_associativity
[15:34:44] [Render thread/DEBUG] (oshi.util.FileUtil) Reading file /sys/devices/system/cpu/cpu1/cache/index3/ways_of_associativity
[15:34:44] [Render thread/DEBUG] (oshi.util.FileUtil) Reading file /sys/devices/system/cpu/cpu1/cache/index3/coherency_line_size
[15:34:44] [Render thread/DEBUG] (oshi.util.FileUtil) Reading file /sys/devices/system/cpu/cpu1/cache/index3/coherency_line_size
[15:34:44] [Render thread/DEBUG] (oshi.util.FileUtil) Reading file /sys/devices/system/cpu/cpu1/cache/index3/size
[15:34:44] [Render thread/DEBUG] (oshi.util.FileUtil) Reading file /sys/devices/system/cpu/cpu1/cache/index3/size
[15:34:44] [Render thread/DEBUG] (oshi.util.FileUtil) Reading file /sys/devices/system/cpu/cpu1/cache/index1/level
[15:34:44] [Render thread/DEBUG] (oshi.util.FileUtil) Reading file /sys/devices/system/cpu/cpu1/cache/index1/level
[15:34:44] [Render thread/DEBUG] (oshi.util.FileUtil) Reading file /sys/devices/system/cpu/cpu1/cache/index1/type
[15:34:44] [Render thread/DEBUG] (oshi.util.FileUtil) Reading file /sys/devices/system/cpu/cpu1/cache/index1/type
[15:34:44] [Render thread/DEBUG] (oshi.util.FileUtil) Reading file /sys/devices/system/cpu/cpu1/cache/index1/ways_of_associativity
[15:34:44] [Render thread/DEBUG] (oshi.util.FileUtil) Reading file /sys/devices/system/cpu/cpu1/cache/index1/ways_of_associativity
[15:34:44] [Render thread/DEBUG] (oshi.util.FileUtil) Reading file /sys/devices/system/cpu/cpu1/cache/index1/coherency_line_size
[15:34:44] [Render thread/DEBUG] (oshi.util.FileUtil) Reading file /sys/devices/system/cpu/cpu1/cache/index1/coherency_line_size
[15:34:44] [Render thread/DEBUG] (oshi.util.FileUtil) Reading file /sys/devices/system/cpu/cpu1/cache/index1/size
[15:34:44] [Render thread/DEBUG] (oshi.util.FileUtil) Reading file /sys/devices/system/cpu/cpu1/cache/index1/size
[15:34:44] [Render thread/DEBUG] (oshi.util.FileUtil) Reading file /sys/devices/system/cpu/cpu10/topology/core_id
[15:34:44] [Render thread/DEBUG] (oshi.util.FileUtil) Reading file /sys/devices/system/cpu/cpu10/topology/core_id
[15:34:44] [Render thread/DEBUG] (oshi.util.FileUtil) Reading file /sys/devices/system/cpu/cpu10/topology/physical_package_id
[15:34:44] [Render thread/DEBUG] (oshi.util.FileUtil) Reading file /sys/devices/system/cpu/cpu10/topology/physical_package_id
[15:34:44] [Render thread/DEBUG] (oshi.util.FileUtil) Reading file /sys/devices/system/cpu/cpu10/cpu_capacity
[15:34:44] [Render thread/DEBUG] (oshi.util.FileUtil) Reading file /sys/devices/system/cpu/cpu10/cache/index2/level
[15:34:44] [Render thread/DEBUG] (oshi.util.FileUtil) Reading file /sys/devices/system/cpu/cpu10/cache/index2/level
[15:34:44] [Render thread/DEBUG] (oshi.util.FileUtil) Reading file /sys/devices/system/cpu/cpu10/cache/index2/type
[15:34:44] [Render thread/DEBUG] (oshi.util.FileUtil) Reading file /sys/devices/system/cpu/cpu10/cache/index2/type
[15:34:44] [Render thread/DEBUG] (oshi.util.FileUtil) Reading file /sys/devices/system/cpu/cpu10/cache/index2/ways_of_associativity
[15:34:44] [Render thread/DEBUG] (oshi.util.FileUtil) Reading file /sys/devices/system/cpu/cpu10/cache/index2/ways_of_associativity
[15:34:44] [Render thread/DEBUG] (oshi.util.FileUtil) Reading file /sys/devices/system/cpu/cpu10/cache/index2/coherency_line_size
[15:34:44] [Render thread/DEBUG] (oshi.util.FileUtil) Reading file /sys/devices/system/cpu/cpu10/cache/index2/coherency_line_size
[15:34:44] [Render thread/DEBUG] (oshi.util.FileUtil) Reading file /sys/devices/system/cpu/cpu10/cache/index2/size
[15:34:44] [Render thread/DEBUG] (oshi.util.FileUtil) Reading file /sys/devices/system/cpu/cpu10/cache/index2/size
[15:34:44] [Render thread/DEBUG] (oshi.util.FileUtil) Reading file /sys/devices/system/cpu/cpu10/cache/index0/level
[15:34:44] [Render thread/DEBUG] (oshi.util.FileUtil) Reading file /sys/devices/system/cpu/cpu10/cache/index0/level
[15:34:44] [Render thread/DEBUG] (oshi.util.FileUtil) Reading file /sys/devices/system/cpu/cpu10/cache/index0/type
[15:34:44] [Render thread/DEBUG] (oshi.util.FileUtil) Reading file /sys/devices/system/cpu/cpu10/cache/index0/type
[15:34:44] [Render thread/DEBUG] (oshi.util.FileUtil) Reading file /sys/devices/system/cpu/cpu10/cache/index0/ways_of_associativity
[15:34:44] [Render thread/DEBUG] (oshi.util.FileUtil) Reading file /sys/devices/system/cpu/cpu10/cache/index0/ways_of_associativity
[15:34:44] [Render thread/DEBUG] (oshi.util.FileUtil) Reading file /sys/devices/system/cpu/cpu10/cache/index0/coherency_line_size
[15:34:44] [Render thread/DEBUG] (oshi.util.FileUtil) Reading file /sys/devices/system/cpu/cpu10/cache/index0/coherency_line_size
[15:34:44] [Render thread/DEBUG] (oshi.util.FileUtil) Reading file /sys/devices/system/cpu/cpu10/cache/index0/size
[15:34:44] [Render thread/DEBUG] (oshi.util.FileUtil) Reading file /sys/devices/system/cpu/cpu10/cache/index0/size
[15:34:44] [Render thread/DEBUG] (oshi.util.FileUtil) Reading file /sys/devices/system/cpu/cpu10/cache/index3/level
[15:34:44] [Render thread/DEBUG] (oshi.util.FileUtil) Reading file /sys/devices/system/cpu/cpu10/cache/index3/level
[15:34:44] [Render thread/DEBUG] (oshi.util.FileUtil) Reading file /sys/devices/system/cpu/cpu10/cache/index3/type
[15:34:44] [Render thread/DEBUG] (oshi.util.FileUtil) Reading file /sys/devices/system/cpu/cpu10/cache/index3/type
[15:34:44] [Render thread/DEBUG] (oshi.util.FileUtil) Reading file /sys/devices/system/cpu/cpu10/cache/index3/ways_of_associativity
[15:34:44] [Render thread/DEBUG] (oshi.util.FileUtil) Reading file /sys/devices/system/cpu/cpu10/cache/index3/ways_of_associativity
[15:34:44] [Render thread/DEBUG] (oshi.util.FileUtil) Reading file /sys/devices/system/cpu/cpu10/cache/index3/coherency_line_size
[15:34:44] [Render thread/DEBUG] (oshi.util.FileUtil) Reading file /sys/devices/system/cpu/cpu10/cache/index3/coherency_line_size
[15:34:44] [Render thread/DEBUG] (oshi.util.FileUtil) Reading file /sys/devices/system/cpu/cpu10/cache/index3/size
[15:34:44] [Render thread/DEBUG] (oshi.util.FileUtil) Reading file /sys/devices/system/cpu/cpu10/cache/index3/size
[15:34:44] [Render thread/DEBUG] (oshi.util.FileUtil) Reading file /sys/devices/system/cpu/cpu10/cache/index1/level
[15:34:44] [Render thread/DEBUG] (oshi.util.FileUtil) Reading file /sys/devices/system/cpu/cpu10/cache/index1/level
[15:34:44] [Render thread/DEBUG] (oshi.util.FileUtil) Reading file /sys/devices/system/cpu/cpu10/cache/index1/type
[15:34:44] [Render thread/DEBUG] (oshi.util.FileUtil) Reading file /sys/devices/system/cpu/cpu10/cache/index1/type
[15:34:44] [Render thread/DEBUG] (oshi.util.FileUtil) Reading file /sys/devices/system/cpu/cpu10/cache/index1/ways_of_associativity
[15:34:44] [Render thread/DEBUG] (oshi.util.FileUtil) Reading file /sys/devices/system/cpu/cpu10/cache/index1/ways_of_associativity
[15:34:44] [Render thread/DEBUG] (oshi.util.FileUtil) Reading file /sys/devices/system/cpu/cpu10/cache/index1/coherency_line_size
[15:34:44] [Render thread/DEBUG] (oshi.util.FileUtil) Reading file /sys/devices/system/cpu/cpu10/cache/index1/coherency_line_size
[15:34:44] [Render thread/DEBUG] (oshi.util.FileUtil) Reading file /sys/devices/system/cpu/cpu10/cache/index1/size
[15:34:44] [Render thread/DEBUG] (oshi.util.FileUtil) Reading file /sys/devices/system/cpu/cpu10/cache/index1/size
[15:34:44] [Render thread/DEBUG] (oshi.util.FileUtil) Reading file /sys/devices/system/cpu/cpu11/topology/core_id
[15:34:44] [Render thread/DEBUG] (oshi.util.FileUtil) Reading file /sys/devices/system/cpu/cpu11/topology/core_id
[15:34:44] [Render thread/DEBUG] (oshi.util.FileUtil) Reading file /sys/devices/system/cpu/cpu11/topology/physical_package_id
[15:34:44] [Render thread/DEBUG] (oshi.util.FileUtil) Reading file /sys/devices/system/cpu/cpu11/topology/physical_package_id
[15:34:44] [Render thread/DEBUG] (oshi.util.FileUtil) Reading file /sys/devices/system/cpu/cpu11/cpu_capacity
[15:34:44] [Render thread/DEBUG] (oshi.util.FileUtil) Reading file /sys/devices/system/cpu/cpu11/cache/index2/level
[15:34:44] [Render thread/DEBUG] (oshi.util.FileUtil) Reading file /sys/devices/system/cpu/cpu11/cache/index2/level
[15:34:44] [Render thread/DEBUG] (oshi.util.FileUtil) Reading file /sys/devices/system/cpu/cpu11/cache/index2/type
[15:34:44] [Render thread/DEBUG] (oshi.util.FileUtil) Reading file /sys/devices/system/cpu/cpu11/cache/index2/type
[15:34:44] [Render thread/DEBUG] (oshi.util.FileUtil) Reading file /sys/devices/system/cpu/cpu11/cache/index2/ways_of_associativity
[15:34:44] [Render thread/DEBUG] (oshi.util.FileUtil) Reading file /sys/devices/system/cpu/cpu11/cache/index2/ways_of_associativity
[15:34:44] [Render thread/DEBUG] (oshi.util.FileUtil) Reading file /sys/devices/system/cpu/cpu11/cache/index2/coherency_line_size
[15:34:44] [Render thread/DEBUG] (oshi.util.FileUtil) Reading file /sys/devices/system/cpu/cpu11/cache/index2/coherency_line_size
[15:34:44] [Render thread/DEBUG] (oshi.util.FileUtil) Reading file /sys/devices/system/cpu/cpu11/cache/index2/size
[15:34:44] [Render thread/DEBUG] (oshi.util.FileUtil) Reading file /sys/devices/system/cpu/cpu11/cache/index2/size
[15:34:44] [Render thread/DEBUG] (oshi.util.FileUtil) Reading file /sys/devices/system/cpu/cpu11/cache/index0/level
[15:34:44] [Render thread/DEBUG] (oshi.util.FileUtil) Reading file /sys/devices/system/cpu/cpu11/cache/index0/level
[15:34:44] [Render thread/DEBUG] (oshi.util.FileUtil) Reading file /sys/devices/system/cpu/cpu11/cache/index0/type
[15:34:44] [Render thread/DEBUG] (oshi.util.FileUtil) Reading file /sys/devices/system/cpu/cpu11/cache/index0/type
[15:34:44] [Render thread/DEBUG] (oshi.util.FileUtil) Reading file /sys/devices/system/cpu/cpu11/cache/index0/ways_of_associativity
[15:34:44] [Render thread/DEBUG] (oshi.util.FileUtil) Reading file /sys/devices/system/cpu/cpu11/cache/index0/ways_of_associativity
[15:34:44] [Render thread/DEBUG] (oshi.util.FileUtil) Reading file /sys/devices/system/cpu/cpu11/cache/index0/coherency_line_size
[15:34:44] [Render thread/DEBUG] (oshi.util.FileUtil) Reading file /sys/devices/system/cpu/cpu11/cache/index0/coherency_line_size
[15:34:44] [Render thread/DEBUG] (oshi.util.FileUtil) Reading file /sys/devices/system/cpu/cpu11/cache/index0/size
[15:34:44] [Render thread/DEBUG] (oshi.util.FileUtil) Reading file /sys/devices/system/cpu/cpu11/cache/index0/size
[15:34:44] [Render thread/DEBUG] (oshi.util.FileUtil) Reading file /sys/devices/system/cpu/cpu11/cache/index3/level
[15:34:44] [Render thread/DEBUG] (oshi.util.FileUtil) Reading file /sys/devices/system/cpu/cpu11/cache/index3/level
[15:34:44] [Render thread/DEBUG] (oshi.util.FileUtil) Reading file /sys/devices/system/cpu/cpu11/cache/index3/type
[15:34:44] [Render thread/DEBUG] (oshi.util.FileUtil) Reading file /sys/devices/system/cpu/cpu11/cache/index3/type
[15:34:44] [Render thread/DEBUG] (oshi.util.FileUtil) Reading file /sys/devices/system/cpu/cpu11/cache/index3/ways_of_associativity
[15:34:44] [Render thread/DEBUG] (oshi.util.FileUtil) Reading file /sys/devices/system/cpu/cpu11/cache/index3/ways_of_associativity
[15:34:44] [Render thread/DEBUG] (oshi.util.FileUtil) Reading file /sys/devices/system/cpu/cpu11/cache/index3/coherency_line_size
[15:34:44] [Render thread/DEBUG] (oshi.util.FileUtil) Reading file /sys/devices/system/cpu/cpu11/cache/index3/coherency_line_size
[15:34:44] [Render thread/DEBUG] (oshi.util.FileUtil) Reading file /sys/devices/system/cpu/cpu11/cache/index3/size
[15:34:44] [Render thread/DEBUG] (oshi.util.FileUtil) Reading file /sys/devices/system/cpu/cpu11/cache/index3/size
[15:34:44] [Render thread/DEBUG] (oshi.util.FileUtil) Reading file /sys/devices/system/cpu/cpu11/cache/index1/level
[15:34:44] [Render thread/DEBUG] (oshi.util.FileUtil) Reading file /sys/devices/system/cpu/cpu11/cache/index1/level
[15:34:44] [Render thread/DEBUG] (oshi.util.FileUtil) Reading file /sys/devices/system/cpu/cpu11/cache/index1/type
[15:34:44] [Render thread/DEBUG] (oshi.util.FileUtil) Reading file /sys/devices/system/cpu/cpu11/cache/index1/type
[15:34:44] [Render thread/DEBUG] (oshi.util.FileUtil) Reading file /sys/devices/system/cpu/cpu11/cache/index1/ways_of_associativity
[15:34:44] [Render thread/DEBUG] (oshi.util.FileUtil) Reading file /sys/devices/system/cpu/cpu11/cache/index1/ways_of_associativity
[15:34:44] [Render thread/DEBUG] (oshi.util.FileUtil) Reading file /sys/devices/system/cpu/cpu11/cache/index1/coherency_line_size
[15:34:44] [Render thread/DEBUG] (oshi.util.FileUtil) Reading file /sys/devices/system/cpu/cpu11/cache/index1/coherency_line_size
[15:34:44] [Render thread/DEBUG] (oshi.util.FileUtil) Reading file /sys/devices/system/cpu/cpu11/cache/index1/size
[15:34:44] [Render thread/DEBUG] (oshi.util.FileUtil) Reading file /sys/devices/system/cpu/cpu11/cache/index1/size
[15:34:44] [Render thread/DEBUG] (oshi.util.FileUtil) Reading file /sys/devices/system/cpu/cpu2/topology/core_id
[15:34:44] [Render thread/DEBUG] (oshi.util.FileUtil) Reading file /sys/devices/system/cpu/cpu2/topology/core_id
[15:34:44] [Render thread/DEBUG] (oshi.util.FileUtil) Reading file /sys/devices/system/cpu/cpu2/topology/physical_package_id
[15:34:44] [Render thread/DEBUG] (oshi.util.FileUtil) Reading file /sys/devices/system/cpu/cpu2/topology/physical_package_id
[15:34:44] [Render thread/DEBUG] (oshi.util.FileUtil) Reading file /sys/devices/system/cpu/cpu2/cpu_capacity
[15:34:44] [Render thread/DEBUG] (oshi.util.FileUtil) Reading file /sys/devices/system/cpu/cpu2/cache/index2/level
[15:34:44] [Render thread/DEBUG] (oshi.util.FileUtil) Reading file /sys/devices/system/cpu/cpu2/cache/index2/level
[15:34:44] [Render thread/DEBUG] (oshi.util.FileUtil) Reading file /sys/devices/system/cpu/cpu2/cache/index2/type
[15:34:44] [Render thread/DEBUG] (oshi.util.FileUtil) Reading file /sys/devices/system/cpu/cpu2/cache/index2/type
[15:34:44] [Render thread/DEBUG] (oshi.util.FileUtil) Reading file /sys/devices/system/cpu/cpu2/cache/index2/ways_of_associativity
[15:34:44] [Render thread/DEBUG] (oshi.util.FileUtil) Reading file /sys/devices/system/cpu/cpu2/cache/index2/ways_of_associativity
[15:34:44] [Render thread/DEBUG] (oshi.util.FileUtil) Reading file /sys/devices/system/cpu/cpu2/cache/index2/coherency_line_size
[15:34:44] [Render thread/DEBUG] (oshi.util.FileUtil) Reading file /sys/devices/system/cpu/cpu2/cache/index2/coherency_line_size
[15:34:44] [Render thread/DEBUG] (oshi.util.FileUtil) Reading file /sys/devices/system/cpu/cpu2/cache/index2/size
[15:34:44] [Render thread/DEBUG] (oshi.util.FileUtil) Reading file /sys/devices/system/cpu/cpu2/cache/index2/size
[15:34:44] [Render thread/DEBUG] (oshi.util.FileUtil) Reading file /sys/devices/system/cpu/cpu2/cache/index0/level
[15:34:44] [Render thread/DEBUG] (oshi.util.FileUtil) Reading file /sys/devices/system/cpu/cpu2/cache/index0/level
[15:34:44] [Render thread/DEBUG] (oshi.util.FileUtil) Reading file /sys/devices/system/cpu/cpu2/cache/index0/type
[15:34:44] [Render thread/DEBUG] (oshi.util.FileUtil) Reading file /sys/devices/system/cpu/cpu2/cache/index0/type
[15:34:44] [Render thread/DEBUG] (oshi.util.FileUtil) Reading file /sys/devices/system/cpu/cpu2/cache/index0/ways_of_associativity
[15:34:44] [Render thread/DEBUG] (oshi.util.FileUtil) Reading file /sys/devices/system/cpu/cpu2/cache/index0/ways_of_associativity
[15:34:44] [Render thread/DEBUG] (oshi.util.FileUtil) Reading file /sys/devices/system/cpu/cpu2/cache/index0/coherency_line_size
[15:34:44] [Render thread/DEBUG] (oshi.util.FileUtil) Reading file /sys/devices/system/cpu/cpu2/cache/index0/coherency_line_size
[15:34:44] [Render thread/DEBUG] (oshi.util.FileUtil) Reading file /sys/devices/system/cpu/cpu2/cache/index0/size
[15:34:44] [Render thread/DEBUG] (oshi.util.FileUtil) Reading file /sys/devices/system/cpu/cpu2/cache/index0/size
[15:34:44] [Render thread/DEBUG] (oshi.util.FileUtil) Reading file /sys/devices/system/cpu/cpu2/cache/index3/level
[15:34:44] [Render thread/DEBUG] (oshi.util.FileUtil) Reading file /sys/devices/system/cpu/cpu2/cache/index3/level
[15:34:44] [Render thread/DEBUG] (oshi.util.FileUtil) Reading file /sys/devices/system/cpu/cpu2/cache/index3/type
[15:34:44] [Render thread/DEBUG] (oshi.util.FileUtil) Reading file /sys/devices/system/cpu/cpu2/cache/index3/type
[15:34:44] [Render thread/DEBUG] (oshi.util.FileUtil) Reading file /sys/devices/system/cpu/cpu2/cache/index3/ways_of_associativity
[15:34:44] [Render thread/DEBUG] (oshi.util.FileUtil) Reading file /sys/devices/system/cpu/cpu2/cache/index3/ways_of_associativity
[15:34:44] [Render thread/DEBUG] (oshi.util.FileUtil) Reading file /sys/devices/system/cpu/cpu2/cache/index3/coherency_line_size
[15:34:44] [Render thread/DEBUG] (oshi.util.FileUtil) Reading file /sys/devices/system/cpu/cpu2/cache/index3/coherency_line_size
[15:34:44] [Render thread/DEBUG] (oshi.util.FileUtil) Reading file /sys/devices/system/cpu/cpu2/cache/index3/size
[15:34:44] [Render thread/DEBUG] (oshi.util.FileUtil) Reading file /sys/devices/system/cpu/cpu2/cache/index3/size
[15:34:44] [Render thread/DEBUG] (oshi.util.FileUtil) Reading file /sys/devices/system/cpu/cpu2/cache/index1/level
[15:34:44] [Render thread/DEBUG] (oshi.util.FileUtil) Reading file /sys/devices/system/cpu/cpu2/cache/index1/level
[15:34:44] [Render thread/DEBUG] (oshi.util.FileUtil) Reading file /sys/devices/system/cpu/cpu2/cache/index1/type
[15:34:44] [Render thread/DEBUG] (oshi.util.FileUtil) Reading file /sys/devices/system/cpu/cpu2/cache/index1/type
[15:34:44] [Render thread/DEBUG] (oshi.util.FileUtil) Reading file /sys/devices/system/cpu/cpu2/cache/index1/ways_of_associativity
[15:34:44] [Render thread/DEBUG] (oshi.util.FileUtil) Reading file /sys/devices/system/cpu/cpu2/cache/index1/ways_of_associativity
[15:34:44] [Render thread/DEBUG] (oshi.util.FileUtil) Reading file /sys/devices/system/cpu/cpu2/cache/index1/coherency_line_size
[15:34:44] [Render thread/DEBUG] (oshi.util.FileUtil) Reading file /sys/devices/system/cpu/cpu2/cache/index1/coherency_line_size
[15:34:44] [Render thread/DEBUG] (oshi.util.FileUtil) Reading file /sys/devices/system/cpu/cpu2/cache/index1/size
[15:34:44] [Render thread/DEBUG] (oshi.util.FileUtil) Reading file /sys/devices/system/cpu/cpu2/cache/index1/size
[15:34:44] [Render thread/DEBUG] (oshi.util.FileUtil) Reading file /sys/devices/system/cpu/cpu3/topology/core_id
[15:34:44] [Render thread/DEBUG] (oshi.util.FileUtil) Reading file /sys/devices/system/cpu/cpu3/topology/core_id
[15:34:44] [Render thread/DEBUG] (oshi.util.FileUtil) Reading file /sys/devices/system/cpu/cpu3/topology/physical_package_id
[15:34:44] [Render thread/DEBUG] (oshi.util.FileUtil) Reading file /sys/devices/system/cpu/cpu3/topology/physical_package_id
[15:34:44] [Render thread/DEBUG] (oshi.util.FileUtil) Reading file /sys/devices/system/cpu/cpu3/cpu_capacity
[15:34:44] [Render thread/DEBUG] (oshi.util.FileUtil) Reading file /sys/devices/system/cpu/cpu3/cache/index2/level
[15:34:44] [Render thread/DEBUG] (oshi.util.FileUtil) Reading file /sys/devices/system/cpu/cpu3/cache/index2/level
[15:34:44] [Render thread/DEBUG] (oshi.util.FileUtil) Reading file /sys/devices/system/cpu/cpu3/cache/index2/type
[15:34:44] [Render thread/DEBUG] (oshi.util.FileUtil) Reading file /sys/devices/system/cpu/cpu3/cache/index2/type
[15:34:44] [Render thread/DEBUG] (oshi.util.FileUtil) Reading file /sys/devices/system/cpu/cpu3/cache/index2/ways_of_associativity
[15:34:44] [Render thread/DEBUG] (oshi.util.FileUtil) Reading file /sys/devices/system/cpu/cpu3/cache/index2/ways_of_associativity
[15:34:44] [Render thread/DEBUG] (oshi.util.FileUtil) Reading file /sys/devices/system/cpu/cpu3/cache/index2/coherency_line_size
[15:34:44] [Render thread/DEBUG] (oshi.util.FileUtil) Reading file /sys/devices/system/cpu/cpu3/cache/index2/coherency_line_size
[15:34:44] [Render thread/DEBUG] (oshi.util.FileUtil) Reading file /sys/devices/system/cpu/cpu3/cache/index2/size
[15:34:44] [Render thread/DEBUG] (oshi.util.FileUtil) Reading file /sys/devices/system/cpu/cpu3/cache/index2/size
[15:34:44] [Render thread/DEBUG] (oshi.util.FileUtil) Reading file /sys/devices/system/cpu/cpu3/cache/index0/level
[15:34:44] [Render thread/DEBUG] (oshi.util.FileUtil) Reading file /sys/devices/system/cpu/cpu3/cache/index0/level
[15:34:44] [Render thread/DEBUG] (oshi.util.FileUtil) Reading file /sys/devices/system/cpu/cpu3/cache/index0/type
[15:34:44] [Render thread/DEBUG] (oshi.util.FileUtil) Reading file /sys/devices/system/cpu/cpu3/cache/index0/type
[15:34:44] [Render thread/DEBUG] (oshi.util.FileUtil) Reading file /sys/devices/system/cpu/cpu3/cache/index0/ways_of_associativity
[15:34:44] [Render thread/DEBUG] (oshi.util.FileUtil) Reading file /sys/devices/system/cpu/cpu3/cache/index0/ways_of_associativity
[15:34:44] [Render thread/DEBUG] (oshi.util.FileUtil) Reading file /sys/devices/system/cpu/cpu3/cache/index0/coherency_line_size
[15:34:44] [Render thread/DEBUG] (oshi.util.FileUtil) Reading file /sys/devices/system/cpu/cpu3/cache/index0/coherency_line_size
[15:34:44] [Render thread/DEBUG] (oshi.util.FileUtil) Reading file /sys/devices/system/cpu/cpu3/cache/index0/size
[15:34:44] [Render thread/DEBUG] (oshi.util.FileUtil) Reading file /sys/devices/system/cpu/cpu3/cache/index0/size
[15:34:44] [Render thread/DEBUG] (oshi.util.FileUtil) Reading file /sys/devices/system/cpu/cpu3/cache/index3/level
[15:34:44] [Render thread/DEBUG] (oshi.util.FileUtil) Reading file /sys/devices/system/cpu/cpu3/cache/index3/level
[15:34:44] [Render thread/DEBUG] (oshi.util.FileUtil) Reading file /sys/devices/system/cpu/cpu3/cache/index3/type
[15:34:44] [Render thread/DEBUG] (oshi.util.FileUtil) Reading file /sys/devices/system/cpu/cpu3/cache/index3/type
[15:34:44] [Render thread/DEBUG] (oshi.util.FileUtil) Reading file /sys/devices/system/cpu/cpu3/cache/index3/ways_of_associativity
[15:34:44] [Render thread/DEBUG] (oshi.util.FileUtil) Reading file /sys/devices/system/cpu/cpu3/cache/index3/ways_of_associativity
[15:34:44] [Render thread/DEBUG] (oshi.util.FileUtil) Reading file /sys/devices/system/cpu/cpu3/cache/index3/coherency_line_size
[15:34:44] [Render thread/DEBUG] (oshi.util.FileUtil) Reading file /sys/devices/system/cpu/cpu3/cache/index3/coherency_line_size
[15:34:44] [Render thread/DEBUG] (oshi.util.FileUtil) Reading file /sys/devices/system/cpu/cpu3/cache/index3/size
[15:34:44] [Render thread/DEBUG] (oshi.util.FileUtil) Reading file /sys/devices/system/cpu/cpu3/cache/index3/size
[15:34:44] [Render thread/DEBUG] (oshi.util.FileUtil) Reading file /sys/devices/system/cpu/cpu3/cache/index1/level
[15:34:44] [Render thread/DEBUG] (oshi.util.FileUtil) Reading file /sys/devices/system/cpu/cpu3/cache/index1/level
[15:34:44] [Render thread/DEBUG] (oshi.util.FileUtil) Reading file /sys/devices/system/cpu/cpu3/cache/index1/type
[15:34:44] [Render thread/DEBUG] (oshi.util.FileUtil) Reading file /sys/devices/system/cpu/cpu3/cache/index1/type
[15:34:44] [Render thread/DEBUG] (oshi.util.FileUtil) Reading file /sys/devices/system/cpu/cpu3/cache/index1/ways_of_associativity
[15:34:44] [Render thread/DEBUG] (oshi.util.FileUtil) Reading file /sys/devices/system/cpu/cpu3/cache/index1/ways_of_associativity
[15:34:44] [Render thread/DEBUG] (oshi.util.FileUtil) Reading file /sys/devices/system/cpu/cpu3/cache/index1/coherency_line_size
[15:34:44] [Render thread/DEBUG] (oshi.util.FileUtil) Reading file /sys/devices/system/cpu/cpu3/cache/index1/coherency_line_size
[15:34:44] [Render thread/DEBUG] (oshi.util.FileUtil) Reading file /sys/devices/system/cpu/cpu3/cache/index1/size
[15:34:44] [Render thread/DEBUG] (oshi.util.FileUtil) Reading file /sys/devices/system/cpu/cpu3/cache/index1/size
[15:34:44] [Render thread/DEBUG] (oshi.util.FileUtil) Reading file /sys/devices/system/cpu/cpu4/topology/core_id
[15:34:44] [Render thread/DEBUG] (oshi.util.FileUtil) Reading file /sys/devices/system/cpu/cpu4/topology/core_id
[15:34:44] [Render thread/DEBUG] (oshi.util.FileUtil) Reading file /sys/devices/system/cpu/cpu4/topology/physical_package_id
[15:34:44] [Render thread/DEBUG] (oshi.util.FileUtil) Reading file /sys/devices/system/cpu/cpu4/topology/physical_package_id
[15:34:44] [Render thread/DEBUG] (oshi.util.FileUtil) Reading file /sys/devices/system/cpu/cpu4/cpu_capacity
[15:34:44] [Render thread/DEBUG] (oshi.util.FileUtil) Reading file /sys/devices/system/cpu/cpu4/cache/index2/level
[15:34:44] [Render thread/DEBUG] (oshi.util.FileUtil) Reading file /sys/devices/system/cpu/cpu4/cache/index2/level
[15:34:44] [Render thread/DEBUG] (oshi.util.FileUtil) Reading file /sys/devices/system/cpu/cpu4/cache/index2/type
[15:34:44] [Render thread/DEBUG] (oshi.util.FileUtil) Reading file /sys/devices/system/cpu/cpu4/cache/index2/type
[15:34:44] [Render thread/DEBUG] (oshi.util.FileUtil) Reading file /sys/devices/system/cpu/cpu4/cache/index2/ways_of_associativity
[15:34:44] [Render thread/DEBUG] (oshi.util.FileUtil) Reading file /sys/devices/system/cpu/cpu4/cache/index2/ways_of_associativity
[15:34:44] [Render thread/DEBUG] (oshi.util.FileUtil) Reading file /sys/devices/system/cpu/cpu4/cache/index2/coherency_line_size
[15:34:44] [Render thread/DEBUG] (oshi.util.FileUtil) Reading file /sys/devices/system/cpu/cpu4/cache/index2/coherency_line_size
[15:34:44] [Render thread/DEBUG] (oshi.util.FileUtil) Reading file /sys/devices/system/cpu/cpu4/cache/index2/size
[15:34:44] [Render thread/DEBUG] (oshi.util.FileUtil) Reading file /sys/devices/system/cpu/cpu4/cache/index2/size
[15:34:44] [Render thread/DEBUG] (oshi.util.FileUtil) Reading file /sys/devices/system/cpu/cpu4/cache/index0/level
[15:34:44] [Render thread/DEBUG] (oshi.util.FileUtil) Reading file /sys/devices/system/cpu/cpu4/cache/index0/level
[15:34:44] [Render thread/DEBUG] (oshi.util.FileUtil) Reading file /sys/devices/system/cpu/cpu4/cache/index0/type
[15:34:44] [Render thread/DEBUG] (oshi.util.FileUtil) Reading file /sys/devices/system/cpu/cpu4/cache/index0/type
[15:34:44] [Render thread/DEBUG] (oshi.util.FileUtil) Reading file /sys/devices/system/cpu/cpu4/cache/index0/ways_of_associativity
[15:34:44] [Render thread/DEBUG] (oshi.util.FileUtil) Reading file /sys/devices/system/cpu/cpu4/cache/index0/ways_of_associativity
[15:34:44] [Render thread/DEBUG] (oshi.util.FileUtil) Reading file /sys/devices/system/cpu/cpu4/cache/index0/coherency_line_size
[15:34:44] [Render thread/DEBUG] (oshi.util.FileUtil) Reading file /sys/devices/system/cpu/cpu4/cache/index0/coherency_line_size
[15:34:44] [Render thread/DEBUG] (oshi.util.FileUtil) Reading file /sys/devices/system/cpu/cpu4/cache/index0/size
[15:34:44] [Render thread/DEBUG] (oshi.util.FileUtil) Reading file /sys/devices/system/cpu/cpu4/cache/index0/size
[15:34:44] [Render thread/DEBUG] (oshi.util.FileUtil) Reading file /sys/devices/system/cpu/cpu4/cache/index3/level
[15:34:44] [Render thread/DEBUG] (oshi.util.FileUtil) Reading file /sys/devices/system/cpu/cpu4/cache/index3/level
[15:34:44] [Render thread/DEBUG] (oshi.util.FileUtil) Reading file /sys/devices/system/cpu/cpu4/cache/index3/type
[15:34:44] [Render thread/DEBUG] (oshi.util.FileUtil) Reading file /sys/devices/system/cpu/cpu4/cache/index3/type
[15:34:44] [Render thread/DEBUG] (oshi.util.FileUtil) Reading file /sys/devices/system/cpu/cpu4/cache/index3/ways_of_associativity
[15:34:44] [Render thread/DEBUG] (oshi.util.FileUtil) Reading file /sys/devices/system/cpu/cpu4/cache/index3/ways_of_associativity
[15:34:44] [Render thread/DEBUG] (oshi.util.FileUtil) Reading file /sys/devices/system/cpu/cpu4/cache/index3/coherency_line_size
[15:34:44] [Render thread/DEBUG] (oshi.util.FileUtil) Reading file /sys/devices/system/cpu/cpu4/cache/index3/coherency_line_size
[15:34:44] [Render thread/DEBUG] (oshi.util.FileUtil) Reading file /sys/devices/system/cpu/cpu4/cache/index3/size
[15:34:44] [Render thread/DEBUG] (oshi.util.FileUtil) Reading file /sys/devices/system/cpu/cpu4/cache/index3/size
[15:34:44] [Render thread/DEBUG] (oshi.util.FileUtil) Reading file /sys/devices/system/cpu/cpu4/cache/index1/level
[15:34:44] [Render thread/DEBUG] (oshi.util.FileUtil) Reading file /sys/devices/system/cpu/cpu4/cache/index1/level
[15:34:44] [Render thread/DEBUG] (oshi.util.FileUtil) Reading file /sys/devices/system/cpu/cpu4/cache/index1/type
[15:34:44] [Render thread/DEBUG] (oshi.util.FileUtil) Reading file /sys/devices/system/cpu/cpu4/cache/index1/type
[15:34:44] [Render thread/DEBUG] (oshi.util.FileUtil) Reading file /sys/devices/system/cpu/cpu4/cache/index1/ways_of_associativity
[15:34:44] [Render thread/DEBUG] (oshi.util.FileUtil) Reading file /sys/devices/system/cpu/cpu4/cache/index1/ways_of_associativity
[15:34:44] [Render thread/DEBUG] (oshi.util.FileUtil) Reading file /sys/devices/system/cpu/cpu4/cache/index1/coherency_line_size
[15:34:44] [Render thread/DEBUG] (oshi.util.FileUtil) Reading file /sys/devices/system/cpu/cpu4/cache/index1/coherency_line_size
[15:34:44] [Render thread/DEBUG] (oshi.util.FileUtil) Reading file /sys/devices/system/cpu/cpu4/cache/index1/size
[15:34:44] [Render thread/DEBUG] (oshi.util.FileUtil) Reading file /sys/devices/system/cpu/cpu4/cache/index1/size
[15:34:44] [Render thread/DEBUG] (oshi.util.FileUtil) Reading file /sys/devices/system/cpu/cpu5/topology/core_id
[15:34:44] [Render thread/DEBUG] (oshi.util.FileUtil) Reading file /sys/devices/system/cpu/cpu5/topology/core_id
[15:34:44] [Render thread/DEBUG] (oshi.util.FileUtil) Reading file /sys/devices/system/cpu/cpu5/topology/physical_package_id
[15:34:44] [Render thread/DEBUG] (oshi.util.FileUtil) Reading file /sys/devices/system/cpu/cpu5/topology/physical_package_id
[15:34:44] [Render thread/DEBUG] (oshi.util.FileUtil) Reading file /sys/devices/system/cpu/cpu5/cpu_capacity
[15:34:44] [Render thread/DEBUG] (oshi.util.FileUtil) Reading file /sys/devices/system/cpu/cpu5/cache/index2/level
[15:34:44] [Render thread/DEBUG] (oshi.util.FileUtil) Reading file /sys/devices/system/cpu/cpu5/cache/index2/level
[15:34:44] [Render thread/DEBUG] (oshi.util.FileUtil) Reading file /sys/devices/system/cpu/cpu5/cache/index2/type
[15:34:44] [Render thread/DEBUG] (oshi.util.FileUtil) Reading file /sys/devices/system/cpu/cpu5/cache/index2/type
[15:34:44] [Render thread/DEBUG] (oshi.util.FileUtil) Reading file /sys/devices/system/cpu/cpu5/cache/index2/ways_of_associativity
[15:34:44] [Render thread/DEBUG] (oshi.util.FileUtil) Reading file /sys/devices/system/cpu/cpu5/cache/index2/ways_of_associativity
[15:34:44] [Render thread/DEBUG] (oshi.util.FileUtil) Reading file /sys/devices/system/cpu/cpu5/cache/index2/coherency_line_size
[15:34:44] [Render thread/DEBUG] (oshi.util.FileUtil) Reading file /sys/devices/system/cpu/cpu5/cache/index2/coherency_line_size
[15:34:44] [Render thread/DEBUG] (oshi.util.FileUtil) Reading file /sys/devices/system/cpu/cpu5/cache/index2/size
[15:34:44] [Render thread/DEBUG] (oshi.util.FileUtil) Reading file /sys/devices/system/cpu/cpu5/cache/index2/size
[15:34:44] [Render thread/DEBUG] (oshi.util.FileUtil) Reading file /sys/devices/system/cpu/cpu5/cache/index0/level
[15:34:44] [Render thread/DEBUG] (oshi.util.FileUtil) Reading file /sys/devices/system/cpu/cpu5/cache/index0/level
[15:34:44] [Render thread/DEBUG] (oshi.util.FileUtil) Reading file /sys/devices/system/cpu/cpu5/cache/index0/type
[15:34:44] [Render thread/DEBUG] (oshi.util.FileUtil) Reading file /sys/devices/system/cpu/cpu5/cache/index0/type
[15:34:44] [Render thread/DEBUG] (oshi.util.FileUtil) Reading file /sys/devices/system/cpu/cpu5/cache/index0/ways_of_associativity
[15:34:44] [Render thread/DEBUG] (oshi.util.FileUtil) Reading file /sys/devices/system/cpu/cpu5/cache/index0/ways_of_associativity
[15:34:44] [Render thread/DEBUG] (oshi.util.FileUtil) Reading file /sys/devices/system/cpu/cpu5/cache/index0/coherency_line_size
[15:34:44] [Render thread/DEBUG] (oshi.util.FileUtil) Reading file /sys/devices/system/cpu/cpu5/cache/index0/coherency_line_size
[15:34:44] [Render thread/DEBUG] (oshi.util.FileUtil) Reading file /sys/devices/system/cpu/cpu5/cache/index0/size
[15:34:44] [Render thread/DEBUG] (oshi.util.FileUtil) Reading file /sys/devices/system/cpu/cpu5/cache/index0/size
[15:34:44] [Render thread/DEBUG] (oshi.util.FileUtil) Reading file /sys/devices/system/cpu/cpu5/cache/index3/level
[15:34:44] [Render thread/DEBUG] (oshi.util.FileUtil) Reading file /sys/devices/system/cpu/cpu5/cache/index3/level
[15:34:44] [Render thread/DEBUG] (oshi.util.FileUtil) Reading file /sys/devices/system/cpu/cpu5/cache/index3/type
[15:34:44] [Render thread/DEBUG] (oshi.util.FileUtil) Reading file /sys/devices/system/cpu/cpu5/cache/index3/type
[15:34:44] [Render thread/DEBUG] (oshi.util.FileUtil) Reading file /sys/devices/system/cpu/cpu5/cache/index3/ways_of_associativity
[15:34:44] [Render thread/DEBUG] (oshi.util.FileUtil) Reading file /sys/devices/system/cpu/cpu5/cache/index3/ways_of_associativity
[15:34:44] [Render thread/DEBUG] (oshi.util.FileUtil) Reading file /sys/devices/system/cpu/cpu5/cache/index3/coherency_line_size
[15:34:44] [Render thread/DEBUG] (oshi.util.FileUtil) Reading file /sys/devices/system/cpu/cpu5/cache/index3/coherency_line_size
[15:34:44] [Render thread/DEBUG] (oshi.util.FileUtil) Reading file /sys/devices/system/cpu/cpu5/cache/index3/size
[15:34:44] [Render thread/DEBUG] (oshi.util.FileUtil) Reading file /sys/devices/system/cpu/cpu5/cache/index3/size
[15:34:44] [Render thread/DEBUG] (oshi.util.FileUtil) Reading file /sys/devices/system/cpu/cpu5/cache/index1/level
[15:34:44] [Render thread/DEBUG] (oshi.util.FileUtil) Reading file /sys/devices/system/cpu/cpu5/cache/index1/level
[15:34:44] [Render thread/DEBUG] (oshi.util.FileUtil) Reading file /sys/devices/system/cpu/cpu5/cache/index1/type
[15:34:44] [Render thread/DEBUG] (oshi.util.FileUtil) Reading file /sys/devices/system/cpu/cpu5/cache/index1/type
[15:34:44] [Render thread/DEBUG] (oshi.util.FileUtil) Reading file /sys/devices/system/cpu/cpu5/cache/index1/ways_of_associativity
[15:34:44] [Render thread/DEBUG] (oshi.util.FileUtil) Reading file /sys/devices/system/cpu/cpu5/cache/index1/ways_of_associativity
[15:34:44] [Render thread/DEBUG] (oshi.util.FileUtil) Reading file /sys/devices/system/cpu/cpu5/cache/index1/coherency_line_size
[15:34:44] [Render thread/DEBUG] (oshi.util.FileUtil) Reading file /sys/devices/system/cpu/cpu5/cache/index1/coherency_line_size
[15:34:44] [Render thread/DEBUG] (oshi.util.FileUtil) Reading file /sys/devices/system/cpu/cpu5/cache/index1/size
[15:34:44] [Render thread/DEBUG] (oshi.util.FileUtil) Reading file /sys/devices/system/cpu/cpu5/cache/index1/size
[15:34:44] [Render thread/DEBUG] (oshi.util.FileUtil) Reading file /sys/devices/system/cpu/cpu6/topology/core_id
[15:34:44] [Render thread/DEBUG] (oshi.util.FileUtil) Reading file /sys/devices/system/cpu/cpu6/topology/core_id
[15:34:44] [Render thread/DEBUG] (oshi.util.FileUtil) Reading file /sys/devices/system/cpu/cpu6/topology/physical_package_id
[15:34:44] [Render thread/DEBUG] (oshi.util.FileUtil) Reading file /sys/devices/system/cpu/cpu6/topology/physical_package_id
[15:34:44] [Render thread/DEBUG] (oshi.util.FileUtil) Reading file /sys/devices/system/cpu/cpu6/cpu_capacity
[15:34:44] [Render thread/DEBUG] (oshi.util.FileUtil) Reading file /sys/devices/system/cpu/cpu6/cache/index2/level
[15:34:44] [Render thread/DEBUG] (oshi.util.FileUtil) Reading file /sys/devices/system/cpu/cpu6/cache/index2/level
[15:34:44] [Render thread/DEBUG] (oshi.util.FileUtil) Reading file /sys/devices/system/cpu/cpu6/cache/index2/type
[15:34:44] [Render thread/DEBUG] (oshi.util.FileUtil) Reading file /sys/devices/system/cpu/cpu6/cache/index2/type
[15:34:44] [Render thread/DEBUG] (oshi.util.FileUtil) Reading file /sys/devices/system/cpu/cpu6/cache/index2/ways_of_associativity
[15:34:44] [Render thread/DEBUG] (oshi.util.FileUtil) Reading file /sys/devices/system/cpu/cpu6/cache/index2/ways_of_associativity
[15:34:44] [Render thread/DEBUG] (oshi.util.FileUtil) Reading file /sys/devices/system/cpu/cpu6/cache/index2/coherency_line_size
[15:34:44] [Render thread/DEBUG] (oshi.util.FileUtil) Reading file /sys/devices/system/cpu/cpu6/cache/index2/coherency_line_size
[15:34:44] [Render thread/DEBUG] (oshi.util.FileUtil) Reading file /sys/devices/system/cpu/cpu6/cache/index2/size
[15:34:44] [Render thread/DEBUG] (oshi.util.FileUtil) Reading file /sys/devices/system/cpu/cpu6/cache/index2/size
[15:34:44] [Render thread/DEBUG] (oshi.util.FileUtil) Reading file /sys/devices/system/cpu/cpu6/cache/index0/level
[15:34:44] [Render thread/DEBUG] (oshi.util.FileUtil) Reading file /sys/devices/system/cpu/cpu6/cache/index0/level
[15:34:44] [Render thread/DEBUG] (oshi.util.FileUtil) Reading file /sys/devices/system/cpu/cpu6/cache/index0/type
[15:34:44] [Render thread/DEBUG] (oshi.util.FileUtil) Reading file /sys/devices/system/cpu/cpu6/cache/index0/type
[15:34:44] [Render thread/DEBUG] (oshi.util.FileUtil) Reading file /sys/devices/system/cpu/cpu6/cache/index0/ways_of_associativity
[15:34:44] [Render thread/DEBUG] (oshi.util.FileUtil) Reading file /sys/devices/system/cpu/cpu6/cache/index0/ways_of_associativity
[15:34:44] [Render thread/DEBUG] (oshi.util.FileUtil) Reading file /sys/devices/system/cpu/cpu6/cache/index0/coherency_line_size
[15:34:44] [Render thread/DEBUG] (oshi.util.FileUtil) Reading file /sys/devices/system/cpu/cpu6/cache/index0/coherency_line_size
[15:34:44] [Render thread/DEBUG] (oshi.util.FileUtil) Reading file /sys/devices/system/cpu/cpu6/cache/index0/size
[15:34:44] [Render thread/DEBUG] (oshi.util.FileUtil) Reading file /sys/devices/system/cpu/cpu6/cache/index0/size
[15:34:44] [Render thread/DEBUG] (oshi.util.FileUtil) Reading file /sys/devices/system/cpu/cpu6/cache/index3/level
[15:34:44] [Render thread/DEBUG] (oshi.util.FileUtil) Reading file /sys/devices/system/cpu/cpu6/cache/index3/level
[15:34:44] [Render thread/DEBUG] (oshi.util.FileUtil) Reading file /sys/devices/system/cpu/cpu6/cache/index3/type
[15:34:44] [Render thread/DEBUG] (oshi.util.FileUtil) Reading file /sys/devices/system/cpu/cpu6/cache/index3/type
[15:34:44] [Render thread/DEBUG] (oshi.util.FileUtil) Reading file /sys/devices/system/cpu/cpu6/cache/index3/ways_of_associativity
[15:34:44] [Render thread/DEBUG] (oshi.util.FileUtil) Reading file /sys/devices/system/cpu/cpu6/cache/index3/ways_of_associativity
[15:34:44] [Render thread/DEBUG] (oshi.util.FileUtil) Reading file /sys/devices/system/cpu/cpu6/cache/index3/coherency_line_size
[15:34:44] [Render thread/DEBUG] (oshi.util.FileUtil) Reading file /sys/devices/system/cpu/cpu6/cache/index3/coherency_line_size
[15:34:44] [Render thread/DEBUG] (oshi.util.FileUtil) Reading file /sys/devices/system/cpu/cpu6/cache/index3/size
[15:34:44] [Render thread/DEBUG] (oshi.util.FileUtil) Reading file /sys/devices/system/cpu/cpu6/cache/index3/size
[15:34:44] [Render thread/DEBUG] (oshi.util.FileUtil) Reading file /sys/devices/system/cpu/cpu6/cache/index1/level
[15:34:44] [Render thread/DEBUG] (oshi.util.FileUtil) Reading file /sys/devices/system/cpu/cpu6/cache/index1/level
[15:34:44] [Render thread/DEBUG] (oshi.util.FileUtil) Reading file /sys/devices/system/cpu/cpu6/cache/index1/type
[15:34:44] [Render thread/DEBUG] (oshi.util.FileUtil) Reading file /sys/devices/system/cpu/cpu6/cache/index1/type
[15:34:44] [Render thread/DEBUG] (oshi.util.FileUtil) Reading file /sys/devices/system/cpu/cpu6/cache/index1/ways_of_associativity
[15:34:44] [Render thread/DEBUG] (oshi.util.FileUtil) Reading file /sys/devices/system/cpu/cpu6/cache/index1/ways_of_associativity
[15:34:44] [Render thread/DEBUG] (oshi.util.FileUtil) Reading file /sys/devices/system/cpu/cpu6/cache/index1/coherency_line_size
[15:34:44] [Render thread/DEBUG] (oshi.util.FileUtil) Reading file /sys/devices/system/cpu/cpu6/cache/index1/coherency_line_size
[15:34:44] [Render thread/DEBUG] (oshi.util.FileUtil) Reading file /sys/devices/system/cpu/cpu6/cache/index1/size
[15:34:44] [Render thread/DEBUG] (oshi.util.FileUtil) Reading file /sys/devices/system/cpu/cpu6/cache/index1/size
[15:34:44] [Render thread/DEBUG] (oshi.util.FileUtil) Reading file /sys/devices/system/cpu/cpu7/topology/core_id
[15:34:44] [Render thread/DEBUG] (oshi.util.FileUtil) Reading file /sys/devices/system/cpu/cpu7/topology/core_id
[15:34:44] [Render thread/DEBUG] (oshi.util.FileUtil) Reading file /sys/devices/system/cpu/cpu7/topology/physical_package_id
[15:34:44] [Render thread/DEBUG] (oshi.util.FileUtil) Reading file /sys/devices/system/cpu/cpu7/topology/physical_package_id
[15:34:44] [Render thread/DEBUG] (oshi.util.FileUtil) Reading file /sys/devices/system/cpu/cpu7/cpu_capacity
[15:34:44] [Render thread/DEBUG] (oshi.util.FileUtil) Reading file /sys/devices/system/cpu/cpu7/cache/index2/level
[15:34:44] [Render thread/DEBUG] (oshi.util.FileUtil) Reading file /sys/devices/system/cpu/cpu7/cache/index2/level
[15:34:44] [Render thread/DEBUG] (oshi.util.FileUtil) Reading file /sys/devices/system/cpu/cpu7/cache/index2/type
[15:34:44] [Render thread/DEBUG] (oshi.util.FileUtil) Reading file /sys/devices/system/cpu/cpu7/cache/index2/type
[15:34:44] [Render thread/DEBUG] (oshi.util.FileUtil) Reading file /sys/devices/system/cpu/cpu7/cache/index2/ways_of_associativity
[15:34:44] [Render thread/DEBUG] (oshi.util.FileUtil) Reading file /sys/devices/system/cpu/cpu7/cache/index2/ways_of_associativity
[15:34:44] [Render thread/DEBUG] (oshi.util.FileUtil) Reading file /sys/devices/system/cpu/cpu7/cache/index2/coherency_line_size
[15:34:44] [Render thread/DEBUG] (oshi.util.FileUtil) Reading file /sys/devices/system/cpu/cpu7/cache/index2/coherency_line_size
[15:34:44] [Render thread/DEBUG] (oshi.util.FileUtil) Reading file /sys/devices/system/cpu/cpu7/cache/index2/size
[15:34:44] [Render thread/DEBUG] (oshi.util.FileUtil) Reading file /sys/devices/system/cpu/cpu7/cache/index2/size
[15:34:44] [Render thread/DEBUG] (oshi.util.FileUtil) Reading file /sys/devices/system/cpu/cpu7/cache/index0/level
[15:34:44] [Render thread/DEBUG] (oshi.util.FileUtil) Reading file /sys/devices/system/cpu/cpu7/cache/index0/level
[15:34:44] [Render thread/DEBUG] (oshi.util.FileUtil) Reading file /sys/devices/system/cpu/cpu7/cache/index0/type
[15:34:44] [Render thread/DEBUG] (oshi.util.FileUtil) Reading file /sys/devices/system/cpu/cpu7/cache/index0/type
[15:34:44] [Render thread/DEBUG] (oshi.util.FileUtil) Reading file /sys/devices/system/cpu/cpu7/cache/index0/ways_of_associativity
[15:34:44] [Render thread/DEBUG] (oshi.util.FileUtil) Reading file /sys/devices/system/cpu/cpu7/cache/index0/ways_of_associativity
[15:34:44] [Render thread/DEBUG] (oshi.util.FileUtil) Reading file /sys/devices/system/cpu/cpu7/cache/index0/coherency_line_size
[15:34:44] [Render thread/DEBUG] (oshi.util.FileUtil) Reading file /sys/devices/system/cpu/cpu7/cache/index0/coherency_line_size
[15:34:44] [Render thread/DEBUG] (oshi.util.FileUtil) Reading file /sys/devices/system/cpu/cpu7/cache/index0/size
[15:34:44] [Render thread/DEBUG] (oshi.util.FileUtil) Reading file /sys/devices/system/cpu/cpu7/cache/index0/size
[15:34:44] [Render thread/DEBUG] (oshi.util.FileUtil) Reading file /sys/devices/system/cpu/cpu7/cache/index3/level
[15:34:44] [Render thread/DEBUG] (oshi.util.FileUtil) Reading file /sys/devices/system/cpu/cpu7/cache/index3/level
[15:34:44] [Render thread/DEBUG] (oshi.util.FileUtil) Reading file /sys/devices/system/cpu/cpu7/cache/index3/type
[15:34:44] [Render thread/DEBUG] (oshi.util.FileUtil) Reading file /sys/devices/system/cpu/cpu7/cache/index3/type
[15:34:44] [Render thread/DEBUG] (oshi.util.FileUtil) Reading file /sys/devices/system/cpu/cpu7/cache/index3/ways_of_associativity
[15:34:44] [Render thread/DEBUG] (oshi.util.FileUtil) Reading file /sys/devices/system/cpu/cpu7/cache/index3/ways_of_associativity
[15:34:44] [Render thread/DEBUG] (oshi.util.FileUtil) Reading file /sys/devices/system/cpu/cpu7/cache/index3/coherency_line_size
[15:34:44] [Render thread/DEBUG] (oshi.util.FileUtil) Reading file /sys/devices/system/cpu/cpu7/cache/index3/coherency_line_size
[15:34:44] [Render thread/DEBUG] (oshi.util.FileUtil) Reading file /sys/devices/system/cpu/cpu7/cache/index3/size
[15:34:44] [Render thread/DEBUG] (oshi.util.FileUtil) Reading file /sys/devices/system/cpu/cpu7/cache/index3/size
[15:34:44] [Render thread/DEBUG] (oshi.util.FileUtil) Reading file /sys/devices/system/cpu/cpu7/cache/index1/level
[15:34:44] [Render thread/DEBUG] (oshi.util.FileUtil) Reading file /sys/devices/system/cpu/cpu7/cache/index1/level
[15:34:44] [Render thread/DEBUG] (oshi.util.FileUtil) Reading file /sys/devices/system/cpu/cpu7/cache/index1/type
[15:34:44] [Render thread/DEBUG] (oshi.util.FileUtil) Reading file /sys/devices/system/cpu/cpu7/cache/index1/type
[15:34:44] [Render thread/DEBUG] (oshi.util.FileUtil) Reading file /sys/devices/system/cpu/cpu7/cache/index1/ways_of_associativity
[15:34:44] [Render thread/DEBUG] (oshi.util.FileUtil) Reading file /sys/devices/system/cpu/cpu7/cache/index1/ways_of_associativity
[15:34:44] [Render thread/DEBUG] (oshi.util.FileUtil) Reading file /sys/devices/system/cpu/cpu7/cache/index1/coherency_line_size
[15:34:44] [Render thread/DEBUG] (oshi.util.FileUtil) Reading file /sys/devices/system/cpu/cpu7/cache/index1/coherency_line_size
[15:34:44] [Render thread/DEBUG] (oshi.util.FileUtil) Reading file /sys/devices/system/cpu/cpu7/cache/index1/size
[15:34:44] [Render thread/DEBUG] (oshi.util.FileUtil) Reading file /sys/devices/system/cpu/cpu7/cache/index1/size
[15:34:44] [Render thread/DEBUG] (oshi.util.FileUtil) Reading file /sys/devices/system/cpu/cpu8/topology/core_id
[15:34:44] [Render thread/DEBUG] (oshi.util.FileUtil) Reading file /sys/devices/system/cpu/cpu8/topology/core_id
[15:34:44] [Render thread/DEBUG] (oshi.util.FileUtil) Reading file /sys/devices/system/cpu/cpu8/topology/physical_package_id
[15:34:44] [Render thread/DEBUG] (oshi.util.FileUtil) Reading file /sys/devices/system/cpu/cpu8/topology/physical_package_id
[15:34:44] [Render thread/DEBUG] (oshi.util.FileUtil) Reading file /sys/devices/system/cpu/cpu8/cpu_capacity
[15:34:44] [Render thread/DEBUG] (oshi.util.FileUtil) Reading file /sys/devices/system/cpu/cpu8/cache/index2/level
[15:34:44] [Render thread/DEBUG] (oshi.util.FileUtil) Reading file /sys/devices/system/cpu/cpu8/cache/index2/level
[15:34:44] [Render thread/DEBUG] (oshi.util.FileUtil) Reading file /sys/devices/system/cpu/cpu8/cache/index2/type
[15:34:44] [Render thread/DEBUG] (oshi.util.FileUtil) Reading file /sys/devices/system/cpu/cpu8/cache/index2/type
[15:34:44] [Render thread/DEBUG] (oshi.util.FileUtil) Reading file /sys/devices/system/cpu/cpu8/cache/index2/ways_of_associativity
[15:34:44] [Render thread/DEBUG] (oshi.util.FileUtil) Reading file /sys/devices/system/cpu/cpu8/cache/index2/ways_of_associativity
[15:34:44] [Render thread/DEBUG] (oshi.util.FileUtil) Reading file /sys/devices/system/cpu/cpu8/cache/index2/coherency_line_size
[15:34:44] [Render thread/DEBUG] (oshi.util.FileUtil) Reading file /sys/devices/system/cpu/cpu8/cache/index2/coherency_line_size
[15:34:44] [Render thread/DEBUG] (oshi.util.FileUtil) Reading file /sys/devices/system/cpu/cpu8/cache/index2/size
[15:34:44] [Render thread/DEBUG] (oshi.util.FileUtil) Reading file /sys/devices/system/cpu/cpu8/cache/index2/size
[15:34:44] [Render thread/DEBUG] (oshi.util.FileUtil) Reading file /sys/devices/system/cpu/cpu8/cache/index0/level
[15:34:44] [Render thread/DEBUG] (oshi.util.FileUtil) Reading file /sys/devices/system/cpu/cpu8/cache/index0/level
[15:34:44] [Render thread/DEBUG] (oshi.util.FileUtil) Reading file /sys/devices/system/cpu/cpu8/cache/index0/type
[15:34:44] [Render thread/DEBUG] (oshi.util.FileUtil) Reading file /sys/devices/system/cpu/cpu8/cache/index0/type
[15:34:44] [Render thread/DEBUG] (oshi.util.FileUtil) Reading file /sys/devices/system/cpu/cpu8/cache/index0/ways_of_associativity
[15:34:44] [Render thread/DEBUG] (oshi.util.FileUtil) Reading file /sys/devices/system/cpu/cpu8/cache/index0/ways_of_associativity
[15:34:44] [Render thread/DEBUG] (oshi.util.FileUtil) Reading file /sys/devices/system/cpu/cpu8/cache/index0/coherency_line_size
[15:34:44] [Render thread/DEBUG] (oshi.util.FileUtil) Reading file /sys/devices/system/cpu/cpu8/cache/index0/coherency_line_size
[15:34:44] [Render thread/DEBUG] (oshi.util.FileUtil) Reading file /sys/devices/system/cpu/cpu8/cache/index0/size
[15:34:44] [Render thread/DEBUG] (oshi.util.FileUtil) Reading file /sys/devices/system/cpu/cpu8/cache/index0/size
[15:34:44] [Render thread/DEBUG] (oshi.util.FileUtil) Reading file /sys/devices/system/cpu/cpu8/cache/index3/level
[15:34:44] [Render thread/DEBUG] (oshi.util.FileUtil) Reading file /sys/devices/system/cpu/cpu8/cache/index3/level
[15:34:44] [Render thread/DEBUG] (oshi.util.FileUtil) Reading file /sys/devices/system/cpu/cpu8/cache/index3/type
[15:34:44] [Render thread/DEBUG] (oshi.util.FileUtil) Reading file /sys/devices/system/cpu/cpu8/cache/index3/type
[15:34:44] [Render thread/DEBUG] (oshi.util.FileUtil) Reading file /sys/devices/system/cpu/cpu8/cache/index3/ways_of_associativity
[15:34:44] [Render thread/DEBUG] (oshi.util.FileUtil) Reading file /sys/devices/system/cpu/cpu8/cache/index3/ways_of_associativity
[15:34:44] [Render thread/DEBUG] (oshi.util.FileUtil) Reading file /sys/devices/system/cpu/cpu8/cache/index3/coherency_line_size
[15:34:44] [Render thread/DEBUG] (oshi.util.FileUtil) Reading file /sys/devices/system/cpu/cpu8/cache/index3/coherency_line_size
[15:34:44] [Render thread/DEBUG] (oshi.util.FileUtil) Reading file /sys/devices/system/cpu/cpu8/cache/index3/size
[15:34:44] [Render thread/DEBUG] (oshi.util.FileUtil) Reading file /sys/devices/system/cpu/cpu8/cache/index3/size
[15:34:44] [Render thread/DEBUG] (oshi.util.FileUtil) Reading file /sys/devices/system/cpu/cpu8/cache/index1/level
[15:34:44] [Render thread/DEBUG] (oshi.util.FileUtil) Reading file /sys/devices/system/cpu/cpu8/cache/index1/level
[15:34:44] [Render thread/DEBUG] (oshi.util.FileUtil) Reading file /sys/devices/system/cpu/cpu8/cache/index1/type
[15:34:44] [Render thread/DEBUG] (oshi.util.FileUtil) Reading file /sys/devices/system/cpu/cpu8/cache/index1/type
[15:34:44] [Render thread/DEBUG] (oshi.util.FileUtil) Reading file /sys/devices/system/cpu/cpu8/cache/index1/ways_of_associativity
[15:34:44] [Render thread/DEBUG] (oshi.util.FileUtil) Reading file /sys/devices/system/cpu/cpu8/cache/index1/ways_of_associativity
[15:34:44] [Render thread/DEBUG] (oshi.util.FileUtil) Reading file /sys/devices/system/cpu/cpu8/cache/index1/coherency_line_size
[15:34:44] [Render thread/DEBUG] (oshi.util.FileUtil) Reading file /sys/devices/system/cpu/cpu8/cache/index1/coherency_line_size
[15:34:44] [Render thread/DEBUG] (oshi.util.FileUtil) Reading file /sys/devices/system/cpu/cpu8/cache/index1/size
[15:34:44] [Render thread/DEBUG] (oshi.util.FileUtil) Reading file /sys/devices/system/cpu/cpu8/cache/index1/size
[15:34:44] [Render thread/DEBUG] (oshi.util.FileUtil) Reading file /sys/devices/system/cpu/cpu9/topology/core_id
[15:34:44] [Render thread/DEBUG] (oshi.util.FileUtil) Reading file /sys/devices/system/cpu/cpu9/topology/core_id
[15:34:44] [Render thread/DEBUG] (oshi.util.FileUtil) Reading file /sys/devices/system/cpu/cpu9/topology/physical_package_id
[15:34:44] [Render thread/DEBUG] (oshi.util.FileUtil) Reading file /sys/devices/system/cpu/cpu9/topology/physical_package_id
[15:34:44] [Render thread/DEBUG] (oshi.util.FileUtil) Reading file /sys/devices/system/cpu/cpu9/cpu_capacity
[15:34:44] [Render thread/DEBUG] (oshi.util.FileUtil) Reading file /sys/devices/system/cpu/cpu9/cache/index2/level
[15:34:44] [Render thread/DEBUG] (oshi.util.FileUtil) Reading file /sys/devices/system/cpu/cpu9/cache/index2/level
[15:34:44] [Render thread/DEBUG] (oshi.util.FileUtil) Reading file /sys/devices/system/cpu/cpu9/cache/index2/type
[15:34:44] [Render thread/DEBUG] (oshi.util.FileUtil) Reading file /sys/devices/system/cpu/cpu9/cache/index2/type
[15:34:44] [Render thread/DEBUG] (oshi.util.FileUtil) Reading file /sys/devices/system/cpu/cpu9/cache/index2/ways_of_associativity
[15:34:44] [Render thread/DEBUG] (oshi.util.FileUtil) Reading file /sys/devices/system/cpu/cpu9/cache/index2/ways_of_associativity
[15:34:44] [Render thread/DEBUG] (oshi.util.FileUtil) Reading file /sys/devices/system/cpu/cpu9/cache/index2/coherency_line_size
[15:34:44] [Render thread/DEBUG] (oshi.util.FileUtil) Reading file /sys/devices/system/cpu/cpu9/cache/index2/coherency_line_size
[15:34:44] [Render thread/DEBUG] (oshi.util.FileUtil) Reading file /sys/devices/system/cpu/cpu9/cache/index2/size
[15:34:44] [Render thread/DEBUG] (oshi.util.FileUtil) Reading file /sys/devices/system/cpu/cpu9/cache/index2/size
[15:34:44] [Render thread/DEBUG] (oshi.util.FileUtil) Reading file /sys/devices/system/cpu/cpu9/cache/index0/level
[15:34:44] [Render thread/DEBUG] (oshi.util.FileUtil) Reading file /sys/devices/system/cpu/cpu9/cache/index0/level
[15:34:44] [Render thread/DEBUG] (oshi.util.FileUtil) Reading file /sys/devices/system/cpu/cpu9/cache/index0/type
[15:34:44] [Render thread/DEBUG] (oshi.util.FileUtil) Reading file /sys/devices/system/cpu/cpu9/cache/index0/type
[15:34:44] [Render thread/DEBUG] (oshi.util.FileUtil) Reading file /sys/devices/system/cpu/cpu9/cache/index0/ways_of_associativity
[15:34:44] [Render thread/DEBUG] (oshi.util.FileUtil) Reading file /sys/devices/system/cpu/cpu9/cache/index0/ways_of_associativity
[15:34:44] [Render thread/DEBUG] (oshi.util.FileUtil) Reading file /sys/devices/system/cpu/cpu9/cache/index0/coherency_line_size
[15:34:44] [Render thread/DEBUG] (oshi.util.FileUtil) Reading file /sys/devices/system/cpu/cpu9/cache/index0/coherency_line_size
[15:34:44] [Render thread/DEBUG] (oshi.util.FileUtil) Reading file /sys/devices/system/cpu/cpu9/cache/index0/size
[15:34:44] [Render thread/DEBUG] (oshi.util.FileUtil) Reading file /sys/devices/system/cpu/cpu9/cache/index0/size
[15:34:44] [Render thread/DEBUG] (oshi.util.FileUtil) Reading file /sys/devices/system/cpu/cpu9/cache/index3/level
[15:34:44] [Render thread/DEBUG] (oshi.util.FileUtil) Reading file /sys/devices/system/cpu/cpu9/cache/index3/level
[15:34:44] [Render thread/DEBUG] (oshi.util.FileUtil) Reading file /sys/devices/system/cpu/cpu9/cache/index3/type
[15:34:44] [Render thread/DEBUG] (oshi.util.FileUtil) Reading file /sys/devices/system/cpu/cpu9/cache/index3/type
[15:34:44] [Render thread/DEBUG] (oshi.util.FileUtil) Reading file /sys/devices/system/cpu/cpu9/cache/index3/ways_of_associativity
[15:34:44] [Render thread/DEBUG] (oshi.util.FileUtil) Reading file /sys/devices/system/cpu/cpu9/cache/index3/ways_of_associativity
[15:34:44] [Render thread/DEBUG] (oshi.util.FileUtil) Reading file /sys/devices/system/cpu/cpu9/cache/index3/coherency_line_size
[15:34:44] [Render thread/DEBUG] (oshi.util.FileUtil) Reading file /sys/devices/system/cpu/cpu9/cache/index3/coherency_line_size
[15:34:44] [Render thread/DEBUG] (oshi.util.FileUtil) Reading file /sys/devices/system/cpu/cpu9/cache/index3/size
[15:34:44] [Render thread/DEBUG] (oshi.util.FileUtil) Reading file /sys/devices/system/cpu/cpu9/cache/index3/size
[15:34:44] [Render thread/DEBUG] (oshi.util.FileUtil) Reading file /sys/devices/system/cpu/cpu9/cache/index1/level
[15:34:44] [Render thread/DEBUG] (oshi.util.FileUtil) Reading file /sys/devices/system/cpu/cpu9/cache/index1/level
[15:34:44] [Render thread/DEBUG] (oshi.util.FileUtil) Reading file /sys/devices/system/cpu/cpu9/cache/index1/type
[15:34:44] [Render thread/DEBUG] (oshi.util.FileUtil) Reading file /sys/devices/system/cpu/cpu9/cache/index1/type
[15:34:44] [Render thread/DEBUG] (oshi.util.FileUtil) Reading file /sys/devices/system/cpu/cpu9/cache/index1/ways_of_associativity
[15:34:44] [Render thread/DEBUG] (oshi.util.FileUtil) Reading file /sys/devices/system/cpu/cpu9/cache/index1/ways_of_associativity
[15:34:44] [Render thread/DEBUG] (oshi.util.FileUtil) Reading file /sys/devices/system/cpu/cpu9/cache/index1/coherency_line_size
[15:34:44] [Render thread/DEBUG] (oshi.util.FileUtil) Reading file /sys/devices/system/cpu/cpu9/cache/index1/coherency_line_size
[15:34:44] [Render thread/DEBUG] (oshi.util.FileUtil) Reading file /sys/devices/system/cpu/cpu9/cache/index1/size
[15:34:44] [Render thread/DEBUG] (oshi.util.FileUtil) Reading file /sys/devices/system/cpu/cpu9/cache/index1/size
[15:34:44] [Render thread/DEBUG] (oshi.util.FileUtil) Reading file /proc/cpuinfo
[15:34:44] [Render thread/DEBUG] (oshi.util.FileUtil) Reading file /proc/cpuinfo
[15:34:44] [Render thread/DEBUG] (oshi.util.FileUtil) Reading file /proc/self/auxv
[15:34:44] [Render thread/INFO] (net.minecraft.client.MinecraftClient) Using optional rendering extensions: GL_ARB_buffer_storage, GL_KHR_debug, GL_ARB_vertex_attrib_binding, GL_ARB_direct_state_access
[15:34:44] [Render thread/DEBUG] (net.neoforged.accesstransformer.AccessTransformer) Transforming net.minecraft.client.render.RenderLayer INNERCLASS MultiPhase PUBLIC LEAVE META-INF/accesstransformer.cfg:212 to access PUBLIC and LEAVE
[15:34:44] [Render thread/DEBUG] (net.neoforged.accesstransformer.AccessTransformer) Transforming net.minecraft.client.render.RenderLayer INNERCLASS MultiPhaseParameters PUBLIC LEAVE META-INF/accesstransformer.cfg:20 to access PUBLIC and LEAVE
[15:34:44] [Render thread/DEBUG] (net.neoforged.accesstransformer.AccessTransformer) Transforming net.minecraft.client.render.RenderLayer INNERCLASS OutlineMode PUBLIC LEAVE META-INF/accesstransformer.cfg:21 to access PUBLIC and LEAVE
[15:34:44] [Render thread/DEBUG] (net.neoforged.accesstransformer.AccessTransformer) Transforming net.minecraft.client.render.RenderLayer METHOD of(Ljava/lang/String;ILcom/mojang/blaze3d/pipeline/RenderPipeline;Lnet/minecraft/client/render/RenderLayer$MultiPhaseParameters;)Lnet/minecraft/client/render/RenderLayer$MultiPhase; PUBLIC LEAVE META-INF/accesstransformer.cfg:18 to access PUBLIC and LEAVE
[15:34:44] [Render thread/DEBUG] (net.neoforged.accesstransformer.AccessTransformer) Transforming net.minecraft.client.render.RenderLayer METHOD of(Ljava/lang/String;IZZLcom/mojang/blaze3d/pipeline/RenderPipeline;Lnet/minecraft/client/render/RenderLayer$MultiPhaseParameters;)Lnet/minecraft/client/render/RenderLayer$MultiPhase; PUBLIC LEAVE META-INF/accesstransformer.cfg:17 to access PUBLIC and LEAVE
[15:34:44] [Render thread/DEBUG] (net.neoforged.accesstransformer.AccessTransformer) Transforming net.minecraft.client.render.RenderPhase INNERCLASS Lightmap PUBLIC LEAVE META-INF/accesstransformer.cfg:68 to access PUBLIC and LEAVE
[15:34:44] [Render thread/DEBUG] (net.neoforged.accesstransformer.AccessTransformer) Transforming net.minecraft.client.render.RenderPhase INNERCLASS Texturing PUBLIC LEAVE META-INF/accesstransformer.cfg:262 to access PUBLIC and LEAVE
[15:34:44] [Render thread/DEBUG] (net.neoforged.accesstransformer.AccessTransformer) Transforming net.minecraft.client.render.RenderPhase INNERCLASS TextureBase PUBLIC LEAVE META-INF/accesstransformer.cfg:207 to access PUBLIC and LEAVE
[15:34:44] [Render thread/DEBUG] (net.neoforged.accesstransformer.AccessTransformer) Transforming net.minecraft.client.render.RenderPhase INNERCLASS OffsetTexturing PUBLIC LEAVE META-INF/accesstransformer.cfg:239 to access PUBLIC and LEAVE
[15:34:44] [Render thread/DEBUG] (net.neoforged.accesstransformer.AccessTransformer) Transforming net.minecraft.client.render.RenderPhase INNERCLASS Target PUBLIC LEAVE META-INF/accesstransformer.cfg:131 to access PUBLIC and LEAVE
[15:34:44] [Render thread/DEBUG] (net.neoforged.accesstransformer.AccessTransformer) Transforming net.minecraft.client.render.RenderPhase INNERCLASS Textures PUBLIC LEAVE META-INF/accesstransformer.cfg:240 to access PUBLIC and LEAVE
[15:34:44] [Render thread/DEBUG] (net.neoforged.accesstransformer.AccessTransformer) Transforming net.minecraft.client.render.RenderPhase INNERCLASS LineWidth PUBLIC LEAVE META-INF/accesstransformer.cfg:188 to access PUBLIC and LEAVE
[15:34:44] [Render thread/DEBUG] (net.neoforged.accesstransformer.AccessTransformer) Transforming net.minecraft.client.render.RenderPhase INNERCLASS Overlay PUBLIC LEAVE META-INF/accesstransformer.cfg:244 to access PUBLIC and LEAVE
[15:34:44] [Render thread/DEBUG] (net.neoforged.accesstransformer.AccessTransformer) Transforming net.minecraft.client.render.RenderPhase INNERCLASS Texture PUBLIC LEAVE META-INF/accesstransformer.cfg:19 to access PUBLIC and LEAVE
[15:34:44] [Render thread/DEBUG] (net.neoforged.accesstransformer.AccessTransformer) Transforming net.minecraft.client.render.RenderPhase INNERCLASS Layering PUBLIC LEAVE META-INF/accesstransformer.cfg:134 to access PUBLIC and LEAVE
[15:34:44] [Render thread/DEBUG] (net.neoforged.accesstransformer.AccessTransformer) Transforming net.minecraft.client.render.RenderPhase FIELD MIPMAP_BLOCK_ATLAS_TEXTURE PUBLIC LEAVE META-INF/accesstransformer.cfg:49 to access PUBLIC and LEAVE
[15:34:44] [Render thread/DEBUG] (net.neoforged.accesstransformer.AccessTransformer) Transforming net.minecraft.client.render.RenderPhase FIELD BLOCK_ATLAS_TEXTURE PUBLIC LEAVE META-INF/accesstransformer.cfg:50 to access PUBLIC and LEAVE
[15:34:44] [Render thread/DEBUG] (net.neoforged.accesstransformer.AccessTransformer) Transforming net.minecraft.client.render.RenderPhase FIELD NO_TEXTURE PUBLIC LEAVE META-INF/accesstransformer.cfg:39 to access PUBLIC and LEAVE
[15:34:44] [Render thread/DEBUG] (net.neoforged.accesstransformer.AccessTransformer) Transforming net.minecraft.client.render.RenderPhase FIELD DEFAULT_TEXTURING PUBLIC LEAVE META-INF/accesstransformer.cfg:34 to access PUBLIC and LEAVE
[15:34:44] [Render thread/DEBUG] (net.neoforged.accesstransformer.AccessTransformer) Transforming net.minecraft.client.render.RenderPhase FIELD GLINT_TEXTURING PUBLIC LEAVE META-INF/accesstransformer.cfg:48 to access PUBLIC and LEAVE
[15:34:44] [Render thread/DEBUG] (net.neoforged.accesstransformer.AccessTransformer) Transforming net.minecraft.client.render.RenderPhase FIELD ENTITY_GLINT_TEXTURING PUBLIC LEAVE META-INF/accesstransformer.cfg:47 to access PUBLIC and LEAVE
[15:34:44] [Render thread/DEBUG] (net.neoforged.accesstransformer.AccessTransformer) Transforming net.minecraft.client.render.RenderPhase FIELD ARMOR_ENTITY_GLINT_TEXTURING PUBLIC LEAVE META-INF/accesstransformer.cfg:40 to access PUBLIC and LEAVE
[15:34:44] [Render thread/DEBUG] (net.neoforged.accesstransformer.AccessTransformer) Transforming net.minecraft.client.render.RenderPhase FIELD ENABLE_LIGHTMAP PUBLIC LEAVE META-INF/accesstransformer.cfg:36 to access PUBLIC and LEAVE
[15:34:44] [Render thread/DEBUG] (net.neoforged.accesstransformer.AccessTransformer) Transforming net.minecraft.client.render.RenderPhase FIELD DISABLE_LIGHTMAP PUBLIC LEAVE META-INF/accesstransformer.cfg:51 to access PUBLIC and LEAVE
[15:34:44] [Render thread/DEBUG] (net.neoforged.accesstransformer.AccessTransformer) Transforming net.minecraft.client.render.RenderPhase FIELD ENABLE_OVERLAY_COLOR PUBLIC LEAVE META-INF/accesstransformer.cfg:35 to access PUBLIC and LEAVE
[15:34:44] [Render thread/DEBUG] (net.neoforged.accesstransformer.AccessTransformer) Transforming net.minecraft.client.render.RenderPhase FIELD DISABLE_OVERLAY_COLOR PUBLIC LEAVE META-INF/accesstransformer.cfg:37 to access PUBLIC and LEAVE
[15:34:44] [Render thread/DEBUG] (net.neoforged.accesstransformer.AccessTransformer) Transforming net.minecraft.client.render.RenderPhase FIELD NO_LAYERING PUBLIC LEAVE META-INF/accesstransformer.cfg:46 to access PUBLIC and LEAVE
[15:34:44] [Render thread/DEBUG] (net.neoforged.accesstransformer.AccessTransformer) Transforming net.minecraft.client.render.RenderPhase FIELD VIEW_OFFSET_Z_LAYERING PUBLIC LEAVE META-INF/accesstransformer.cfg:44 to access PUBLIC and LEAVE
[15:34:44] [Render thread/DEBUG] (net.neoforged.accesstransformer.AccessTransformer) Transforming net.minecraft.client.render.RenderPhase FIELD VIEW_OFFSET_Z_LAYERING_FORWARD PUBLIC LEAVE META-INF/accesstransformer.cfg:45 to access PUBLIC and LEAVE
[15:34:44] [Render thread/DEBUG] (net.neoforged.accesstransformer.AccessTransformer) Transforming net.minecraft.client.render.RenderPhase FIELD MAIN_TARGET PUBLIC LEAVE META-INF/accesstransformer.cfg:38 to access PUBLIC and LEAVE
[15:34:44] [Render thread/DEBUG] (net.neoforged.accesstransformer.AccessTransformer) Transforming net.minecraft.client.render.RenderPhase FIELD OUTLINE_TARGET PUBLIC LEAVE META-INF/accesstransformer.cfg:43 to access PUBLIC and LEAVE
[15:34:44] [Render thread/DEBUG] (net.neoforged.accesstransformer.AccessTransformer) Transforming net.minecraft.client.render.RenderPhase FIELD WEATHER_TARGET PUBLIC LEAVE META-INF/accesstransformer.cfg:42 to access PUBLIC and LEAVE
[15:34:44] [Render thread/DEBUG] (net.neoforged.accesstransformer.AccessTransformer) Transforming net.minecraft.client.render.RenderPhase FIELD ITEM_ENTITY_TARGET PUBLIC LEAVE META-INF/accesstransformer.cfg:52 to access PUBLIC and LEAVE
[15:34:44] [Render thread/DEBUG] (net.neoforged.accesstransformer.AccessTransformer) Transforming net.minecraft.client.render.RenderPhase FIELD FULL_LINE_WIDTH PUBLIC LEAVE META-INF/accesstransformer.cfg:41 to access PUBLIC and LEAVE
[15:34:44] [Render thread/DEBUG] (net.neoforged.accesstransformer.AccessTransformer) Transforming net.minecraft.client.render.RenderPhase$TextureBase CLASS PUBLIC LEAVE META-INF/accesstransformer.cfg:207 to access PUBLIC and LEAVE
[15:34:44] [Render thread/DEBUG] (net.neoforged.accesstransformer.AccessTransformer) Transforming net.minecraft.client.render.RenderPhase$Texture CLASS PUBLIC LEAVE META-INF/accesstransformer.cfg:19 to access PUBLIC and LEAVE
[15:34:44] [Render thread/DEBUG] (net.neoforged.accesstransformer.AccessTransformer) Transforming net.minecraft.client.render.RenderLayer$MultiPhase CLASS PUBLIC LEAVE META-INF/accesstransformer.cfg:212 to access PUBLIC and LEAVE
[15:34:44] [Render thread/DEBUG] (net.neoforged.accesstransformer.AccessTransformer) Transforming net.minecraft.client.render.RenderPhase$Textures CLASS PUBLIC LEAVE META-INF/accesstransformer.cfg:240 to access PUBLIC and LEAVE
[15:34:44] [Render thread/DEBUG] (net.neoforged.accesstransformer.AccessTransformer) Transforming net.minecraft.client.render.RenderPhase$Texturing CLASS PUBLIC LEAVE META-INF/accesstransformer.cfg:262 to access PUBLIC and LEAVE
[15:34:44] [Render thread/DEBUG] (net.neoforged.accesstransformer.AccessTransformer) Transforming net.minecraft.client.render.RenderPhase$OffsetTexturing CLASS PUBLIC LEAVE META-INF/accesstransformer.cfg:239 to access PUBLIC and LEAVE
[15:34:44] [Render thread/DEBUG] (net.neoforged.accesstransformer.AccessTransformer) Transforming net.minecraft.client.render.RenderPhase$Lightmap CLASS PUBLIC LEAVE META-INF/accesstransformer.cfg:68 to access PUBLIC and LEAVE
[15:34:44] [Render thread/DEBUG] (net.neoforged.accesstransformer.AccessTransformer) Transforming net.minecraft.client.render.RenderPhase$Overlay CLASS PUBLIC LEAVE META-INF/accesstransformer.cfg:244 to access PUBLIC and LEAVE
[15:34:44] [Render thread/DEBUG] (net.neoforged.accesstransformer.AccessTransformer) Transforming net.minecraft.client.render.RenderPhase$Layering CLASS PUBLIC LEAVE META-INF/accesstransformer.cfg:134 to access PUBLIC and LEAVE
[15:34:44] [Render thread/DEBUG] (net.neoforged.accesstransformer.AccessTransformer) Transforming net.minecraft.client.render.RenderPhase$Target CLASS PUBLIC LEAVE META-INF/accesstransformer.cfg:131 to access PUBLIC and LEAVE
[15:34:44] [Render thread/DEBUG] (net.neoforged.accesstransformer.AccessTransformer) Transforming net.minecraft.client.render.RenderPhase$LineWidth CLASS PUBLIC LEAVE META-INF/accesstransformer.cfg:188 to access PUBLIC and LEAVE
[15:34:44] [Render thread/DEBUG] (net.neoforged.accesstransformer.AccessTransformer) Transforming net.minecraft.client.render.RenderLayer$MultiPhaseParameters CLASS PUBLIC LEAVE META-INF/accesstransformer.cfg:20 to access PUBLIC and LEAVE
[15:34:44] [Render thread/DEBUG] (net.neoforged.accesstransformer.AccessTransformer) Transforming net.minecraft.client.render.RenderLayer$MultiPhaseParameters$Builder METHOD <init>()V PUBLIC LEAVE META-INF/accesstransformer.cfg:228 to access PUBLIC and LEAVE
[15:34:44] [Render thread/DEBUG] (net.neoforged.accesstransformer.AccessTransformer) Transforming net.minecraft.client.render.RenderLayer$MultiPhaseParameters$Builder METHOD texture(Lnet/minecraft/client/render/RenderPhase$TextureBase;)Lnet/minecraft/client/render/RenderLayer$MultiPhaseParameters$Builder; PUBLIC LEAVE META-INF/accesstransformer.cfg:227 to access PUBLIC and LEAVE
[15:34:44] [Render thread/DEBUG] (net.neoforged.accesstransformer.AccessTransformer) Transforming net.minecraft.client.render.RenderLayer$MultiPhaseParameters$Builder METHOD lightmap(Lnet/minecraft/client/render/RenderPhase$Lightmap;)Lnet/minecraft/client/render/RenderLayer$MultiPhaseParameters$Builder; PUBLIC LEAVE META-INF/accesstransformer.cfg:223 to access PUBLIC and LEAVE
[15:34:44] [Render thread/DEBUG] (net.neoforged.accesstransformer.AccessTransformer) Transforming net.minecraft.client.render.RenderLayer$MultiPhaseParameters$Builder METHOD overlay(Lnet/minecraft/client/render/RenderPhase$Overlay;)Lnet/minecraft/client/render/RenderLayer$MultiPhaseParameters$Builder; PUBLIC LEAVE META-INF/accesstransformer.cfg:226 to access PUBLIC and LEAVE
[15:34:44] [Render thread/DEBUG] (net.neoforged.accesstransformer.AccessTransformer) Transforming net.minecraft.client.render.RenderLayer$MultiPhaseParameters$Builder METHOD layering(Lnet/minecraft/client/render/RenderPhase$Layering;)Lnet/minecraft/client/render/RenderLayer$MultiPhaseParameters$Builder; PUBLIC LEAVE META-INF/accesstransformer.cfg:224 to access PUBLIC and LEAVE
[15:34:44] [Render thread/DEBUG] (net.neoforged.accesstransformer.AccessTransformer) Transforming net.minecraft.client.render.RenderLayer$MultiPhaseParameters$Builder METHOD target(Lnet/minecraft/client/render/RenderPhase$Target;)Lnet/minecraft/client/render/RenderLayer$MultiPhaseParameters$Builder; PUBLIC LEAVE META-INF/accesstransformer.cfg:225 to access PUBLIC and LEAVE
[15:34:44] [Render thread/DEBUG] (net.neoforged.accesstransformer.AccessTransformer) Transforming net.minecraft.client.render.RenderLayer$MultiPhaseParameters$Builder METHOD texturing(Lnet/minecraft/client/render/RenderPhase$Texturing;)Lnet/minecraft/client/render/RenderLayer$MultiPhaseParameters$Builder; PUBLIC LEAVE META-INF/accesstransformer.cfg:222 to access PUBLIC and LEAVE
[15:34:44] [Render thread/DEBUG] (net.neoforged.accesstransformer.AccessTransformer) Transforming net.minecraft.client.render.RenderLayer$MultiPhaseParameters$Builder METHOD lineWidth(Lnet/minecraft/client/render/RenderPhase$LineWidth;)Lnet/minecraft/client/render/RenderLayer$MultiPhaseParameters$Builder; PUBLIC LEAVE META-INF/accesstransformer.cfg:220 to access PUBLIC and LEAVE
[15:34:44] [Render thread/DEBUG] (net.neoforged.accesstransformer.AccessTransformer) Transforming net.minecraft.client.render.RenderLayer$MultiPhaseParameters$Builder METHOD build(Z)Lnet/minecraft/client/render/RenderLayer$MultiPhaseParameters; PUBLIC LEAVE META-INF/accesstransformer.cfg:229 to access PUBLIC and LEAVE
[15:34:44] [Render thread/DEBUG] (net.neoforged.accesstransformer.AccessTransformer) Transforming net.minecraft.client.render.RenderLayer$MultiPhaseParameters$Builder METHOD build(Lnet/minecraft/client/render/RenderLayer$OutlineMode;)Lnet/minecraft/client/render/RenderLayer$MultiPhaseParameters; PUBLIC LEAVE META-INF/accesstransformer.cfg:221 to access PUBLIC and LEAVE
[15:34:44] [Render thread/DEBUG] (net.neoforged.accesstransformer.AccessTransformer) Transforming net.minecraft.client.render.RenderLayer$OutlineMode CLASS PUBLIC LEAVE META-INF/accesstransformer.cfg:21 to access PUBLIC and LEAVE
[15:34:44] [Render thread/DEBUG] (net.neoforged.accesstransformer.AccessTransformer) Transforming net.minecraft.client.particle.ParticleSpriteManager INNERCLASS SimpleSpriteProvider PUBLIC LEAVE META-INF/accesstransformer.cfg:80 to access PUBLIC and LEAVE
[15:34:44] [Render thread/DEBUG] (net.neoforged.accesstransformer.AccessTransformer) Transforming net.minecraft.client.particle.ParticleSpriteManager$SimpleSpriteProvider CLASS PUBLIC LEAVE META-INF/accesstransformer.cfg:80 to access PUBLIC and LEAVE
[15:34:44] [Render thread/DEBUG] (net.neoforged.accesstransformer.AccessTransformer) Transforming net.minecraft.client.particle.ParticleSpriteManager$SimpleSpriteProvider FIELD sprites PUBLIC LEAVE META-INF/accesstransformer.cfg:81 to access PUBLIC and LEAVE
[15:34:44] [Download-1/DEBUG] (com.mojang.authlib.yggdrasil.YggdrasilMinecraftSessionService) Couldn't fetch profile properties for 380df991-f603-344c-a090-369bad2a924a as the profile does not exist
[15:34:44] [Download-2/ERROR] (net.minecraft.client.MinecraftClient) Failed to fetch user properties
com.mojang.authlib.exceptions.InvalidCredentialsException: Status: 401
	at com.mojang.authlib.exceptions.MinecraftClientHttpException.toAuthenticationException(MinecraftClientHttpException.java:59) ~[authlib-7.0.61.jar:?]
	at com.mojang.authlib.yggdrasil.YggdrasilUserApiService.fetchProperties(YggdrasilUserApiService.java:150) ~[authlib-7.0.61.jar:?]
	at TRANSFORMER/minecraft@1.21.9/net.minecraft.client.MinecraftClient.method_55608(MinecraftClient.java:539) ~[client-extra.jar:?]
	at java.base/java.util.concurrent.CompletableFuture$AsyncSupply.run(CompletableFuture.java:1768) ~[?:?]
	at java.base/java.util.concurrent.ThreadPoolExecutor.runWorker(ThreadPoolExecutor.java:1144) ~[?:?]
	at java.base/java.util.concurrent.ThreadPoolExecutor$Worker.run(ThreadPoolExecutor.java:642) ~[?:?]
	at java.base/java.lang.Thread.run(Thread.java:1583) [?:?]
Caused by: com.mojang.authlib.exceptions.MinecraftClientHttpException: Status: 401
	at com.mojang.authlib.minecraft.client.MinecraftClient.readInputStream(MinecraftClient.java:103) ~[authlib-7.0.61.jar:?]
	at com.mojang.authlib.minecraft.client.MinecraftClient.get(MinecraftClient.java:56) ~[authlib-7.0.61.jar:?]
	at com.mojang.authlib.yggdrasil.YggdrasilUserApiService.fetchProperties(YggdrasilUserApiService.java:121) ~[authlib-7.0.61.jar:?]
	... 5 more
[15:34:45] [Render thread/ERROR] (com.mojang.text2speech.Narrator) Error while loading the narrator
com.mojang.text2speech.Narrator$InitializeException: Failed to load library flite
	at com.mojang.text2speech.NarratorLinux$FliteLibrary.loadNative(NarratorLinux.java:81) ~[text2speech-1.18.11.jar:?]
	at com.mojang.text2speech.NarratorLinux.<init>(NarratorLinux.java:18) ~[text2speech-1.18.11.jar:?]
	at com.mojang.text2speech.Narrator.getNarrator(Narrator.java:41) [text2speech-1.18.11.jar:?]
	at TRANSFORMER/minecraft@1.21.9/net.minecraft.client.util.NarratorManager.<init>(NarratorManager.java) [client-extra.jar:?]
	at TRANSFORMER/minecraft@1.21.9/net.minecraft.client.MinecraftClient.<init>(MinecraftClient.java:771) [client-extra.jar:?]
	at TRANSFORMER/minecraft@1.21.9/net.minecraft.client.main.Main.main(Main.java:210) [client-extra.jar:?]
	at net.neoforged.fml.startup.Client.main(Client.java:26) [loader-10.0.14.jar:10.0]
	at net.fabricmc.devlaunchinjector.Main.main(Main.java:86) [dev-launch-injector-0.2.1+build.8.jar:?]
	at dev.architectury.transformer.TransformerRuntime.main(TransformerRuntime.java:220) [architectury-transformer-5.2.87-runtime.jar:5.2.87]
Caused by: java.lang.UnsatisfiedLinkError: Unable to load library 'flite':
libflite.so: cannot open shared object file: No such file or directory
libflite.so: cannot open shared object file: No such file or directory
Native library (linux-x86-64/libflite.so) not found in resource path (/home/lordender_kitty/IdeaProjects/Reload Server List/neoforge/build/classes/java/main:/home/lordender_kitty/IdeaProjects/Reload Server List/neoforge/build/resources/main:/home/lordender_kitty/.gradle/caches/fabric-loom/1.21.9/neoforge/21.9.16-beta/client-extra.jar:/home/lordender_kitty/.gradle/caches/fabric-loom/1.21.9/loom.mappings.1_21_9.layered+hash.1356837008-v2-neoforge-21.9.16-beta/mappings.jar:/home/lordender_kitty/.gradle/caches/modules-2/files-2.1/dev.architectury/architectury-transformer/5.2.87/c81d58e13fbd902ba5d909126733b9e3771c4395/architectury-transformer-5.2.87-agent.jar:/home/lordender_kitty/.gradle/caches/modules-2/files-2.1/dev.architectury/architectury-transformer/5.2.87/980814ce433a3396de4495194f027dfecc94bb3a/architectury-transformer-5.2.87-runtime.jar:/home/lordender_kitty/IdeaProjects/Reload Server List/common/build/devlibs/reload_server_list-common-2.0-dev.jar:/home/lordender_kitty/.gradle/caches/modules-2/files-2.1/net.neoforged.fancymodloader/earlydisplay/10.0.14/1f33d6a4ddb222e2eb6a1e12b22512f3ac726884/earlydisplay-10.0.14.jar:/home/lordender_kitty/.gradle/caches/fabric-loom/forge/transformed-dependencies-v1/net/neoforged/fancymodloader/fb7f9459985ca4899b5e6787e3b85e42dcd3e3caf012fe9eb4fa1a21b70c448d/loader/10.0.14/loader-10.0.14.jar:/home/lordender_kitty/.gradle/caches/modules-2/files-2.1/net.neoforged/accesstransformers/11.0.2/25dcb69c78b16669935f0ab91dff830ce192379d/accesstransformers-11.0.2.jar:/home/lordender_kitty/.gradle/caches/modules-2/files-2.1/net.fabricmc/sponge-mixin/0.16.4+mixin.0.8.7/26d01f0567ab46e9ca0d2ed89d0ecc11aadbd433/sponge-mixin-0.16.4+mixin.0.8.7.jar:/home/lordender_kitty/.gradle/caches/modules-2/files-2.1/org.ow2.asm/asm-commons/9.8/36e4d212970388e5bd2c5180292012502df461bb/asm-commons-9.8.jar:/home/lordender_kitty/.gradle/caches/modules-2/files-2.1/net.neoforged/mergetool/2.0.0/52fe1949be64e3303aabaaa21e315f551db9c9f4/mergetool-2.0.0-api.jar:/home/lordender_kitty/.gradle/caches/modules-2/files-2.1/org.ow2.asm/asm-util/9.8/395f1c1f035258511f27bc9b2583d76e4b143f59/asm-util-9.8.jar:/home/lordender_kitty/.gradle/caches/modules-2/files-2.1/org.ow2.asm/asm-analysis/9.8/b9747a320844b6cb1eacd90d8ecfd260a16c01d3/asm-analysis-9.8.jar:/home/lordender_kitty/.gradle/caches/modules-2/files-2.1/io.github.juuxel/unprotect-fancymodloader10/2.0.1/92fbae1c43c781c7c5d3b8f8d9634a4681a0e35f/unprotect-fancymodloader10-2.0.1.jar:/home/lordender_kitty/.gradle/caches/modules-2/files-2.1/io.github.juuxel/unprotect/2.0.1/3510b76b11492507ba3bf1739908cba4e6b8fe02/unprotect-2.0.1.jar:/home/lordender_kitty/.gradle/caches/modules-2/files-2.1/org.ow2.asm/asm-tree/9.8/18419ca5b77a2f81097c741e7872e6ab8d2f40d/asm-tree-9.8.jar:/home/lordender_kitty/.gradle/caches/modules-2/files-2.1/net.neoforged/bus/8.0.5/5b2d33285ab5d1554e9798ad98c40d6ea3868bd5/bus-8.0.5.jar:/home/lordender_kitty/.gradle/caches/modules-2/files-2.1/org.ow2.asm/asm/9.8/dc19ecb3f7889b7860697215cae99c0f9b6f6b4b/asm-9.8.jar:/home/lordender_kitty/.gradle/caches/modules-2/files-2.1/com.electronwill.night-config/toml/3.8.3/90b2fd6efcb4a7d5b9810cf78f9d824994d717f2/toml-3.8.3.jar:/home/lordender_kitty/.gradle/caches/modules-2/files-2.1/com.electronwill.night-config/core/3.8.3/b442a95f09e349927f5a945ecb594455870fcf4f/core-3.8.3.jar:/home/lordender_kitty/.gradle/caches/modules-2/files-2.1/net.neoforged/JarJarSelector/0.5.0/64e4956b8dcdd6537eba96590f12fa1f3ba2f831/JarJarSelector-0.5.0.jar:/home/lordender_kitty/.gradle/caches/modules-2/files-2.1/net.neoforged/JarJarMetadata/0.5.0/6f03d0ac17102c33cb7384e42a2e22eda2a3ad8c/JarJarMetadata-0.5.0.jar:/home/lordender_kitty/.gradle/caches/modules-2/files-2.1/org.apache.maven/maven-artifact/3.9.9/a130ec431ef32e12a4424f9b074735bb58e15d2d/maven-artifact-3.9.9.jar:/home/lordender_kitty/.gradle/caches/modules-2/files-2.1/net.jodah/typetools/0.6.3/a01aaa6ddaea9ec07ec4f209487b7a46a526283a/typetools-0.6.3.jar:/home/lordender_kitty/.gradle/caches/modules-2/files-2.1/net.minecrell/terminalconsoleappender/1.3.0/b562e9bb61235c9520e26282cdee71f8f802d1fc/terminalconsoleappender-1.3.0.jar:/home/lordender_kitty/.gradle/caches/modules-2/files-2.1/io.github.llamalad7/mixinextras-neoforge/0.5.0/d734b83ce6542bb70ea31755c1595b88992dbe65/mixinextras-neoforge-0.5.0.jar:/home/lordender_kitty/.gradle/caches/modules-2/files-2.1/net.sf.jopt-simple/jopt-simple/5.0.4/4fdac2fbe92dfad86aa6e9301736f6b4342a3f5c/jopt-simple-5.0.4.jar:/home/lordender_kitty/.gradle/caches/modules-2/files-2.1/net.neoforged.accesstransformers/at-parser/11.0.2/64aae57d6d26d69543c5275181fe6971707a4e16/at-parser-11.0.2.jar:/home/lordender_kitty/.gradle/caches/modules-2/files-2.1/com.mojang/logging/1.5.10/9ab1202793717af9df9c1704d0a02892067001eb/logging-1.5.10.jar:/home/lordender_kitty/.gradle/caches/modules-2/files-2.1/org.apache.logging.log4j/log4j-slf4j2-impl/2.24.1/8e3ddc96464ef7f768823e7e001a52b23de8cd0a/log4j-slf4j2-impl-2.24.1.jar:/home/lordender_kitty/.gradle/caches/modules-2/files-2.1/org.slf4j/slf4j-api/2.0.16/172931663a09a1fa515567af5fbef00897d3c04/slf4j-api-2.0.16.jar:/home/lordender_kitty/.gradle/caches/modules-2/files-2.1/org.apache.logging.log4j/log4j-core/2.24.1/c85285146f28d8c8962384f786e2dff04172fb43/log4j-core-2.24.1.jar:/home/lordender_kitty/.gradle/caches/modules-2/files-2.1/org.apache.logging.log4j/log4j-api/2.24.1/7ebeb12c20606373005af4232cd0ecca72613dda/log4j-api-2.24.1.jar:/home/lordender_kitty/.gradle/caches/modules-2/files-2.1/org.jline/jline-reader/3.20.0/8f15415b022a25b473e8e16c28ae913186ffb9c4/jline-reader-3.20.0.jar:/home/lordender_kitty/.gradle/caches/modules-2/files-2.1/org.jline/jline-terminal/3.20.0/d0ddcc708ddf527a3454c941b7b9225cc83a15ff/jline-terminal-3.20.0.jar:/home/lordender_kitty/.gradle/caches/modules-2/files-2.1/commons-io/commons-io/2.17.0/ddcc8433eb019fb48fe25207c0278143f3e1d7e2/commons-io-2.17.0.jar:/home/lordender_kitty/.gradle/caches/modules-2/files-2.1/org.lwjgl/lwjgl-tinyfd/3.3.3/82d755ca94b102e9ca77283b9e2dc46d1b15fbe5/lwjgl-tinyfd-3.3.3.jar:/home/lordender_kitty/.gradle/caches/modules-2/files-2.1/org.lwjgl/lwjgl-tinyfd/3.3.3/d8d58daa0c3e5fd906fee96f5fddbcbc07cc308b/lwjgl-tinyfd-3.3.3-natives-linux.jar:/home/lordender_kitty/.gradle/caches/modules-2/files-2.1/org.lwjgl/lwjgl-glfw/3.3.3/efa1eb78c5ccd840e9f329717109b5e892d72f8e/lwjgl-glfw-3.3.3.jar:/home/lordender_kitty/.gradle/caches/modules-2/files-2.1/org.lwjgl/lwjgl-glfw/3.3.3/a03684c5e4b1b1dbbe0d29dbbdc27b985b6840f2/lwjgl-glfw-3.3.3-natives-linux.jar:/home/lordender_kitty/.gradle/caches/modules-2/files-2.1/org.lwjgl/lwjgl-opengl/3.3.3/2f6b0147078396a58979125a4c947664e98293a/lwjgl-opengl-3.3.3.jar:/home/lordender_kitty/.gradle/caches/modules-2/files-2.1/org.lwjgl/lwjgl-opengl/3.3.3/62c70a4b00ca5391882b0f4b787c1588d24f1c86/lwjgl-opengl-3.3.3-natives-linux.jar:/home/lordender_kitty/.gradle/caches/modules-2/files-2.1/org.lwjgl/lwjgl-stb/3.3.3/25dd6161988d7e65f71d5065c99902402ee32746/lwjgl-stb-3.3.3.jar:/home/lordender_kitty/.gradle/caches/modules-2/files-2.1/org.lwjgl/lwjgl-stb/3.3.3/fd1271ccd9d85eff2fa31f3fd543e02ccfaf5041/lwjgl-stb-3.3.3-natives-linux.jar:/home/lordender_kitty/.gradle/caches/modules-2/files-2.1/org.lwjgl/lwjgl/3.3.3/29589b5f87ed335a6c7e7ee6a5775f81f97ecb84/lwjgl-3.3.3.jar:/home/lordender_kitty/.gradle/caches/modules-2/files-2.1/org.lwjgl/lwjgl/3.3.3/1713758e3660ba66e1e954396fd18126038b33c0/lwjgl-3.3.3-natives-linux.jar:/home/lordender_kitty/.gradle/caches/modules-2/files-2.1/net.minecraftforge/srgutils/0.4.15/ca408b131759478f164e010fae0d73997e125fb5/srgutils-0.4.15.jar:/home/lordender_kitty/.gradle/caches/modules-2/files-2.1/com.google.guava/guava/33.3.1-jre/852f8b363da0111e819460021ca693cacca3e8db/guava-33.3.1-jre.jar:/home/lordender_kitty/.gradle/caches/modules-2/files-2.1/com.google.guava/failureaccess/1.0.2/c4a06a64e650562f30b7bf9aaec1bfed43aca12b/failureaccess-1.0.2.jar:/home/lordender_kitty/.gradle/caches/modules-2/files-2.1/com.google.guava/listenablefuture/9999.0-empty-to-avoid-conflict-with-guava/b421526c5f297295adef1c886e5246c39d4ac629/listenablefuture-9999.0-empty-to-avoid-conflict-with-guava.jar:/home/lordender_kitty/.gradle/caches/modules-2/files-2.1/com.google.code.findbugs/jsr305/3.0.2/25ea2e8b0c338a877313bd4672d3fe056ea78f0d/jsr305-3.0.2.jar:/home/lordender_kitty/.gradle/caches/modules-2/files-2.1/org.checkerframework/checker-qual/3.43.0/9425eee39e56b116d2b998b7c2cebcbd11a3c98b/checker-qual-3.43.0.jar:/home/lordender_kitty/.gradle/caches/modules-2/files-2.1/com.google.code.gson/gson/2.11.0/527175ca6d81050b53bdd4c457a6d6e017626b0e/gson-2.11.0.jar:/home/lordender_kitty/.gradle/caches/modules-2/files-2.1/com.google.errorprone/error_prone_annotations/2.28.0/59fc00087ce372de42e394d2c789295dff2d19f0/error_prone_annotations-2.28.0.jar:/home/lordender_kitty/.gradle/caches/modules-2/files-2.1/com.google.j2objc/j2objc-annotations/3.0.0/7399e65dd7e9ff3404f4535b2f017093bdb134c7/j2objc-annotations-3.0.0.jar:/home/lordender_kitty/.gradle/caches/modules-2/files-2.1/org.codehaus.plexus/plexus-utils/3.5.1/c6bfb17c97ecc8863e88778ea301be742c62b06d/plexus-utils-3.5.1.jar:/home/lordender_kitty/.gradle/caches/modules-2/files-2.1/org.apache.commons/commons-lang3/3.17.0/b17d2136f0460dcc0d2016ceefca8723bdf4ee70/commons-lang3-3.17.0.jar:/home/lordender_kitty/.gradle/caches/modules-2/files-2.1/net.fabricmc/dev-launch-injector/0.2.1+build.8/da8bef7e6e2f952da707f282bdb46882a0fce5e3/dev-launch-injector-0.2.1+build.8.jar:/home/lordender_kitty/.gradle/caches/modules-2/files-2.1/com.fasterxml.jackson.core/jackson-annotations/2.13.4/858c6cc78e1f08a885b1613e1d817c829df70a6e/jackson-annotations-2.13.4.jar:/home/lordender_kitty/.gradle/caches/modules-2/files-2.1/com.fasterxml.jackson.core/jackson-core/2.13.4/cf934c681294b97ef6d80082faeefbe1edadf56/jackson-core-2.13.4.jar:/home/lordender_kitty/.gradle/caches/modules-2/files-2.1/com.fasterxml.jackson.core/jackson-databind/2.13.4.2/325c06bdfeb628cfb80ebaaf1a26cc1eb558a585/jackson-databind-2.13.4.2.jar:/home/lordender_kitty/.gradle/caches/modules-2/files-2.1/com.github.oshi/oshi-core/6.6.5/e1099981fd15dc4236c4499d82aba1276fb43a9a/oshi-core-6.6.5.jar:/home/lordender_kitty/.gradle/caches/modules-2/files-2.1/com.github.stephenc.jcip/jcip-annotations/1.0-1/ef31541dd28ae2cefdd17c7ebf352d93e9058c63/jcip-annotations-1.0-1.jar:/home/lordender_kitty/.gradle/caches/modules-2/files-2.1/com.ibm.icu/icu4j/76.1/215f3a8e936d4069344bd75f2b1368fd58112894/icu4j-76.1.jar:/home/lordender_kitty/.gradle/caches/modules-2/files-2.1/com.microsoft.azure/msal4j/1.17.2/a6211e3d71d0388929babaa0ff0951b30d001852/msal4j-1.17.2.jar:/home/lordender_kitty/.gradle/caches/modules-2/files-2.1/com.mojang/authlib/7.0.61/efee1e6b54e863108576eb3b3ae71144626aaefc/authlib-7.0.61.jar:/home/lordender_kitty/.gradle/caches/modules-2/files-2.1/com.mojang/blocklist/1.0.10/5c685c5ffa94c4cd39496c7184c1d122e515ecef/blocklist-1.0.10.jar:/home/lordender_kitty/.gradle/caches/modules-2/files-2.1/com.mojang/brigadier/1.3.10/d15b53a14cf20fdcaa98f731af5dda654452c010/brigadier-1.3.10.jar:/home/lordender_kitty/.gradle/caches/modules-2/files-2.1/com.mojang/datafixerupper/8.0.16/67d4de6d7f95d89bcf5862995fb854ebaec02a34/datafixerupper-8.0.16.jar:/home/lordender_kitty/.gradle/caches/modules-2/files-2.1/com.mojang/jtracy/1.0.36/20a63d06b621bfeb3cb21ef51b7fa40c0fc22021/jtracy-1.0.36.jar:/home/lordender_kitty/.gradle/caches/modules-2/files-2.1/com.mojang/jtracy/1.0.36/8f2967c139b024bf80024a3eab63e906c3ee2e5b/jtracy-1.0.36-natives-linux.jar:/home/lordender_kitty/.gradle/caches/modules-2/files-2.1/com.mojang/patchy/2.2.10/da05971b07cbb379d002cf7eaec6a2048211fefc/patchy-2.2.10.jar:/home/lordender_kitty/.gradle/caches/modules-2/files-2.1/com.mojang/text2speech/1.18.11/e853a12cdd6ba4f4836e8f4bf3b37844a13482b6/text2speech-1.18.11.jar:/home/lordender_kitty/.gradle/caches/modules-2/files-2.1/com.nimbusds/content-type/2.3/e3aa0be212d7a42839a8f3f506f5b990bcce0222/content-type-2.3.jar:/home/lordender_kitty/.gradle/caches/modules-2/files-2.1/com.nimbusds/lang-tag/1.7/97c73ecd70bc7e8eefb26c5eea84f251a63f1031/lang-tag-1.7.jar:/home/lordender_kitty/.gradle/caches/modules-2/files-2.1/com.nimbusds/nimbus-jose-jwt/9.40/42b1dfa0360e4062951b070bac52dd8d96fd7b38/nimbus-jose-jwt-9.40.jar:/home/lordender_kitty/.gradle/caches/modules-2/files-2.1/com.nimbusds/oauth2-oidc-sdk/11.18/7c7ec4f4066625ff07a711ad856fa04da1ff9de/oauth2-oidc-sdk-11.18.jar:/home/lordender_kitty/.gradle/caches/modules-2/files-2.1/commons-codec/commons-codec/1.17.1/973638b7149d333563584137ebf13a691bb60579/commons-codec-1.17.1.jar:/home/lordender_kitty/.gradle/caches/modules-2/files-2.1/commons-logging/commons-logging/1.3.4/b9fc14968d63a8b8a8a2c1885fe3e90564239708/commons-logging-1.3.4.jar:/home/lordender_kitty/.gradle/caches/modules-2/files-2.1/io.netty/netty-buffer/4.1.118.Final/7022990af1e0d449f9d5322035899745e19735c5/netty-buffer-4.1.118.Final.jar:/home/lordender_kitty/.gradle/caches/modules-2/files-2.1/io.netty/netty-codec-http/4.1.118.Final/eda08a71294afe78c779b85fd696bc13491507a8/netty-codec-http-4.1.118.Final.jar:/home/lordender_kitty/.gradle/caches/modules-2/files-2.1/io.netty/netty-codec/4.1.118.Final/307f665c08ce57333121de4f460479fc0c3c94d4/netty-codec-4.1.118.Final.jar:/home/lordender_kitty/.gradle/caches/modules-2/files-2.1/io.netty/netty-common/4.1.118.Final/4bb0f9899146484fa89f7b9bc27389d5b8e2ecde/netty-common-4.1.118.Final.jar:/home/lordender_kitty/.gradle/caches/modules-2/files-2.1/io.netty/netty-handler/4.1.118.Final/30ebb05b6b0fb071dbfcf713017c4a767a97bb9b/netty-handler-4.1.118.Final.jar:/home/lordender_kitty/.gradle/caches/modules-2/files-2.1/io.netty/netty-resolver/4.1.118.Final/28c378c19c1779eca1104b400452627f3ebc4aea/netty-resolver-4.1.118.Final.jar:/home/lordender_kitty/.gradle/caches/modules-2/files-2.1/io.netty/netty-transport-classes-epoll/4.1.118.Final/376ce95507066f0e755d97c1c8bcd6c33f657617/netty-transport-classes-epoll-4.1.118.Final.jar:/home/lordender_kitty/.gradle/caches/modules-2/files-2.1/io.netty/netty-transport-native-epoll/4.1.118.Final/82f94d0a9d837f6b6a580379373310ff7288c0f8/netty-transport-native-epoll-4.1.118.Final-linux-aarch_64.jar:/home/lordender_kitty/.gradle/caches/modules-2/files-2.1/io.netty/netty-transport-native-epoll/4.1.118.Final/7e6b89e3746acb7cf6f0aad993bbd058fc6d912e/netty-transport-native-epoll-4.1.118.Final-linux-x86_64.jar:/home/lordender_kitty/.gradle/caches/modules-2/files-2.1/io.netty/netty-transport-native-unix-common/4.1.118.Final/9da25a94e6a0edac90da0bc7894e5a54efcb866b/netty-transport-native-unix-common-4.1.118.Final.jar:/home/lordender_kitty/.gradle/caches/modules-2/files-2.1/io.netty/netty-transport/4.1.118.Final/5a27232e5d08218722d94ca14f0b1b4576e7711c/netty-transport-4.1.118.Final.jar:/home/lordender_kitty/.gradle/caches/modules-2/files-2.1/it.unimi.dsi/fastutil/8.5.15/1e885b40c9563ab0d3899b871fd0b30e958705dc/fastutil-8.5.15.jar:/home/lordender_kitty/.gradle/caches/modules-2/files-2.1/net.java.dev.jna/jna-platform/5.15.0/86b502cad57d45da172b5e3231c537b042e296ef/jna-platform-5.15.0.jar:/home/lordender_kitty/.gradle/caches/modules-2/files-2.1/net.java.dev.jna/jna/5.15.0/1ee1d80ff44f08280188f7c0e740d57207841ac/jna-5.15.0.jar:/home/lordender_kitty/.gradle/caches/modules-2/files-2.1/net.minidev/accessors-smart/2.5.1/19b820261eb2e7de7d5bde11d1c06e4501dd7e5f/accessors-smart-2.5.1.jar:/home/lordender_kitty/.gradle/caches/modules-2/files-2.1/net.minidev/json-smart/2.5.1/4c11d2808d009132dfbbf947ebf37de6bf266c8e/json-smart-2.5.1.jar:/home/lordender_kitty/.gradle/caches/modules-2/files-2.1/org.apache.commons/commons-compress/1.27.1/a19151084758e2fbb6b41eddaa88e7b8ff4e6599/commons-compress-1.27.1.jar:/home/lordender_kitty/.gradle/caches/modules-2/files-2.1/org.apache.httpcomponents/httpclient/4.5.14/1194890e6f56ec29177673f2f12d0b8e627dec98/httpclient-4.5.14.jar:/home/lordender_kitty/.gradle/caches/modules-2/files-2.1/org.apache.httpcomponents/httpcore/4.4.16/51cf043c87253c9f58b539c9f7e44c8894223850/httpcore-4.4.16.jar:/home/lordender_kitty/.gradle/caches/modules-2/files-2.1/org.jcraft/jorbis/0.0.17/8872d22b293e8f5d7d56ff92be966e6dc28ebdc6/jorbis-0.0.17.jar:/home/lordender_kitty/.gradle/caches/modules-2/files-2.1/org.joml/joml/1.10.8/fc0a71dad90a2cf41d82a76156a0e700af8e4f8d/joml-1.10.8.jar:/home/lordender_kitty/.gradle/caches/modules-2/files-2.1/org.lwjgl/lwjgl-freetype/3.3.3/a0db6c84a8becc8ca05f9dbfa985edc348a824c7/lwjgl-freetype-3.3.3.jar:/home/lordender_kitty/.gradle/caches/modules-2/files-2.1/org.lwjgl/lwjgl-freetype/3.3.3/149070a5480900347071b7074779531f25a6e3dc/lwjgl-freetype-3.3.3-natives-linux.jar:/home/lordender_kitty/.gradle/caches/modules-2/files-2.1/org.lwjgl/lwjgl-jemalloc/3.3.3/b543467b7ff3c6920539a88ee602d34098628be5/lwjgl-jemalloc-3.3.3.jar:/home/lordender_kitty/.gradle/caches/modules-2/files-2.1/org.lwjgl/lwjgl-jemalloc/3.3.3/4f86728bf449b1dd61251c4e0ac01df1389cb51e/lwjgl-jemalloc-3.3.3-natives-linux.jar:/home/lordender_kitty/.gradle/caches/modules-2/files-2.1/org.lwjgl/lwjgl-openal/3.3.3/daada81ceb5fc0c291fbfdd4433cb8d9423577f2/lwjgl-openal-3.3.3.jar:/home/lordender_kitty/.gradle/caches/modules-2/files-2.1/org.lwjgl/lwjgl-openal/3.3.3/3037360cc4595079bea240af250b6d1a527e0905/lwjgl-openal-3.3.3-natives-linux.jar:/home/lordender_kitty/.gradle/caches/modules-2/files-2.1/org.lz4/lz4-java/1.8.0/4b986a99445e49ea5fbf5d149c4b63f6ed6c6780/lz4-java-1.8.0.jar:/home/lordender_kitty/.gradle/caches/fabric-loom/minecraftMaven/net/minecraft/neoforge-21.9.16-beta-minecraft-merged/1.21.9-loom.mappings.1_21_9.layered+hash.1356837008-v2-neoforge-21.9.16-beta/neoforge-21.9.16-beta-minecraft-merged-1.21.9-loom.mappings.1_21_9.layered+hash.1356837008-v2-neoforge-21.9.16-beta.jar:/home/lordender_kitty/IdeaProjects/Reload Server List/.gradle/loom-cache/remapped_mods/remapped/dev/architectury/architectury-neoforge-6b3d8a21/18.0.4/architectury-neoforge-6b3d8a21-18.0.4.jar:/tmp/12235278575149861410.jar)
	at com.sun.jna.NativeLibrary.loadLibrary(NativeLibrary.java:325) ~[jna-5.15.0.jar:5.15.0 (b0)]
	at com.sun.jna.NativeLibrary.getInstance(NativeLibrary.java:481) ~[jna-5.15.0.jar:5.15.0 (b0)]
	at com.sun.jna.NativeLibrary.getInstance(NativeLibrary.java:423) ~[jna-5.15.0.jar:5.15.0 (b0)]
	at com.mojang.text2speech.NarratorLinux$FliteLibrary.loadNative(NarratorLinux.java:79) ~[text2speech-1.18.11.jar:?]
	... 8 more
	Suppressed: java.lang.UnsatisfiedLinkError: libflite.so: cannot open shared object file: No such file or directory
		at com.sun.jna.Native.open(Native Method) ~[jna-5.15.0.jar:5.15.0 (b0)]
		at com.sun.jna.NativeLibrary.loadLibrary(NativeLibrary.java:213) ~[jna-5.15.0.jar:5.15.0 (b0)]
		at com.sun.jna.NativeLibrary.getInstance(NativeLibrary.java:481) ~[jna-5.15.0.jar:5.15.0 (b0)]
		at com.sun.jna.NativeLibrary.getInstance(NativeLibrary.java:423) ~[jna-5.15.0.jar:5.15.0 (b0)]
		at com.mojang.text2speech.NarratorLinux$FliteLibrary.loadNative(NarratorLinux.java:79) ~[text2speech-1.18.11.jar:?]
		at com.mojang.text2speech.NarratorLinux.<init>(NarratorLinux.java:18) ~[text2speech-1.18.11.jar:?]
		at com.mojang.text2speech.Narrator.getNarrator(Narrator.java:41) [text2speech-1.18.11.jar:?]
		at TRANSFORMER/minecraft@1.21.9/net.minecraft.client.util.NarratorManager.<init>(NarratorManager.java) [client-extra.jar:?]
		at TRANSFORMER/minecraft@1.21.9/net.minecraft.client.MinecraftClient.<init>(MinecraftClient.java:771) [client-extra.jar:?]
		at TRANSFORMER/minecraft@1.21.9/net.minecraft.client.main.Main.main(Main.java:210) [client-extra.jar:?]
		at net.neoforged.fml.startup.Client.main(Client.java:26) [loader-10.0.14.jar:10.0]
		at net.fabricmc.devlaunchinjector.Main.main(Main.java:86) [dev-launch-injector-0.2.1+build.8.jar:?]
		at dev.architectury.transformer.TransformerRuntime.main(TransformerRuntime.java:220) [architectury-transformer-5.2.87-runtime.jar:5.2.87]
	Suppressed: java.lang.UnsatisfiedLinkError: libflite.so: cannot open shared object file: No such file or directory
		at com.sun.jna.Native.open(Native Method) ~[jna-5.15.0.jar:5.15.0 (b0)]
		at com.sun.jna.NativeLibrary.loadLibrary(NativeLibrary.java:226) ~[jna-5.15.0.jar:5.15.0 (b0)]
		at com.sun.jna.NativeLibrary.getInstance(NativeLibrary.java:481) ~[jna-5.15.0.jar:5.15.0 (b0)]
		at com.sun.jna.NativeLibrary.getInstance(NativeLibrary.java:423) ~[jna-5.15.0.jar:5.15.0 (b0)]
		at com.mojang.text2speech.NarratorLinux$FliteLibrary.loadNative(NarratorLinux.java:79) ~[text2speech-1.18.11.jar:?]
		at com.mojang.text2speech.NarratorLinux.<init>(NarratorLinux.java:18) ~[text2speech-1.18.11.jar:?]
		at com.mojang.text2speech.Narrator.getNarrator(Narrator.java:41) [text2speech-1.18.11.jar:?]
		at TRANSFORMER/minecraft@1.21.9/net.minecraft.client.util.NarratorManager.<init>(NarratorManager.java) [client-extra.jar:?]
		at TRANSFORMER/minecraft@1.21.9/net.minecraft.client.MinecraftClient.<init>(MinecraftClient.java:771) [client-extra.jar:?]
		at TRANSFORMER/minecraft@1.21.9/net.minecraft.client.main.Main.main(Main.java:210) [client-extra.jar:?]
		at net.neoforged.fml.startup.Client.main(Client.java:26) [loader-10.0.14.jar:10.0]
		at net.fabricmc.devlaunchinjector.Main.main(Main.java:86) [dev-launch-injector-0.2.1+build.8.jar:?]
		at dev.architectury.transformer.TransformerRuntime.main(TransformerRuntime.java:220) [architectury-transformer-5.2.87-runtime.jar:5.2.87]
	Suppressed: java.io.IOException: Native library (linux-x86-64/libflite.so) not found in resource path (/home/lordender_kitty/IdeaProjects/Reload Server List/neoforge/build/classes/java/main:/home/lordender_kitty/IdeaProjects/Reload Server List/neoforge/build/resources/main:/home/lordender_kitty/.gradle/caches/fabric-loom/1.21.9/neoforge/21.9.16-beta/client-extra.jar:/home/lordender_kitty/.gradle/caches/fabric-loom/1.21.9/loom.mappings.1_21_9.layered+hash.1356837008-v2-neoforge-21.9.16-beta/mappings.jar:/home/lordender_kitty/.gradle/caches/modules-2/files-2.1/dev.architectury/architectury-transformer/5.2.87/c81d58e13fbd902ba5d909126733b9e3771c4395/architectury-transformer-5.2.87-agent.jar:/home/lordender_kitty/.gradle/caches/modules-2/files-2.1/dev.architectury/architectury-transformer/5.2.87/980814ce433a3396de4495194f027dfecc94bb3a/architectury-transformer-5.2.87-runtime.jar:/home/lordender_kitty/IdeaProjects/Reload Server List/common/build/devlibs/reload_server_list-common-2.0-dev.jar:/home/lordender_kitty/.gradle/caches/modules-2/files-2.1/net.neoforged.fancymodloader/earlydisplay/10.0.14/1f33d6a4ddb222e2eb6a1e12b22512f3ac726884/earlydisplay-10.0.14.jar:/home/lordender_kitty/.gradle/caches/fabric-loom/forge/transformed-dependencies-v1/net/neoforged/fancymodloader/fb7f9459985ca4899b5e6787e3b85e42dcd3e3caf012fe9eb4fa1a21b70c448d/loader/10.0.14/loader-10.0.14.jar:/home/lordender_kitty/.gradle/caches/modules-2/files-2.1/net.neoforged/accesstransformers/11.0.2/25dcb69c78b16669935f0ab91dff830ce192379d/accesstransformers-11.0.2.jar:/home/lordender_kitty/.gradle/caches/modules-2/files-2.1/net.fabricmc/sponge-mixin/0.16.4+mixin.0.8.7/26d01f0567ab46e9ca0d2ed89d0ecc11aadbd433/sponge-mixin-0.16.4+mixin.0.8.7.jar:/home/lordender_kitty/.gradle/caches/modules-2/files-2.1/org.ow2.asm/asm-commons/9.8/36e4d212970388e5bd2c5180292012502df461bb/asm-commons-9.8.jar:/home/lordender_kitty/.gradle/caches/modules-2/files-2.1/net.neoforged/mergetool/2.0.0/52fe1949be64e3303aabaaa21e315f551db9c9f4/mergetool-2.0.0-api.jar:/home/lordender_kitty/.gradle/caches/modules-2/files-2.1/org.ow2.asm/asm-util/9.8/395f1c1f035258511f27bc9b2583d76e4b143f59/asm-util-9.8.jar:/home/lordender_kitty/.gradle/caches/modules-2/files-2.1/org.ow2.asm/asm-analysis/9.8/b9747a320844b6cb1eacd90d8ecfd260a16c01d3/asm-analysis-9.8.jar:/home/lordender_kitty/.gradle/caches/modules-2/files-2.1/io.github.juuxel/unprotect-fancymodloader10/2.0.1/92fbae1c43c781c7c5d3b8f8d9634a4681a0e35f/unprotect-fancymodloader10-2.0.1.jar:/home/lordender_kitty/.gradle/caches/modules-2/files-2.1/io.github.juuxel/unprotect/2.0.1/3510b76b11492507ba3bf1739908cba4e6b8fe02/unprotect-2.0.1.jar:/home/lordender_kitty/.gradle/caches/modules-2/files-2.1/org.ow2.asm/asm-tree/9.8/18419ca5b77a2f81097c741e7872e6ab8d2f40d/asm-tree-9.8.jar:/home/lordender_kitty/.gradle/caches/modules-2/files-2.1/net.neoforged/bus/8.0.5/5b2d33285ab5d1554e9798ad98c40d6ea3868bd5/bus-8.0.5.jar:/home/lordender_kitty/.gradle/caches/modules-2/files-2.1/org.ow2.asm/asm/9.8/dc19ecb3f7889b7860697215cae99c0f9b6f6b4b/asm-9.8.jar:/home/lordender_kitty/.gradle/caches/modules-2/files-2.1/com.electronwill.night-config/toml/3.8.3/90b2fd6efcb4a7d5b9810cf78f9d824994d717f2/toml-3.8.3.jar:/home/lordender_kitty/.gradle/caches/modules-2/files-2.1/com.electronwill.night-config/core/3.8.3/b442a95f09e349927f5a945ecb594455870fcf4f/core-3.8.3.jar:/home/lordender_kitty/.gradle/caches/modules-2/files-2.1/net.neoforged/JarJarSelector/0.5.0/64e4956b8dcdd6537eba96590f12fa1f3ba2f831/JarJarSelector-0.5.0.jar:/home/lordender_kitty/.gradle/caches/modules-2/files-2.1/net.neoforged/JarJarMetadata/0.5.0/6f03d0ac17102c33cb7384e42a2e22eda2a3ad8c/JarJarMetadata-0.5.0.jar:/home/lordender_kitty/.gradle/caches/modules-2/files-2.1/org.apache.maven/maven-artifact/3.9.9/a130ec431ef32e12a4424f9b074735bb58e15d2d/maven-artifact-3.9.9.jar:/home/lordender_kitty/.gradle/caches/modules-2/files-2.1/net.jodah/typetools/0.6.3/a01aaa6ddaea9ec07ec4f209487b7a46a526283a/typetools-0.6.3.jar:/home/lordender_kitty/.gradle/caches/modules-2/files-2.1/net.minecrell/terminalconsoleappender/1.3.0/b562e9bb61235c9520e26282cdee71f8f802d1fc/terminalconsoleappender-1.3.0.jar:/home/lordender_kitty/.gradle/caches/modules-2/files-2.1/io.github.llamalad7/mixinextras-neoforge/0.5.0/d734b83ce6542bb70ea31755c1595b88992dbe65/mixinextras-neoforge-0.5.0.jar:/home/lordender_kitty/.gradle/caches/modules-2/files-2.1/net.sf.jopt-simple/jopt-simple/5.0.4/4fdac2fbe92dfad86aa6e9301736f6b4342a3f5c/jopt-simple-5.0.4.jar:/home/lordender_kitty/.gradle/caches/modules-2/files-2.1/net.neoforged.accesstransformers/at-parser/11.0.2/64aae57d6d26d69543c5275181fe6971707a4e16/at-parser-11.0.2.jar:/home/lordender_kitty/.gradle/caches/modules-2/files-2.1/com.mojang/logging/1.5.10/9ab1202793717af9df9c1704d0a02892067001eb/logging-1.5.10.jar:/home/lordender_kitty/.gradle/caches/modules-2/files-2.1/org.apache.logging.log4j/log4j-slf4j2-impl/2.24.1/8e3ddc96464ef7f768823e7e001a52b23de8cd0a/log4j-slf4j2-impl-2.24.1.jar:/home/lordender_kitty/.gradle/caches/modules-2/files-2.1/org.slf4j/slf4j-api/2.0.16/172931663a09a1fa515567af5fbef00897d3c04/slf4j-api-2.0.16.jar:/home/lordender_kitty/.gradle/caches/modules-2/files-2.1/org.apache.logging.log4j/log4j-core/2.24.1/c85285146f28d8c8962384f786e2dff04172fb43/log4j-core-2.24.1.jar:/home/lordender_kitty/.gradle/caches/modules-2/files-2.1/org.apache.logging.log4j/log4j-api/2.24.1/7ebeb12c20606373005af4232cd0ecca72613dda/log4j-api-2.24.1.jar:/home/lordender_kitty/.gradle/caches/modules-2/files-2.1/org.jline/jline-reader/3.20.0/8f15415b022a25b473e8e16c28ae913186ffb9c4/jline-reader-3.20.0.jar:/home/lordender_kitty/.gradle/caches/modules-2/files-2.1/org.jline/jline-terminal/3.20.0/d0ddcc708ddf527a3454c941b7b9225cc83a15ff/jline-terminal-3.20.0.jar:/home/lordender_kitty/.gradle/caches/modules-2/files-2.1/commons-io/commons-io/2.17.0/ddcc8433eb019fb48fe25207c0278143f3e1d7e2/commons-io-2.17.0.jar:/home/lordender_kitty/.gradle/caches/modules-2/files-2.1/org.lwjgl/lwjgl-tinyfd/3.3.3/82d755ca94b102e9ca77283b9e2dc46d1b15fbe5/lwjgl-tinyfd-3.3.3.jar:/home/lordender_kitty/.gradle/caches/modules-2/files-2.1/org.lwjgl/lwjgl-tinyfd/3.3.3/d8d58daa0c3e5fd906fee96f5fddbcbc07cc308b/lwjgl-tinyfd-3.3.3-natives-linux.jar:/home/lordender_kitty/.gradle/caches/modules-2/files-2.1/org.lwjgl/lwjgl-glfw/3.3.3/efa1eb78c5ccd840e9f329717109b5e892d72f8e/lwjgl-glfw-3.3.3.jar:/home/lordender_kitty/.gradle/caches/modules-2/files-2.1/org.lwjgl/lwjgl-glfw/3.3.3/a03684c5e4b1b1dbbe0d29dbbdc27b985b6840f2/lwjgl-glfw-3.3.3-natives-linux.jar:/home/lordender_kitty/.gradle/caches/modules-2/files-2.1/org.lwjgl/lwjgl-opengl/3.3.3/2f6b0147078396a58979125a4c947664e98293a/lwjgl-opengl-3.3.3.jar:/home/lordender_kitty/.gradle/caches/modules-2/files-2.1/org.lwjgl/lwjgl-opengl/3.3.3/62c70a4b00ca5391882b0f4b787c1588d24f1c86/lwjgl-opengl-3.3.3-natives-linux.jar:/home/lordender_kitty/.gradle/caches/modules-2/files-2.1/org.lwjgl/lwjgl-stb/3.3.3/25dd6161988d7e65f71d5065c99902402ee32746/lwjgl-stb-3.3.3.jar:/home/lordender_kitty/.gradle/caches/modules-2/files-2.1/org.lwjgl/lwjgl-stb/3.3.3/fd1271ccd9d85eff2fa31f3fd543e02ccfaf5041/lwjgl-stb-3.3.3-natives-linux.jar:/home/lordender_kitty/.gradle/caches/modules-2/files-2.1/org.lwjgl/lwjgl/3.3.3/29589b5f87ed335a6c7e7ee6a5775f81f97ecb84/lwjgl-3.3.3.jar:/home/lordender_kitty/.gradle/caches/modules-2/files-2.1/org.lwjgl/lwjgl/3.3.3/1713758e3660ba66e1e954396fd18126038b33c0/lwjgl-3.3.3-natives-linux.jar:/home/lordender_kitty/.gradle/caches/modules-2/files-2.1/net.minecraftforge/srgutils/0.4.15/ca408b131759478f164e010fae0d73997e125fb5/srgutils-0.4.15.jar:/home/lordender_kitty/.gradle/caches/modules-2/files-2.1/com.google.guava/guava/33.3.1-jre/852f8b363da0111e819460021ca693cacca3e8db/guava-33.3.1-jre.jar:/home/lordender_kitty/.gradle/caches/modules-2/files-2.1/com.google.guava/failureaccess/1.0.2/c4a06a64e650562f30b7bf9aaec1bfed43aca12b/failureaccess-1.0.2.jar:/home/lordender_kitty/.gradle/caches/modules-2/files-2.1/com.google.guava/listenablefuture/9999.0-empty-to-avoid-conflict-with-guava/b421526c5f297295adef1c886e5246c39d4ac629/listenablefuture-9999.0-empty-to-avoid-conflict-with-guava.jar:/home/lordender_kitty/.gradle/caches/modules-2/files-2.1/com.google.code.findbugs/jsr305/3.0.2/25ea2e8b0c338a877313bd4672d3fe056ea78f0d/jsr305-3.0.2.jar:/home/lordender_kitty/.gradle/caches/modules-2/files-2.1/org.checkerframework/checker-qual/3.43.0/9425eee39e56b116d2b998b7c2cebcbd11a3c98b/checker-qual-3.43.0.jar:/home/lordender_kitty/.gradle/caches/modules-2/files-2.1/com.google.code.gson/gson/2.11.0/527175ca6d81050b53bdd4c457a6d6e017626b0e/gson-2.11.0.jar:/home/lordender_kitty/.gradle/caches/modules-2/files-2.1/com.google.errorprone/error_prone_annotations/2.28.0/59fc00087ce372de42e394d2c789295dff2d19f0/error_prone_annotations-2.28.0.jar:/home/lordender_kitty/.gradle/caches/modules-2/files-2.1/com.google.j2objc/j2objc-annotations/3.0.0/7399e65dd7e9ff3404f4535b2f017093bdb134c7/j2objc-annotations-3.0.0.jar:/home/lordender_kitty/.gradle/caches/modules-2/files-2.1/org.codehaus.plexus/plexus-utils/3.5.1/c6bfb17c97ecc8863e88778ea301be742c62b06d/plexus-utils-3.5.1.jar:/home/lordender_kitty/.gradle/caches/modules-2/files-2.1/org.apache.commons/commons-lang3/3.17.0/b17d2136f0460dcc0d2016ceefca8723bdf4ee70/commons-lang3-3.17.0.jar:/home/lordender_kitty/.gradle/caches/modules-2/files-2.1/net.fabricmc/dev-launch-injector/0.2.1+build.8/da8bef7e6e2f952da707f282bdb46882a0fce5e3/dev-launch-injector-0.2.1+build.8.jar:/home/lordender_kitty/.gradle/caches/modules-2/files-2.1/com.fasterxml.jackson.core/jackson-annotations/2.13.4/858c6cc78e1f08a885b1613e1d817c829df70a6e/jackson-annotations-2.13.4.jar:/home/lordender_kitty/.gradle/caches/modules-2/files-2.1/com.fasterxml.jackson.core/jackson-core/2.13.4/cf934c681294b97ef6d80082faeefbe1edadf56/jackson-core-2.13.4.jar:/home/lordender_kitty/.gradle/caches/modules-2/files-2.1/com.fasterxml.jackson.core/jackson-databind/2.13.4.2/325c06bdfeb628cfb80ebaaf1a26cc1eb558a585/jackson-databind-2.13.4.2.jar:/home/lordender_kitty/.gradle/caches/modules-2/files-2.1/com.github.oshi/oshi-core/6.6.5/e1099981fd15dc4236c4499d82aba1276fb43a9a/oshi-core-6.6.5.jar:/home/lordender_kitty/.gradle/caches/modules-2/files-2.1/com.github.stephenc.jcip/jcip-annotations/1.0-1/ef31541dd28ae2cefdd17c7ebf352d93e9058c63/jcip-annotations-1.0-1.jar:/home/lordender_kitty/.gradle/caches/modules-2/files-2.1/com.ibm.icu/icu4j/76.1/215f3a8e936d4069344bd75f2b1368fd58112894/icu4j-76.1.jar:/home/lordender_kitty/.gradle/caches/modules-2/files-2.1/com.microsoft.azure/msal4j/1.17.2/a6211e3d71d0388929babaa0ff0951b30d001852/msal4j-1.17.2.jar:/home/lordender_kitty/.gradle/caches/modules-2/files-2.1/com.mojang/authlib/7.0.61/efee1e6b54e863108576eb3b3ae71144626aaefc/authlib-7.0.61.jar:/home/lordender_kitty/.gradle/caches/modules-2/files-2.1/com.mojang/blocklist/1.0.10/5c685c5ffa94c4cd39496c7184c1d122e515ecef/blocklist-1.0.10.jar:/home/lordender_kitty/.gradle/caches/modules-2/files-2.1/com.mojang/brigadier/1.3.10/d15b53a14cf20fdcaa98f731af5dda654452c010/brigadier-1.3.10.jar:/home/lordender_kitty/.gradle/caches/modules-2/files-2.1/com.mojang/datafixerupper/8.0.16/67d4de6d7f95d89bcf5862995fb854ebaec02a34/datafixerupper-8.0.16.jar:/home/lordender_kitty/.gradle/caches/modules-2/files-2.1/com.mojang/jtracy/1.0.36/20a63d06b621bfeb3cb21ef51b7fa40c0fc22021/jtracy-1.0.36.jar:/home/lordender_kitty/.gradle/caches/modules-2/files-2.1/com.mojang/jtracy/1.0.36/8f2967c139b024bf80024a3eab63e906c3ee2e5b/jtracy-1.0.36-natives-linux.jar:/home/lordender_kitty/.gradle/caches/modules-2/files-2.1/com.mojang/patchy/2.2.10/da05971b07cbb379d002cf7eaec6a2048211fefc/patchy-2.2.10.jar:/home/lordender_kitty/.gradle/caches/modules-2/files-2.1/com.mojang/text2speech/1.18.11/e853a12cdd6ba4f4836e8f4bf3b37844a13482b6/text2speech-1.18.11.jar:/home/lordender_kitty/.gradle/caches/modules-2/files-2.1/com.nimbusds/content-type/2.3/e3aa0be212d7a42839a8f3f506f5b990bcce0222/content-type-2.3.jar:/home/lordender_kitty/.gradle/caches/modules-2/files-2.1/com.nimbusds/lang-tag/1.7/97c73ecd70bc7e8eefb26c5eea84f251a63f1031/lang-tag-1.7.jar:/home/lordender_kitty/.gradle/caches/modules-2/files-2.1/com.nimbusds/nimbus-jose-jwt/9.40/42b1dfa0360e4062951b070bac52dd8d96fd7b38/nimbus-jose-jwt-9.40.jar:/home/lordender_kitty/.gradle/caches/modules-2/files-2.1/com.nimbusds/oauth2-oidc-sdk/11.18/7c7ec4f4066625ff07a711ad856fa04da1ff9de/oauth2-oidc-sdk-11.18.jar:/home/lordender_kitty/.gradle/caches/modules-2/files-2.1/commons-codec/commons-codec/1.17.1/973638b7149d333563584137ebf13a691bb60579/commons-codec-1.17.1.jar:/home/lordender_kitty/.gradle/caches/modules-2/files-2.1/commons-logging/commons-logging/1.3.4/b9fc14968d63a8b8a8a2c1885fe3e90564239708/commons-logging-1.3.4.jar:/home/lordender_kitty/.gradle/caches/modules-2/files-2.1/io.netty/netty-buffer/4.1.118.Final/7022990af1e0d449f9d5322035899745e19735c5/netty-buffer-4.1.118.Final.jar:/home/lordender_kitty/.gradle/caches/modules-2/files-2.1/io.netty/netty-codec-http/4.1.118.Final/eda08a71294afe78c779b85fd696bc13491507a8/netty-codec-http-4.1.118.Final.jar:/home/lordender_kitty/.gradle/caches/modules-2/files-2.1/io.netty/netty-codec/4.1.118.Final/307f665c08ce57333121de4f460479fc0c3c94d4/netty-codec-4.1.118.Final.jar:/home/lordender_kitty/.gradle/caches/modules-2/files-2.1/io.netty/netty-common/4.1.118.Final/4bb0f9899146484fa89f7b9bc27389d5b8e2ecde/netty-common-4.1.118.Final.jar:/home/lordender_kitty/.gradle/caches/modules-2/files-2.1/io.netty/netty-handler/4.1.118.Final/30ebb05b6b0fb071dbfcf713017c4a767a97bb9b/netty-handler-4.1.118.Final.jar:/home/lordender_kitty/.gradle/caches/modules-2/files-2.1/io.netty/netty-resolver/4.1.118.Final/28c378c19c1779eca1104b400452627f3ebc4aea/netty-resolver-4.1.118.Final.jar:/home/lordender_kitty/.gradle/caches/modules-2/files-2.1/io.netty/netty-transport-classes-epoll/4.1.118.Final/376ce95507066f0e755d97c1c8bcd6c33f657617/netty-transport-classes-epoll-4.1.118.Final.jar:/home/lordender_kitty/.gradle/caches/modules-2/files-2.1/io.netty/netty-transport-native-epoll/4.1.118.Final/82f94d0a9d837f6b6a580379373310ff7288c0f8/netty-transport-native-epoll-4.1.118.Final-linux-aarch_64.jar:/home/lordender_kitty/.gradle/caches/modules-2/files-2.1/io.netty/netty-transport-native-epoll/4.1.118.Final/7e6b89e3746acb7cf6f0aad993bbd058fc6d912e/netty-transport-native-epoll-4.1.118.Final-linux-x86_64.jar:/home/lordender_kitty/.gradle/caches/modules-2/files-2.1/io.netty/netty-transport-native-unix-common/4.1.118.Final/9da25a94e6a0edac90da0bc7894e5a54efcb866b/netty-transport-native-unix-common-4.1.118.Final.jar:/home/lordender_kitty/.gradle/caches/modules-2/files-2.1/io.netty/netty-transport/4.1.118.Final/5a27232e5d08218722d94ca14f0b1b4576e7711c/netty-transport-4.1.118.Final.jar:/home/lordender_kitty/.gradle/caches/modules-2/files-2.1/it.unimi.dsi/fastutil/8.5.15/1e885b40c9563ab0d3899b871fd0b30e958705dc/fastutil-8.5.15.jar:/home/lordender_kitty/.gradle/caches/modules-2/files-2.1/net.java.dev.jna/jna-platform/5.15.0/86b502cad57d45da172b5e3231c537b042e296ef/jna-platform-5.15.0.jar:/home/lordender_kitty/.gradle/caches/modules-2/files-2.1/net.java.dev.jna/jna/5.15.0/1ee1d80ff44f08280188f7c0e740d57207841ac/jna-5.15.0.jar:/home/lordender_kitty/.gradle/caches/modules-2/files-2.1/net.minidev/accessors-smart/2.5.1/19b820261eb2e7de7d5bde11d1c06e4501dd7e5f/accessors-smart-2.5.1.jar:/home/lordender_kitty/.gradle/caches/modules-2/files-2.1/net.minidev/json-smart/2.5.1/4c11d2808d009132dfbbf947ebf37de6bf266c8e/json-smart-2.5.1.jar:/home/lordender_kitty/.gradle/caches/modules-2/files-2.1/org.apache.commons/commons-compress/1.27.1/a19151084758e2fbb6b41eddaa88e7b8ff4e6599/commons-compress-1.27.1.jar:/home/lordender_kitty/.gradle/caches/modules-2/files-2.1/org.apache.httpcomponents/httpclient/4.5.14/1194890e6f56ec29177673f2f12d0b8e627dec98/httpclient-4.5.14.jar:/home/lordender_kitty/.gradle/caches/modules-2/files-2.1/org.apache.httpcomponents/httpcore/4.4.16/51cf043c87253c9f58b539c9f7e44c8894223850/httpcore-4.4.16.jar:/home/lordender_kitty/.gradle/caches/modules-2/files-2.1/org.jcraft/jorbis/0.0.17/8872d22b293e8f5d7d56ff92be966e6dc28ebdc6/jorbis-0.0.17.jar:/home/lordender_kitty/.gradle/caches/modules-2/files-2.1/org.joml/joml/1.10.8/fc0a71dad90a2cf41d82a76156a0e700af8e4f8d/joml-1.10.8.jar:/home/lordender_kitty/.gradle/caches/modules-2/files-2.1/org.lwjgl/lwjgl-freetype/3.3.3/a0db6c84a8becc8ca05f9dbfa985edc348a824c7/lwjgl-freetype-3.3.3.jar:/home/lordender_kitty/.gradle/caches/modules-2/files-2.1/org.lwjgl/lwjgl-freetype/3.3.3/149070a5480900347071b7074779531f25a6e3dc/lwjgl-freetype-3.3.3-natives-linux.jar:/home/lordender_kitty/.gradle/caches/modules-2/files-2.1/org.lwjgl/lwjgl-jemalloc/3.3.3/b543467b7ff3c6920539a88ee602d34098628be5/lwjgl-jemalloc-3.3.3.jar:/home/lordender_kitty/.gradle/caches/modules-2/files-2.1/org.lwjgl/lwjgl-jemalloc/3.3.3/4f86728bf449b1dd61251c4e0ac01df1389cb51e/lwjgl-jemalloc-3.3.3-natives-linux.jar:/home/lordender_kitty/.gradle/caches/modules-2/files-2.1/org.lwjgl/lwjgl-openal/3.3.3/daada81ceb5fc0c291fbfdd4433cb8d9423577f2/lwjgl-openal-3.3.3.jar:/home/lordender_kitty/.gradle/caches/modules-2/files-2.1/org.lwjgl/lwjgl-openal/3.3.3/3037360cc4595079bea240af250b6d1a527e0905/lwjgl-openal-3.3.3-natives-linux.jar:/home/lordender_kitty/.gradle/caches/modules-2/files-2.1/org.lz4/lz4-java/1.8.0/4b986a99445e49ea5fbf5d149c4b63f6ed6c6780/lz4-java-1.8.0.jar:/home/lordender_kitty/.gradle/caches/fabric-loom/minecraftMaven/net/minecraft/neoforge-21.9.16-beta-minecraft-merged/1.21.9-loom.mappings.1_21_9.layered+hash.1356837008-v2-neoforge-21.9.16-beta/neoforge-21.9.16-beta-minecraft-merged-1.21.9-loom.mappings.1_21_9.layered+hash.1356837008-v2-neoforge-21.9.16-beta.jar:/home/lordender_kitty/IdeaProjects/Reload Server List/.gradle/loom-cache/remapped_mods/remapped/dev/architectury/architectury-neoforge-6b3d8a21/18.0.4/architectury-neoforge-6b3d8a21-18.0.4.jar:/tmp/12235278575149861410.jar)
		at com.sun.jna.Native.extractFromResourcePath(Native.java:1141) ~[jna-5.15.0.jar:5.15.0 (b0)]
		at com.sun.jna.NativeLibrary.loadLibrary(NativeLibrary.java:297) ~[jna-5.15.0.jar:5.15.0 (b0)]
		at com.sun.jna.NativeLibrary.getInstance(NativeLibrary.java:481) ~[jna-5.15.0.jar:5.15.0 (b0)]
		at com.sun.jna.NativeLibrary.getInstance(NativeLibrary.java:423) ~[jna-5.15.0.jar:5.15.0 (b0)]
		at com.mojang.text2speech.NarratorLinux$FliteLibrary.loadNative(NarratorLinux.java:79) ~[text2speech-1.18.11.jar:?]
		at com.mojang.text2speech.NarratorLinux.<init>(NarratorLinux.java:18) ~[text2speech-1.18.11.jar:?]
		at com.mojang.text2speech.Narrator.getNarrator(Narrator.java:41) [text2speech-1.18.11.jar:?]
		at TRANSFORMER/minecraft@1.21.9/net.minecraft.client.util.NarratorManager.<init>(NarratorManager.java) [client-extra.jar:?]
		at TRANSFORMER/minecraft@1.21.9/net.minecraft.client.MinecraftClient.<init>(MinecraftClient.java:771) [client-extra.jar:?]
		at TRANSFORMER/minecraft@1.21.9/net.minecraft.client.main.Main.main(Main.java:210) [client-extra.jar:?]
		at net.neoforged.fml.startup.Client.main(Client.java:26) [loader-10.0.14.jar:10.0]
		at net.fabricmc.devlaunchinjector.Main.main(Main.java:86) [dev-launch-injector-0.2.1+build.8.jar:?]
		at dev.architectury.transformer.TransformerRuntime.main(TransformerRuntime.java:220) [architectury-transformer-5.2.87-runtime.jar:5.2.87]
[15:34:45] [Render thread/INFO] (net.minecraft.resource.ReloadableResourceManagerImpl) Reloading ResourceManager: vanilla, mod_resources, mod/generated_f80f36f, mod/architectury, mod/reload_server_list, mod/neoforge
[15:34:45] [Download-2/INFO] (net.minecraft.client.realms.RealmsClient) Could not authorize you against Realms server: java.lang.RuntimeException: Failed to parse into SignedJWT: 0
[15:34:45] [Download-2/ERROR] (net.minecraft.client.realms.RealmsClient) Failed to fetch Realms feature flags
net.minecraft.client.realms.exception.RealmsServiceException: Realms authentication error with message 'java.lang.RuntimeException: Failed to parse into SignedJWT: 0'
	at TRANSFORMER/minecraft@1.21.9/net.minecraft.client.realms.RealmsClient.execute(RealmsClient.java:516) ~[client-extra.jar:?]
	at TRANSFORMER/minecraft@1.21.9/net.minecraft.client.realms.RealmsClient.fetchFeatureFlags(RealmsClient.java:165) ~[client-extra.jar:?]
	at java.base/java.util.concurrent.CompletableFuture$AsyncSupply.run(CompletableFuture.java:1768) ~[?:?]
	at java.base/java.util.concurrent.ThreadPoolExecutor.runWorker(ThreadPoolExecutor.java:1144) ~[?:?]
	at java.base/java.util.concurrent.ThreadPoolExecutor$Worker.run(ThreadPoolExecutor.java:642) ~[?:?]
	at java.base/java.lang.Thread.run(Thread.java:1583) [?:?]
[15:34:45] [Render thread/DEBUG] (net.neoforged.fml.DeferredWorkQueue) Dispatching synchronous work for work queue Common setup: 1 jobs
[15:34:45] [Render thread/DEBUG] (net.neoforged.fml.DeferredWorkQueue) Synchronous work queue completed in 625.1 μs
[15:34:45] [Render thread/DEBUG] (com.mojang.blaze3d.systems.RenderSystem) Growing IndexBuffer: Old limit 0, new limit 12.
[15:34:45] [resourceLoad/INFO] (net.minecraft.client.font.UnihexFont) Found unifont_pua-16.0.03.hex, loading
[15:34:45] [resourceLoad/INFO] (net.minecraft.client.font.UnihexFont) Found unifont_all_no_pua-16.0.03.hex, loading
[15:34:45] [resourceLoad/INFO] (net.minecraft.client.font.UnihexFont) Found unifont_jp_patch-16.0.03.hex, loading
[15:34:46] [Render thread/INFO] (net.minecraft.client.sound.SoundEngine) OpenAL initialized on device HyperX Cloud Stinger Core Wireless DTS Analog Stereo
[15:34:46] [Render thread/INFO] (net.minecraft.client.sound.SoundSystem) Sound engine started
[15:34:46] [Render thread/INFO] (net.minecraft.client.texture.SpriteAtlasTexture) Created: 512x256x0 minecraft:textures/atlas/particles.png-atlas
[15:34:46] [Render thread/INFO] (net.minecraft.client.texture.SpriteAtlasTexture) Created: 128x64x0 minecraft:textures/atlas/decorated_pot.png-atlas
[15:34:46] [Render thread/INFO] (net.minecraft.client.texture.SpriteAtlasTexture) Created: 2048x1024x0 minecraft:textures/atlas/armor_trims.png-atlas
[15:34:46] [Render thread/INFO] (net.minecraft.client.texture.SpriteAtlasTexture) Created: 512x256x0 minecraft:textures/atlas/paintings.png-atlas
[15:34:46] [Render thread/INFO] (net.minecraft.client.texture.SpriteAtlasTexture) Created: 512x512x0 minecraft:textures/atlas/shield_patterns.png-atlas
[15:34:46] [Render thread/INFO] (net.minecraft.client.texture.SpriteAtlasTexture) Created: 1024x512x4 minecraft:textures/atlas/blocks.png-atlas
[15:34:46] [Render thread/INFO] (net.minecraft.client.texture.SpriteAtlasTexture) Created: 512x256x0 minecraft:textures/atlas/chest.png-atlas
[15:34:46] [Render thread/INFO] (net.minecraft.client.texture.SpriteAtlasTexture) Created: 512x512x0 minecraft:textures/atlas/banner_patterns.png-atlas
[15:34:46] [Render thread/INFO] (net.minecraft.client.texture.SpriteAtlasTexture) Created: 512x256x0 minecraft:textures/atlas/beds.png-atlas
[15:34:46] [Render thread/INFO] (net.minecraft.client.texture.SpriteAtlasTexture) Created: 1024x512x0 minecraft:textures/atlas/gui.png-atlas
[15:34:46] [Render thread/INFO] (net.minecraft.client.texture.SpriteAtlasTexture) Created: 64x64x0 minecraft:textures/atlas/map_decorations.png-atlas
[15:34:46] [Render thread/INFO] (net.minecraft.client.texture.SpriteAtlasTexture) Created: 256x256x0 minecraft:textures/atlas/signs.png-atlas
[15:34:46] [Render thread/INFO] (net.minecraft.client.texture.SpriteAtlasTexture) Created: 512x256x0 minecraft:textures/atlas/shulker_boxes.png-atlas
[15:34:46] [Render thread/INFO] (net.neoforged.neoforge.client.entity.animation.json.AnimationLoader) Loaded 0 entity animations
[15:34:46] [Render thread/DEBUG] (net.neoforged.fml.classloading.transformation.ClassTransformStatistics) Transformed/total loaded classes: 6880/7286 (94.43%) and 178 parsed for mixin
[15:34:46] [Render thread/ERROR] (net.neoforged.fml.classloading.transformation.ClassTransformStatistics) Class processor unprotect:processor transformed 96.99% of loaded class which is suspiciously high; it may be attempting mass-ASM. Please report this to the mod author.
[15:34:46] [IO-Worker-1/INFO] (net.minecraft.client.realms.RealmsClient) Could not authorize you against Realms server: java.lang.RuntimeException: Failed to parse into SignedJWT: 0
[15:34:46] [IO-Worker-1/ERROR] (net.minecraft.client.realms.RealmsAvailability) Couldn't connect to realms
net.minecraft.client.realms.exception.RealmsServiceException: Realms authentication error with message 'java.lang.RuntimeException: Failed to parse into SignedJWT: 0'
	at TRANSFORMER/minecraft@1.21.9/net.minecraft.client.realms.RealmsClient.execute(RealmsClient.java:516) ~[client-extra.jar:?]
	at TRANSFORMER/minecraft@1.21.9/net.minecraft.client.realms.RealmsClient.clientCompatible(RealmsClient.java:294) ~[client-extra.jar:?]
	at TRANSFORMER/minecraft@1.21.9/net.minecraft.client.realms.RealmsAvailability.method_52627(RealmsAvailability.java:50) ~[client-extra.jar:?]
	at java.base/java.util.concurrent.CompletableFuture$AsyncSupply.run(CompletableFuture.java:1768) ~[?:?]
	at java.base/java.util.concurrent.ThreadPoolExecutor.runWorker(ThreadPoolExecutor.java:1144) ~[?:?]
	at java.base/java.util.concurrent.ThreadPoolExecutor$Worker.run(ThreadPoolExecutor.java:642) ~[?:?]
	at java.base/java.lang.Thread.run(Thread.java:1583) [?:?]
[15:34:47] [Render thread/DEBUG] (com.mojang.blaze3d.systems.RenderSystem) Growing IndexBuffer: Old limit 12, new limit 72.
[15:34:47] [Render thread/DEBUG] (com.mojang.blaze3d.systems.RenderSystem) Growing IndexBuffer: Old limit 72, new limit 276.
[15:34:48] [Render thread/DEBUG] (com.mojang.blaze3d.systems.RenderSystem) Growing IndexBuffer: Old limit 276, new limit 2136.
[15:34:51] [Render thread/DEBUG] (net.neoforged.neoforge.network.DualStackUtils) Detected IPv6 address: "0:0:0:0:0:0:0:0"
[15:34:51] [Server Pinger #0/DEBUG] (io.netty.util.internal.NativeLibraryLoader) -Dio.netty.native.workdir: /tmp (io.netty.tmpdir)
[15:34:51] [Server Pinger #0/DEBUG] (io.netty.util.internal.NativeLibraryLoader) -Dio.netty.native.deleteLibAfterLoading: true
[15:34:51] [Server Pinger #0/DEBUG] (io.netty.util.internal.NativeLibraryLoader) -Dio.netty.native.tryPatchShadedId: true
[15:34:51] [Server Pinger #0/DEBUG] (io.netty.util.internal.NativeLibraryLoader) -Dio.netty.native.detectNativeLibraryDuplicates: true
[15:34:51] [Server Pinger #0/DEBUG] (io.netty.util.internal.NativeLibraryLoader) Successfully loaded the library /tmp/libnetty_transport_native_epoll_x86_6415615878364156526097.so
[15:34:51] [Server Pinger #0/DEBUG] (io.netty.util.NetUtil) -Djava.net.preferIPv4Stack: true
[15:34:51] [Server Pinger #0/DEBUG] (io.netty.util.NetUtil) -Djava.net.preferIPv6Addresses: false
[15:34:51] [Server Pinger #0/DEBUG] (io.netty.util.NetUtilInitializations) Loopback interface: lo (lo, 0:0:0:0:0:0:0:1%lo)
[15:34:51] [Server Pinger #0/DEBUG] (io.netty.util.NetUtil) /proc/sys/net/core/somaxconn: 4096
[15:34:51] [Server Pinger #0/DEBUG] (io.netty.channel.MultithreadEventLoopGroup) -Dio.netty.eventLoopThreads: 24
[15:34:51] [Server Pinger #0/DEBUG] (io.netty.util.concurrent.GlobalEventExecutor) -Dio.netty.globalEventExecutor.quietPeriodSeconds: 1
[15:34:51] [Server Pinger #0/DEBUG] (io.netty.channel.nio.NioEventLoop) -Dio.netty.noKeySetOptimization: false
[15:34:51] [Server Pinger #0/DEBUG] (io.netty.channel.nio.NioEventLoop) -Dio.netty.selectorAutoRebuildThreshold: 512
[15:34:51] [Server Pinger #0/DEBUG] (io.netty.util.internal.PlatformDependent) org.jctools-core.MpscChunkedArrayQueue: available
[15:34:51] [Server Pinger #0/DEBUG] (io.netty.channel.DefaultChannelId) -Dio.netty.processId: 140274 (auto-detected)
[15:34:51] [Server Pinger #0/DEBUG] (io.netty.channel.DefaultChannelId) -Dio.netty.machineId: 1c:ce:51:ff:fe:34:b0:13 (auto-detected)
[15:34:51] [Server Pinger #0/DEBUG] (io.netty.bootstrap.ChannelInitializerExtensions) -Dio.netty.bootstrap.extensions: null
[15:34:51] [Server Pinger #0/DEBUG] (io.netty.util.Recycler) -Dio.netty.recycler.maxCapacityPerThread: 4096
[15:34:51] [Server Pinger #0/DEBUG] (io.netty.util.Recycler) -Dio.netty.recycler.ratio: 8
[15:34:51] [Server Pinger #0/DEBUG] (io.netty.util.Recycler) -Dio.netty.recycler.chunkSize: 32
[15:34:51] [Server Pinger #0/DEBUG] (io.netty.util.Recycler) -Dio.netty.recycler.blocking: false
[15:34:51] [Server Pinger #0/DEBUG] (io.netty.util.Recycler) -Dio.netty.recycler.batchFastThreadLocalOnly: true
[15:34:57] [Render thread/DEBUG] (com.mojang.blaze3d.systems.RenderSystem) Growing IndexBuffer: Old limit 2136, new limit 4608.
[15:34:58] [Render thread/DEBUG] (com.mojang.blaze3d.systems.RenderSystem) Growing IndexBuffer: Old limit 4608, new limit 9312.
[15:35:28] [Render thread/DEBUG] (net.neoforged.fml.classloading.transformation.ClassTransformStatistics) Transformed/total loaded classes: 7116/7543 (94.34%) and 178 parsed for mixin
[15:35:28] [Render thread/ERROR] (net.neoforged.fml.classloading.transformation.ClassTransformStatistics) Class processor unprotect:processor transformed 96.81% of loaded class which is suspiciously high; it may be attempting mass-ASM. Please report this to the mod author.
[15:35:28] [Render thread/INFO] (net.minecraft.client.MinecraftClient) Stopping!
