[15:32:02] [main/INFO] (FabricLoader/GameProvider) Loading Minecraft 1.21.9 with Fabric Loader 0.17.3
[15:32:02] [main/DEBUG] (FabricLoader/GamePatch) Found game constructor: net.minecraft.client.main.Main -> net.minecraft.client.MinecraftClient
[15:32:02] [main/DEBUG] (FabricLoader/GamePatch) Patching game constructor <init>(Lnet/minecraft/client/RunArgs;)V
[15:32:02] [main/DEBUG] (FabricLoader/GamePatch) Run directory field is thought to be net/minecraft/client/MinecraftClient/runDirectory
[15:32:02] [main/DEBUG] (FabricLoader/GamePatch) Applying brand name hook to net/minecraft/client/ClientBrandRetriever::getClientModName
[15:32:02] [main/DEBUG] (FabricLoader/GamePatch) Applying brand name hook to net/minecraft/server/MinecraftServer::getServerModName
[15:32:02] [main/DEBUG] (FabricLoader/Mappings) Loading mappings took 104.89 ms
[15:32:02] [main/DEBUG] (FabricLoader/GamePatch) Patched 3 classs
[15:32:02] [main/DEBUG] (FabricLoader/Discovery) Mod discovery time: 14.1 ms
[15:32:02] [main/DEBUG] (FabricLoader/Resolution) Mod resolution time: 72.1 ms
[15:32:02] [main/INFO] (FabricLoader) Loading 53 mods:
	- architectury 18.0.4
	- fabric-api 0.134.0+1.21.9
	- fabric-api-base 1.0.0+14b92d897d
	- fabric-api-lookup-api-v1 1.6.106+d17682157d
	- fabric-biome-api-v1 16.1.0+c2417d4f7d
	- fabric-block-api-v1 1.1.5+d17682157d
	- fabric-block-view-api-v2 1.0.34+e4fd1b927d
	- fabric-client-gametest-api-v1 4.2.13+14b92d897d
	- fabric-command-api-v2 2.3.7+328a75ba7d
	- fabric-content-registries-v0 10.2.3+b6a242647d
	- fabric-convention-tags-v1 2.1.47+7f945d5b7d
	- fabric-convention-tags-v2 2.15.12+3154c1c87d
	- fabric-crash-report-info-v1 0.3.18+33df5e6e7d
	- fabric-data-attachment-api-v1 1.8.28+9bce411b7d
	- fabric-data-generation-api-v1 23.2.22+d8b85ef17d
	- fabric-dimensions-v1 4.0.22+38b9cc197d
	- fabric-entity-events-v1 2.1.12+14b92d897d
	- fabric-events-interaction-v0 4.0.35+5ba217127d
	- fabric-game-rule-api-v1 1.1.1+e47eaae57d
	- fabric-gametest-api-v1 3.1.18+33df5e6e7d
	- fabric-item-api-v1 11.5.8+9bce411b7d
	- fabric-item-group-api-v1 4.2.24+86b3ae577d
	- fabric-key-binding-api-v1 1.1.1+b3ba9c487d
	- fabric-lifecycle-events-v1 2.6.9+33df5e6e7d
	- fabric-loot-api-v2 3.0.64+3f89f5a57d
	- fabric-loot-api-v3 2.0.11+d17682157d
	- fabric-message-api-v1 6.1.7+3154c1c87d
	- fabric-model-loading-api-v1 6.0.0+3ffd6ef07d
	- fabric-networking-api-v1 5.0.13+d269470c7d
	- fabric-object-builder-api-v1 21.1.24+9bce411b7d
	- fabric-particles-v1 4.2.2+a0ee59a47d
	- fabric-recipe-api-v1 8.1.26+d17682157d
	- fabric-registry-sync-v0 6.1.41+679c8c5c7d
	- fabric-renderer-api-v1 7.1.1+328a75ba7d
	- fabric-renderer-indigo 4.0.19+328a75ba7d
	- fabric-rendering-fluids-v1 3.1.38+86b3ae577d
	- fabric-rendering-v1 16.0.1+328a75ba7d
	- fabric-resource-conditions-api-v1 5.0.28+33df5e6e7d
	- fabric-resource-loader-v0 3.2.2+3388a3b27d
	- fabric-resource-loader-v1 1.0.2+225bca407d
	- fabric-screen-api-v1 3.1.0+9c82a7987d
	- fabric-screen-handler-api-v1 1.3.150+d17682157d
	- fabric-serialization-api-v1 1.0.0+d857c9767d
	- fabric-sound-api-v1 1.0.45+328a75ba7d
	- fabric-tag-api-v1 1.2.10+2fa446b27d
	- fabric-transfer-api-v1 6.0.15+79ec2c127d
	- fabric-transitive-access-wideners-v1 6.5.3+41eb43437d
	- fabricloader 0.17.3
	- generated_73cffe0 1.0.0
	- java 21
	- minecraft 1.21.9
	- mixinextras 0.5.0
	- reload_server_list 2.0
[15:32:02] [main/DEBUG] (FabricLoader/Knot) Adding /home/lordender_kitty/IdeaProjects/Reload Server List/.gradle/loom-cache/remapped_mods/remapped/net/fabricmc/fabric-api/fabric-data-attachment-api-v1-db1d186e/1.8.28+9bce411b7d/fabric-data-attachment-api-v1-db1d186e-1.8.28+9bce411b7d.jar to classpath.
[15:32:02] [main/DEBUG] (FabricLoader/Knot) Adding /home/lordender_kitty/IdeaProjects/Reload Server List/.gradle/loom-cache/remapped_mods/remapped/net/fabricmc/fabric-api/fabric-networking-api-v1-db1d186e/5.0.13+d269470c7d/fabric-networking-api-v1-db1d186e-5.0.13+d269470c7d.jar to classpath.
[15:32:02] [main/DEBUG] (FabricLoader/Knot) Adding /home/lordender_kitty/IdeaProjects/Reload Server List/.gradle/loom-cache/remapped_mods/remapped/net/fabricmc/fabric-api/fabric-rendering-fluids-v1-db1d186e/3.1.38+86b3ae577d/fabric-rendering-fluids-v1-db1d186e-3.1.38+86b3ae577d.jar to classpath.
[15:32:02] [main/DEBUG] (FabricLoader/Knot) Adding /home/lordender_kitty/IdeaProjects/Reload Server List/.gradle/loom-cache/remapped_mods/remapped/net/fabricmc/fabric-api/fabric-sound-api-v1-db1d186e/1.0.45+328a75ba7d/fabric-sound-api-v1-db1d186e-1.0.45+328a75ba7d.jar to classpath.
[15:32:02] [main/DEBUG] (FabricLoader/Knot) Adding /home/lordender_kitty/IdeaProjects/Reload Server List/.gradle/loom-cache/remapped_mods/remapped/net/fabricmc/fabric-api/fabric-model-loading-api-v1-db1d186e/6.0.0+3ffd6ef07d/fabric-model-loading-api-v1-db1d186e-6.0.0+3ffd6ef07d.jar to classpath.
[15:32:02] [main/DEBUG] (FabricLoader/Knot) Adding /home/lordender_kitty/IdeaProjects/Reload Server List/.gradle/loom-cache/remapped_mods/remapped/net/fabricmc/fabric-api/fabric-transfer-api-v1-db1d186e/6.0.15+79ec2c127d/fabric-transfer-api-v1-db1d186e-6.0.15+79ec2c127d.jar to classpath.
[15:32:02] [main/DEBUG] (FabricLoader/Knot) Adding /home/lordender_kitty/IdeaProjects/Reload Server List/.gradle/loom-cache/remapped_mods/remapped/net/fabricmc/fabric-api/fabric-dimensions-v1-db1d186e/4.0.22+38b9cc197d/fabric-dimensions-v1-db1d186e-4.0.22+38b9cc197d.jar to classpath.
[15:32:02] [main/DEBUG] (FabricLoader/Knot) Adding /home/lordender_kitty/IdeaProjects/Reload Server List/.gradle/loom-cache/remapped_mods/remapped/net/fabricmc/fabric-api/fabric-renderer-indigo-db1d186e/4.0.19+328a75ba7d/fabric-renderer-indigo-db1d186e-4.0.19+328a75ba7d.jar to classpath.
[15:32:02] [main/DEBUG] (FabricLoader/Knot) Adding /home/lordender_kitty/IdeaProjects/Reload Server List/.gradle/loom-cache/remapped_mods/remapped/net/fabricmc/fabric-api/fabric-loot-api-v3-db1d186e/2.0.11+d17682157d/fabric-loot-api-v3-db1d186e-2.0.11+d17682157d.jar to classpath.
[15:32:02] [main/DEBUG] (FabricLoader/Knot) Adding /home/lordender_kitty/IdeaProjects/Reload Server List/.gradle/loom-cache/remapped_mods/remapped/net/fabricmc/fabric-api/fabric-resource-conditions-api-v1-db1d186e/5.0.28+33df5e6e7d/fabric-resource-conditions-api-v1-db1d186e-5.0.28+33df5e6e7d.jar to classpath.
[15:32:02] [main/DEBUG] (FabricLoader/Knot) Adding /home/lordender_kitty/IdeaProjects/Reload Server List/.gradle/loom-cache/remapped_mods/remapped/net/fabricmc/fabric-api/fabric-item-api-v1-db1d186e/11.5.8+9bce411b7d/fabric-item-api-v1-db1d186e-11.5.8+9bce411b7d.jar to classpath.
[15:32:02] [main/DEBUG] (FabricLoader/Knot) Adding /home/lordender_kitty/.gradle/caches/modules-2/files-2.1/io.github.llamalad7/mixinextras-fabric/0.5.0/91a83dfb7abd320f6236bd1fcf5c0ff143d59a13/mixinextras-fabric-0.5.0.jar to classpath.
[15:32:02] [main/DEBUG] (FabricLoader/Knot) Adding /home/lordender_kitty/IdeaProjects/Reload Server List/.gradle/loom-cache/remapped_mods/remapped/net/fabricmc/fabric-api/fabric-block-view-api-v2-db1d186e/1.0.34+e4fd1b927d/fabric-block-view-api-v2-db1d186e-1.0.34+e4fd1b927d.jar to classpath.
[15:32:02] [main/DEBUG] (FabricLoader/Knot) Adding /home/lordender_kitty/IdeaProjects/Reload Server List/.gradle/loom-cache/remapped_mods/remapped/net/fabricmc/fabric-api/fabric-entity-events-v1-db1d186e/2.1.12+14b92d897d/fabric-entity-events-v1-db1d186e-2.1.12+14b92d897d.jar to classpath.
[15:32:02] [main/DEBUG] (FabricLoader/Knot) Adding /home/lordender_kitty/IdeaProjects/Reload Server List/.gradle/loom-cache/remapped_mods/remapped/net/fabricmc/fabric-api/fabric-api-db1d186e/0.134.0+1.21.9/fabric-api-db1d186e-0.134.0+1.21.9.jar to classpath.
[15:32:02] [main/DEBUG] (FabricLoader/Knot) Adding /home/lordender_kitty/IdeaProjects/Reload Server List/.gradle/loom-cache/remapped_mods/remapped/net/fabricmc/fabric-api/fabric-content-registries-v0-db1d186e/10.2.3+b6a242647d/fabric-content-registries-v0-db1d186e-10.2.3+b6a242647d.jar to classpath.
[15:32:02] [main/DEBUG] (FabricLoader/Knot) Adding /home/lordender_kitty/IdeaProjects/Reload Server List/.gradle/loom-cache/remapped_mods/remapped/net/fabricmc/fabric-api/fabric-convention-tags-v2-db1d186e/2.15.12+3154c1c87d/fabric-convention-tags-v2-db1d186e-2.15.12+3154c1c87d.jar to classpath.
[15:32:02] [main/DEBUG] (FabricLoader/Knot) Adding /home/lordender_kitty/IdeaProjects/Reload Server List/.gradle/loom-cache/remapped_mods/remapped/net/fabricmc/fabric-api/fabric-biome-api-v1-db1d186e/16.1.0+c2417d4f7d/fabric-biome-api-v1-db1d186e-16.1.0+c2417d4f7d.jar to classpath.
[15:32:02] [main/DEBUG] (FabricLoader/Knot) Adding /home/lordender_kitty/IdeaProjects/Reload Server List/fabric/build/resources/main to classpath.
[15:32:02] [main/DEBUG] (FabricLoader/Knot) Adding /home/lordender_kitty/IdeaProjects/Reload Server List/.gradle/loom-cache/remapped_mods/remapped/net/fabricmc/fabric-api/fabric-recipe-api-v1-db1d186e/8.1.26+d17682157d/fabric-recipe-api-v1-db1d186e-8.1.26+d17682157d.jar to classpath.
[15:32:02] [main/DEBUG] (FabricLoader/Knot) Adding /home/lordender_kitty/IdeaProjects/Reload Server List/.gradle/loom-cache/remapped_mods/remapped/net/fabricmc/fabric-api/fabric-particles-v1-db1d186e/4.2.2+a0ee59a47d/fabric-particles-v1-db1d186e-4.2.2+a0ee59a47d.jar to classpath.
[15:32:02] [main/DEBUG] (FabricLoader/Knot) Adding /home/lordender_kitty/IdeaProjects/Reload Server List/.gradle/loom-cache/remapped_mods/remapped/net/fabricmc/fabric-api/fabric-block-api-v1-db1d186e/1.1.5+d17682157d/fabric-block-api-v1-db1d186e-1.1.5+d17682157d.jar to classpath.
[15:32:02] [main/DEBUG] (FabricLoader/Knot) Adding /home/lordender_kitty/IdeaProjects/Reload Server List/.gradle/loom-cache/remapped_mods/remapped/net/fabricmc/fabric-api/fabric-lifecycle-events-v1-db1d186e/2.6.9+33df5e6e7d/fabric-lifecycle-events-v1-db1d186e-2.6.9+33df5e6e7d.jar to classpath.
[15:32:02] [main/DEBUG] (FabricLoader/Knot) Adding /home/lordender_kitty/IdeaProjects/Reload Server List/.gradle/loom-cache/remapped_mods/remapped/net/fabricmc/fabric-api/fabric-api-lookup-api-v1-db1d186e/1.6.106+d17682157d/fabric-api-lookup-api-v1-db1d186e-1.6.106+d17682157d.jar to classpath.
[15:32:02] [main/DEBUG] (FabricLoader/Knot) Adding /home/lordender_kitty/IdeaProjects/Reload Server List/.gradle/loom-cache/remapped_mods/remapped/net/fabricmc/fabric-api/fabric-serialization-api-v1-db1d186e/1.0.0+d857c9767d/fabric-serialization-api-v1-db1d186e-1.0.0+d857c9767d.jar to classpath.
[15:32:02] [main/DEBUG] (FabricLoader/Knot) Adding /tmp/13052392863509841482.jar to classpath.
[15:32:02] [main/DEBUG] (FabricLoader/Knot) Adding /home/lordender_kitty/IdeaProjects/Reload Server List/.gradle/loom-cache/remapped_mods/remapped/net/fabricmc/fabric-api/fabric-transitive-access-wideners-v1-db1d186e/6.5.3+41eb43437d/fabric-transitive-access-wideners-v1-db1d186e-6.5.3+41eb43437d.jar to classpath.
[15:32:02] [main/DEBUG] (FabricLoader/Knot) Adding /home/lordender_kitty/IdeaProjects/Reload Server List/.gradle/loom-cache/remapped_mods/remapped/net/fabricmc/fabric-api/fabric-crash-report-info-v1-db1d186e/0.3.18+33df5e6e7d/fabric-crash-report-info-v1-db1d186e-0.3.18+33df5e6e7d.jar to classpath.
[15:32:02] [main/DEBUG] (FabricLoader/Knot) Adding /home/lordender_kitty/IdeaProjects/Reload Server List/.gradle/loom-cache/remapped_mods/remapped/net/fabricmc/fabric-api/fabric-resource-loader-v0-db1d186e/3.2.2+3388a3b27d/fabric-resource-loader-v0-db1d186e-3.2.2+3388a3b27d.jar to classpath.
[15:32:02] [main/DEBUG] (FabricLoader/Knot) Adding /home/lordender_kitty/IdeaProjects/Reload Server List/.gradle/loom-cache/remapped_mods/remapped/net/fabricmc/fabric-api/fabric-convention-tags-v1-db1d186e/2.1.47+7f945d5b7d/fabric-convention-tags-v1-db1d186e-2.1.47+7f945d5b7d.jar to classpath.
[15:32:02] [main/DEBUG] (FabricLoader/Knot) Adding /home/lordender_kitty/IdeaProjects/Reload Server List/.gradle/loom-cache/remapped_mods/remapped/net/fabricmc/fabric-api/fabric-tag-api-v1-db1d186e/1.2.10+2fa446b27d/fabric-tag-api-v1-db1d186e-1.2.10+2fa446b27d.jar to classpath.
[15:32:02] [main/DEBUG] (FabricLoader/Knot) Adding /home/lordender_kitty/IdeaProjects/Reload Server List/.gradle/loom-cache/remapped_mods/remapped/net/fabricmc/fabric-api/fabric-command-api-v2-db1d186e/2.3.7+328a75ba7d/fabric-command-api-v2-db1d186e-2.3.7+328a75ba7d.jar to classpath.
[15:32:02] [main/DEBUG] (FabricLoader/Knot) Adding /home/lordender_kitty/IdeaProjects/Reload Server List/.gradle/loom-cache/remapped_mods/remapped/net/fabricmc/fabric-api/fabric-api-base-db1d186e/1.0.0+14b92d897d/fabric-api-base-db1d186e-1.0.0+14b92d897d.jar to classpath.
[15:32:02] [main/DEBUG] (FabricLoader/Knot) Adding /home/lordender_kitty/IdeaProjects/Reload Server List/.gradle/loom-cache/remapped_mods/remapped/net/fabricmc/fabric-api/fabric-data-generation-api-v1-db1d186e/23.2.22+d8b85ef17d/fabric-data-generation-api-v1-db1d186e-23.2.22+d8b85ef17d.jar to classpath.
[15:32:02] [main/DEBUG] (FabricLoader/Knot) Adding /home/lordender_kitty/IdeaProjects/Reload Server List/.gradle/loom-cache/remapped_mods/remapped/net/fabricmc/fabric-api/fabric-loot-api-v2-db1d186e/3.0.64+3f89f5a57d/fabric-loot-api-v2-db1d186e-3.0.64+3f89f5a57d.jar to classpath.
[15:32:02] [main/DEBUG] (FabricLoader/Knot) Adding /home/lordender_kitty/IdeaProjects/Reload Server List/.gradle/loom-cache/remapped_mods/remapped/net/fabricmc/fabric-api/fabric-screen-handler-api-v1-db1d186e/1.3.150+d17682157d/fabric-screen-handler-api-v1-db1d186e-1.3.150+d17682157d.jar to classpath.
[15:32:02] [main/DEBUG] (FabricLoader/Knot) Adding /home/lordender_kitty/IdeaProjects/Reload Server List/.gradle/loom-cache/remapped_mods/remapped/net/fabricmc/fabric-api/fabric-rendering-v1-db1d186e/16.0.1+328a75ba7d/fabric-rendering-v1-db1d186e-16.0.1+328a75ba7d.jar to classpath.
[15:32:02] [main/DEBUG] (FabricLoader/Knot) Adding /home/lordender_kitty/IdeaProjects/Reload Server List/.gradle/loom-cache/remapped_mods/remapped/net/fabricmc/fabric-api/fabric-screen-api-v1-db1d186e/3.1.0+9c82a7987d/fabric-screen-api-v1-db1d186e-3.1.0+9c82a7987d.jar to classpath.
[15:32:02] [main/DEBUG] (FabricLoader/Knot) Adding /home/lordender_kitty/IdeaProjects/Reload Server List/.gradle/loom-cache/remapped_mods/remapped/net/fabricmc/fabric-api/fabric-resource-loader-v1-db1d186e/1.0.2+225bca407d/fabric-resource-loader-v1-db1d186e-1.0.2+225bca407d.jar to classpath.
[15:32:02] [main/DEBUG] (FabricLoader/Knot) Adding /home/lordender_kitty/IdeaProjects/Reload Server List/.gradle/loom-cache/remapped_mods/remapped/net/fabricmc/fabric-api/fabric-registry-sync-v0-db1d186e/6.1.41+679c8c5c7d/fabric-registry-sync-v0-db1d186e-6.1.41+679c8c5c7d.jar to classpath.
[15:32:02] [main/DEBUG] (FabricLoader/Knot) Adding /home/lordender_kitty/IdeaProjects/Reload Server List/.gradle/loom-cache/remapped_mods/remapped/net/fabricmc/fabric-api/fabric-item-group-api-v1-db1d186e/4.2.24+86b3ae577d/fabric-item-group-api-v1-db1d186e-4.2.24+86b3ae577d.jar to classpath.
[15:32:02] [main/DEBUG] (FabricLoader/Knot) Adding /home/lordender_kitty/IdeaProjects/Reload Server List/.gradle/loom-cache/remapped_mods/remapped/net/fabricmc/fabric-api/fabric-message-api-v1-db1d186e/6.1.7+3154c1c87d/fabric-message-api-v1-db1d186e-6.1.7+3154c1c87d.jar to classpath.
[15:32:02] [main/DEBUG] (FabricLoader/Knot) Adding /home/lordender_kitty/IdeaProjects/Reload Server List/.gradle/loom-cache/remapped_mods/remapped/dev/architectury/architectury-fabric-db1d186e/18.0.4/architectury-fabric-db1d186e-18.0.4.jar to classpath.
[15:32:02] [main/DEBUG] (FabricLoader/Knot) Adding /home/lordender_kitty/IdeaProjects/Reload Server List/.gradle/loom-cache/remapped_mods/remapped/net/fabricmc/fabric-api/fabric-renderer-api-v1-db1d186e/7.1.1+328a75ba7d/fabric-renderer-api-v1-db1d186e-7.1.1+328a75ba7d.jar to classpath.
[15:32:02] [main/DEBUG] (FabricLoader/Knot) Adding /home/lordender_kitty/IdeaProjects/Reload Server List/.gradle/loom-cache/remapped_mods/remapped/net/fabricmc/fabric-api/fabric-game-rule-api-v1-db1d186e/1.1.1+e47eaae57d/fabric-game-rule-api-v1-db1d186e-1.1.1+e47eaae57d.jar to classpath.
[15:32:02] [main/DEBUG] (FabricLoader/Knot) Adding /home/lordender_kitty/IdeaProjects/Reload Server List/.gradle/loom-cache/remapped_mods/remapped/net/fabricmc/fabric-api/fabric-key-binding-api-v1-db1d186e/1.1.1+b3ba9c487d/fabric-key-binding-api-v1-db1d186e-1.1.1+b3ba9c487d.jar to classpath.
[15:32:02] [main/DEBUG] (FabricLoader/Knot) Adding /home/lordender_kitty/IdeaProjects/Reload Server List/.gradle/loom-cache/remapped_mods/remapped/net/fabricmc/fabric-api/fabric-events-interaction-v0-db1d186e/4.0.35+5ba217127d/fabric-events-interaction-v0-db1d186e-4.0.35+5ba217127d.jar to classpath.
[15:32:02] [main/DEBUG] (FabricLoader/Knot) Adding /home/lordender_kitty/IdeaProjects/Reload Server List/.gradle/loom-cache/remapped_mods/remapped/net/fabricmc/fabric-api/fabric-gametest-api-v1-db1d186e/3.1.18+33df5e6e7d/fabric-gametest-api-v1-db1d186e-3.1.18+33df5e6e7d.jar to classpath.
[15:32:02] [main/DEBUG] (FabricLoader/Knot) Adding /home/lordender_kitty/IdeaProjects/Reload Server List/.gradle/loom-cache/remapped_mods/remapped/net/fabricmc/fabric-api/fabric-object-builder-api-v1-db1d186e/21.1.24+9bce411b7d/fabric-object-builder-api-v1-db1d186e-21.1.24+9bce411b7d.jar to classpath.
[15:32:02] [main/DEBUG] (FabricLoader/Knot) Adding /home/lordender_kitty/IdeaProjects/Reload Server List/.gradle/loom-cache/remapped_mods/remapped/net/fabricmc/fabric-api/fabric-client-gametest-api-v1-db1d186e/4.2.13+14b92d897d/fabric-client-gametest-api-v1-db1d186e-4.2.13+14b92d897d.jar to classpath.
[15:32:02] [main/DEBUG] (FabricLoader/Entrypoint) Registering new-style initializer net.fabricmc.fabric.impl.attachment.client.AttachmentSyncClient for mod fabric-data-attachment-api-v1 (key client)
[15:32:02] [main/DEBUG] (FabricLoader/Entrypoint) Registering new-style initializer net.fabricmc.fabric.impl.attachment.AttachmentEntrypoint for mod fabric-data-attachment-api-v1 (key main)
[15:32:02] [main/DEBUG] (FabricLoader/Entrypoint) Registering new-style initializer net.fabricmc.fabric.impl.attachment.sync.AttachmentSync for mod fabric-data-attachment-api-v1 (key main)
[15:32:02] [main/DEBUG] (FabricLoader/Entrypoint) Registering new-style initializer net.fabricmc.fabric.impl.networking.client.ClientNetworkingImpl::clientInit for mod fabric-networking-api-v1 (key client)
[15:32:02] [main/DEBUG] (FabricLoader/Entrypoint) Registering new-style initializer net.fabricmc.fabric.impl.networking.CommonPacketsImpl::init for mod fabric-networking-api-v1 (key main)
[15:32:02] [main/DEBUG] (FabricLoader/Entrypoint) Registering new-style initializer net.fabricmc.fabric.impl.networking.NetworkingImpl::init for mod fabric-networking-api-v1 (key main)
[15:32:02] [main/DEBUG] (FabricLoader/Entrypoint) Registering new-style initializer net.fabricmc.fabric.impl.client.model.loading.CustomUnbakedBlockStateModelInit for mod fabric-model-loading-api-v1 (key client)
[15:32:02] [main/DEBUG] (FabricLoader/Entrypoint) Registering new-style initializer net.fabricmc.fabric.impl.client.indigo.Indigo for mod fabric-renderer-indigo (key client)
[15:32:02] [main/DEBUG] (FabricLoader/Entrypoint) Registering new-style initializer net.fabricmc.fabric.impl.resource.conditions.ResourceConditionsImpl for mod fabric-resource-conditions-api-v1 (key main)
[15:32:02] [main/DEBUG] (FabricLoader/Entrypoint) Registering new-style initializer net.fabricmc.fabric.impl.tag.convention.v2.TranslationConventionLogWarnings for mod fabric-convention-tags-v2 (key main)
[15:32:02] [main/DEBUG] (FabricLoader/Entrypoint) Registering new-style initializer net.enderkitty.fabric.ReloadServerListFabric for mod reload_server_list (key client)
[15:32:02] [main/DEBUG] (FabricLoader/Entrypoint) Registering new-style initializer net.fabricmc.fabric.impl.recipe.ingredient.client.CustomIngredientSyncClient for mod fabric-recipe-api-v1 (key client)
[15:32:02] [main/DEBUG] (FabricLoader/Entrypoint) Registering new-style initializer net.fabricmc.fabric.impl.recipe.ingredient.CustomIngredientInit for mod fabric-recipe-api-v1 (key main)
[15:32:02] [main/DEBUG] (FabricLoader/Entrypoint) Registering new-style initializer net.fabricmc.fabric.impl.recipe.ingredient.CustomIngredientSync for mod fabric-recipe-api-v1 (key main)
[15:32:02] [main/DEBUG] (FabricLoader/Entrypoint) Registering new-style initializer net.fabricmc.fabric.impl.client.particle.ExtendedBlockStateParticleEffectSyncClient for mod fabric-particles-v1 (key client)
[15:32:02] [main/DEBUG] (FabricLoader/Entrypoint) Registering new-style initializer net.fabricmc.fabric.impl.particle.ExtendedBlockStateParticleEffectSync for mod fabric-particles-v1 (key main)
[15:32:02] [main/DEBUG] (FabricLoader/Entrypoint) Registering new-style initializer net.fabricmc.fabric.impl.client.event.lifecycle.ClientLifecycleEventsImpl for mod fabric-lifecycle-events-v1 (key client)
[15:32:02] [main/DEBUG] (FabricLoader/Entrypoint) Registering new-style initializer net.fabricmc.fabric.impl.event.lifecycle.LifecycleEventsImpl for mod fabric-lifecycle-events-v1 (key main)
[15:32:02] [main/DEBUG] (FabricLoader/Entrypoint) Registering new-style initializer net.fabricmc.fabric.impl.lookup.ApiLookupImpl for mod fabric-api-lookup-api-v1 (key main)
[15:32:02] [main/DEBUG] (FabricLoader/Entrypoint) Registering new-style initializer net.fabricmc.fabric.impl.tag.convention.ConventionLogWarnings for mod fabric-convention-tags-v1 (key main)
[15:32:02] [main/DEBUG] (FabricLoader/Entrypoint) Registering new-style initializer net.fabricmc.fabric.impl.tag.TagInit for mod fabric-tag-api-v1 (key main)
[15:32:02] [main/DEBUG] (FabricLoader/Entrypoint) Registering new-style initializer net.fabricmc.fabric.impl.loot.v2.LootInitializer for mod fabric-loot-api-v2 (key main)
[15:32:02] [main/DEBUG] (FabricLoader/Entrypoint) Registering new-style initializer net.fabricmc.fabric.impl.screenhandler.client.ClientNetworking for mod fabric-screen-handler-api-v1 (key client)
[15:32:02] [main/DEBUG] (FabricLoader/Entrypoint) Registering new-style initializer net.fabricmc.fabric.impl.screenhandler.Networking for mod fabric-screen-handler-api-v1 (key main)
[15:32:02] [main/DEBUG] (FabricLoader/Entrypoint) Registering new-style initializer net.fabricmc.fabric.impl.client.rendering.hud.HudStatusBarHeightRegistryImpl for mod fabric-rendering-v1 (key client)
[15:32:02] [main/DEBUG] (FabricLoader/Entrypoint) Registering new-style initializer net.fabricmc.fabric.impl.client.registry.sync.FabricRegistryClientInit for mod fabric-registry-sync-v0 (key client)
[15:32:02] [main/DEBUG] (FabricLoader/Entrypoint) Registering new-style initializer net.fabricmc.fabric.impl.registry.sync.FabricRegistryInit for mod fabric-registry-sync-v0 (key main)
[15:32:02] [main/DEBUG] (FabricLoader/Entrypoint) Registering new-style initializer dev.architectury.init.fabric.ArchitecturyServer::init for mod architectury (key server)
[15:32:02] [main/DEBUG] (FabricLoader/Entrypoint) Registering new-style initializer dev.architectury.compat.fabric.ModMenuCompatibility for mod architectury (key modmenu)
[15:32:02] [main/DEBUG] (FabricLoader/Entrypoint) Registering new-style initializer dev.architectury.init.fabric.ArchitecturyClient::init for mod architectury (key client)
[15:32:02] [main/DEBUG] (FabricLoader/Entrypoint) Registering new-style initializer dev.architectury.utils.fabric.GameInstanceImpl::init for mod architectury (key main)
[15:32:02] [main/DEBUG] (FabricLoader/Entrypoint) Registering new-style initializer net.fabricmc.fabric.impl.renderer.DebugHudClient for mod fabric-renderer-api-v1 (key client)
[15:32:02] [main/DEBUG] (FabricLoader/Entrypoint) Registering new-style initializer net.fabricmc.fabric.impl.event.interaction.InteractionEventsRouter for mod fabric-events-interaction-v0 (key main)
[15:32:02] [main/DEBUG] (FabricLoader/Entrypoint) Registering new-style initializer net.fabricmc.fabric.impl.gametest.FabricGameTestModInitializer for mod fabric-gametest-api-v1 (key main)
[15:32:02] [main/INFO] (FabricLoader/Mixin) SpongePowered MIXIN Subsystem Version=0.8.7 Source=file:/home/lordender_kitty/.gradle/caches/modules-2/files-2.1/net.fabricmc/sponge-mixin/0.16.5+mixin.0.8.7/80fc3a9f592673cea87f4cd702f87991c6c9fe4d/sponge-mixin-0.16.5+mixin.0.8.7.jar Service=Knot/Fabric Env=CLIENT
[15:32:02] [main/DEBUG] (FabricLoader/Mixin) Initialising Mixin Platform Manager
[15:32:02] [main/DEBUG] (FabricLoader/Mixin) Adding mixin platform agents for container ContainerHandleURI(file:///home/lordender_kitty/.gradle/caches/modules-2/files-2.1/net.fabricmc/fabric-loader/0.17.3/deafaba5de4d9bbd76105783ff4e21ce0773874f/fabric-loader-0.17.3.jar)
[15:32:02] [main/DEBUG] (FabricLoader/Mixin) Instancing new MixinPlatformAgentDefault for ContainerHandleURI(file:///home/lordender_kitty/.gradle/caches/modules-2/files-2.1/net.fabricmc/fabric-loader/0.17.3/deafaba5de4d9bbd76105783ff4e21ce0773874f/fabric-loader-0.17.3.jar)
[15:32:02] [main/DEBUG] (FabricLoader/Mixin) MixinPlatformAgentDefault accepted container ContainerHandleURI(file:///home/lordender_kitty/.gradle/caches/modules-2/files-2.1/net.fabricmc/fabric-loader/0.17.3/deafaba5de4d9bbd76105783ff4e21ce0773874f/fabric-loader-0.17.3.jar)
[15:32:02] [main/DEBUG] (FabricLoader/Mixin) Instancing new MixinPlatformAgentDefault for ContainerHandleURI(file:///home/lordender_kitty/.gradle/caches/modules-2/files-2.1/net.fabricmc/fabric-loader/0.17.3/deafaba5de4d9bbd76105783ff4e21ce0773874f/fabric-loader-0.17.3.jar)
[15:32:02] [main/DEBUG] (FabricLoader/Mixin) MixinPlatformAgentDefault accepted container ContainerHandleURI(file:///home/lordender_kitty/.gradle/caches/modules-2/files-2.1/net.fabricmc/fabric-loader/0.17.3/deafaba5de4d9bbd76105783ff4e21ce0773874f/fabric-loader-0.17.3.jar)
[15:32:02] [main/DEBUG] (FabricLoader/Mixin) Processing prepare() for PlatformAgent[MixinPlatformAgentDefault:ContainerHandleURI(file:///home/lordender_kitty/.gradle/caches/modules-2/files-2.1/net.fabricmc/fabric-loader/0.17.3/deafaba5de4d9bbd76105783ff4e21ce0773874f/fabric-loader-0.17.3.jar)]
[15:32:02] [main/DEBUG] (FabricLoader/Mixin) Processing prepare() for PlatformAgent[MixinPlatformAgentDefault:ContainerHandleURI(file:///home/lordender_kitty/.gradle/caches/modules-2/files-2.1/net.fabricmc/fabric-loader/0.17.3/deafaba5de4d9bbd76105783ff4e21ce0773874f/fabric-loader-0.17.3.jar)]
[15:32:02] [main/INFO] (FabricLoader/Mixin) Loaded Fabric development mappings for mixin remapper!
[15:32:03] [main/DEBUG] (FabricLoader/Mixin) Compatibility level JAVA_21 specified by fabric-data-attachment-api-v1.mixins.json is higher than the maximum level supported by this version of mixin (JAVA_13).
[15:32:03] [main/INFO] (FabricLoader/Mixin) Compatibility level set to JAVA_21
[15:32:03] [main/DEBUG] (FabricLoader/Mixin) Mixin config fabric-data-attachment-api-v1.mixins.json does not specify "minVersion" or "requiredFeatures" property
[15:32:03] [main/DEBUG] (FabricLoader/Mixin) Mixin config fabric-data-attachment-api-v1.client.mixins.json does not specify "minVersion" or "requiredFeatures" property
[15:32:03] [main/DEBUG] (FabricLoader/Mixin) Mixin config fabric-networking-api-v1.mixins.json does not specify "minVersion" or "requiredFeatures" property
[15:32:03] [main/DEBUG] (FabricLoader/Mixin) Mixin config fabric-networking-api-v1.client.mixins.json does not specify "minVersion" or "requiredFeatures" property
[15:32:03] [main/DEBUG] (FabricLoader/Mixin) Mixin config fabric-rendering-fluids-v1.mixins.json does not specify "minVersion" or "requiredFeatures" property
[15:32:03] [main/DEBUG] (FabricLoader/Mixin) Mixin config fabric-sound-api-v1.mixins.json does not specify "minVersion" or "requiredFeatures" property
[15:32:03] [main/DEBUG] (FabricLoader/Mixin) Mixin config fabric-model-loading-api-v1.mixins.json does not specify "minVersion" or "requiredFeatures" property
[15:32:03] [main/DEBUG] (FabricLoader/Mixin) Mixin config fabric-transfer-api-v1.mixins.json does not specify "minVersion" or "requiredFeatures" property
[15:32:03] [main/DEBUG] (FabricLoader/Mixin) Mixin config fabric-dimensions-v1.mixins.json does not specify "minVersion" or "requiredFeatures" property
[15:32:03] [main/DEBUG] (FabricLoader/Mixin) Mixin config fabric-renderer-indigo.mixins.json does not specify "minVersion" or "requiredFeatures" property
[15:32:03] [main/DEBUG] (FabricLoader/Mixin) Mixin config fabric-loot-api-v3.mixins.json does not specify "minVersion" or "requiredFeatures" property
[15:32:03] [main/DEBUG] (FabricLoader/Mixin) Mixin config fabric-resource-conditions-api-v1.mixins.json does not specify "minVersion" or "requiredFeatures" property
[15:32:03] [main/DEBUG] (FabricLoader/Mixin) Mixin config fabric-item-api-v1.mixins.json does not specify "minVersion" or "requiredFeatures" property
[15:32:03] [main/DEBUG] (FabricLoader/Mixin) Mixin config fabric-item-api-v1.client.mixins.json does not specify "minVersion" or "requiredFeatures" property
[15:32:03] [main/DEBUG] (FabricLoader/Mixin) Mixin config fabric-block-view-api-v2.mixins.json does not specify "minVersion" or "requiredFeatures" property
[15:32:03] [main/DEBUG] (FabricLoader/Mixin) Mixin config fabric-block-view-api-v2.client.mixins.json does not specify "minVersion" or "requiredFeatures" property
[15:32:03] [main/DEBUG] (FabricLoader/Mixin) Mixin config fabric-entity-events-v1.mixins.json does not specify "minVersion" or "requiredFeatures" property
[15:32:03] [main/DEBUG] (FabricLoader/Mixin) Mixin config fabric-content-registries-v0.mixins.json does not specify "minVersion" or "requiredFeatures" property
[15:32:03] [main/DEBUG] (FabricLoader/Mixin) Mixin config fabric-convention-tags-api-v2.mixins.json does not specify "minVersion" or "requiredFeatures" property
[15:32:03] [main/DEBUG] (FabricLoader/Mixin) Mixin config fabric-biome-api-v1.mixins.json does not specify "minVersion" or "requiredFeatures" property
[15:32:03] [main/DEBUG] (FabricLoader/Mixin) Mixin config fabric-recipe-api-v1.mixins.json does not specify "minVersion" or "requiredFeatures" property
[15:32:03] [main/DEBUG] (FabricLoader/Mixin) Mixin config fabric-particles-v1.mixins.json does not specify "minVersion" or "requiredFeatures" property
[15:32:03] [main/DEBUG] (FabricLoader/Mixin) Mixin config fabric-particles-v1.client.mixins.json does not specify "minVersion" or "requiredFeatures" property
[15:32:03] [main/DEBUG] (FabricLoader/Mixin) Mixin config fabric-block-api-v1.mixins.json does not specify "minVersion" or "requiredFeatures" property
[15:32:03] [main/DEBUG] (FabricLoader/Mixin) Mixin config fabric-lifecycle-events-v1.mixins.json does not specify "minVersion" or "requiredFeatures" property
[15:32:03] [main/DEBUG] (FabricLoader/Mixin) Mixin config fabric-lifecycle-events-v1.client.mixins.json does not specify "minVersion" or "requiredFeatures" property
[15:32:03] [main/DEBUG] (FabricLoader/Mixin) Mixin config fabric-api-lookup-api-v1.mixins.json does not specify "minVersion" or "requiredFeatures" property
[15:32:03] [main/DEBUG] (FabricLoader/Mixin) Mixin config fabric-serialization-api-v1.mixins.json does not specify "minVersion" or "requiredFeatures" property
[15:32:03] [main/DEBUG] (FabricLoader/Mixin) Mixin config fabric-crash-report-info-v1.mixins.json does not specify "minVersion" or "requiredFeatures" property
[15:32:03] [main/DEBUG] (FabricLoader/Mixin) Mixin config fabric-resource-loader-v0.mixins.json does not specify "minVersion" or "requiredFeatures" property
[15:32:03] [main/DEBUG] (FabricLoader/Mixin) Mixin config fabric-resource-loader-v0.client.mixins.json does not specify "minVersion" or "requiredFeatures" property
[15:32:03] [main/DEBUG] (FabricLoader/Mixin) Mixin config fabric-tag-api-v1.mixins.json does not specify "minVersion" or "requiredFeatures" property
[15:32:03] [main/DEBUG] (FabricLoader/Mixin) Mixin config fabric-command-api-v2.mixins.json does not specify "minVersion" or "requiredFeatures" property
[15:32:03] [main/DEBUG] (FabricLoader/Mixin) Mixin config fabric-command-api-v2.client.mixins.json does not specify "minVersion" or "requiredFeatures" property
[15:32:03] [main/DEBUG] (FabricLoader/Mixin) Mixin config fabric-data-generation-api-v1.mixins.json does not specify "minVersion" or "requiredFeatures" property
[15:32:03] [main/DEBUG] (FabricLoader/Mixin) Mixin config fabric-data-generation-api-v1.client.mixins.json does not specify "minVersion" or "requiredFeatures" property
[15:32:03] [main/DEBUG] (FabricLoader/Mixin) Mixin config fabric-loot-api-v2.mixins.json does not specify "minVersion" or "requiredFeatures" property
[15:32:03] [main/DEBUG] (FabricLoader/Mixin) Mixin config fabric-screen-handler-api-v1.mixins.json does not specify "minVersion" or "requiredFeatures" property
[15:32:03] [main/DEBUG] (FabricLoader/Mixin) Mixin config fabric-rendering-v1.mixins.json does not specify "minVersion" or "requiredFeatures" property
[15:32:03] [main/DEBUG] (FabricLoader/Mixin) Mixin config fabric-screen-api-v1.mixins.json does not specify "minVersion" or "requiredFeatures" property
[15:32:03] [main/DEBUG] (FabricLoader/Mixin) Mixin config fabric-resource-loader-v1.mixins.json does not specify "minVersion" or "requiredFeatures" property
[15:32:03] [main/DEBUG] (FabricLoader/Mixin) Mixin config fabric-resource-loader-v1.client.mixins.json does not specify "minVersion" or "requiredFeatures" property
[15:32:03] [main/DEBUG] (FabricLoader/Mixin) Mixin config fabric-registry-sync-v0.mixins.json does not specify "minVersion" or "requiredFeatures" property
[15:32:03] [main/DEBUG] (FabricLoader/Mixin) Mixin config fabric-registry-sync-v0.client.mixins.json does not specify "minVersion" or "requiredFeatures" property
[15:32:03] [main/DEBUG] (FabricLoader/Mixin) Mixin config fabric-item-group-api-v1.mixins.json does not specify "minVersion" or "requiredFeatures" property
[15:32:03] [main/DEBUG] (FabricLoader/Mixin) Mixin config fabric-item-group-api-v1.client.mixins.json does not specify "minVersion" or "requiredFeatures" property
[15:32:03] [main/DEBUG] (FabricLoader/Mixin) Mixin config fabric-message-api-v1.mixins.json does not specify "minVersion" or "requiredFeatures" property
[15:32:03] [main/DEBUG] (FabricLoader/Mixin) Mixin config fabric-message-api-v1.client.mixins.json does not specify "minVersion" or "requiredFeatures" property
[15:32:03] [main/DEBUG] (FabricLoader/Mixin) Compatibility level JAVA_16 specified by architectury-common.mixins.json is higher than the maximum level supported by this version of mixin (JAVA_13).
[15:32:03] [main/DEBUG] (FabricLoader/Mixin) Compatibility level JAVA_16 specified by architectury.mixins.json is higher than the maximum level supported by this version of mixin (JAVA_13).
[15:32:03] [main/DEBUG] (FabricLoader/Mixin) Mixin config fabric-renderer-api-v1.mixins.json does not specify "minVersion" or "requiredFeatures" property
[15:32:03] [main/DEBUG] (FabricLoader/Mixin) Mixin config fabric-game-rule-api-v1.mixins.json does not specify "minVersion" or "requiredFeatures" property
[15:32:03] [main/DEBUG] (FabricLoader/Mixin) Mixin config fabric-game-rule-api-v1.client.mixins.json does not specify "minVersion" or "requiredFeatures" property
[15:32:03] [main/DEBUG] (FabricLoader/Mixin) Mixin config fabric-key-binding-api-v1.mixins.json does not specify "minVersion" or "requiredFeatures" property
[15:32:03] [main/DEBUG] (FabricLoader/Mixin) Mixin config fabric-events-interaction-v0.mixins.json does not specify "minVersion" or "requiredFeatures" property
[15:32:03] [main/DEBUG] (FabricLoader/Mixin) Mixin config fabric-events-interaction-v0.client.mixins.json does not specify "minVersion" or "requiredFeatures" property
[15:32:03] [main/DEBUG] (FabricLoader/Mixin) Mixin config fabric-gametest-api-v1.mixins.json does not specify "minVersion" or "requiredFeatures" property
[15:32:03] [main/DEBUG] (FabricLoader/Mixin) Mixin config fabric-object-builder-v1.mixins.json does not specify "minVersion" or "requiredFeatures" property
[15:32:03] [main/DEBUG] (FabricLoader/Mixin) Mixin config fabric-object-builder-v1.client.mixins.json does not specify "minVersion" or "requiredFeatures" property
[15:32:03] [main/DEBUG] (FabricLoader/Mixin) Mixin config fabric-client-gametest-api-v1.mixins.json does not specify "minVersion" or "requiredFeatures" property
[15:32:03] [main/DEBUG] (FabricLoader/Knot) Adding /home/lordender_kitty/IdeaProjects/Reload Server List/.gradle/loom-cache/minecraftMaven/net/minecraft/minecraft-merged-0649bd5f2c/1.21.9-loom.mappings.1_21_9.layered+hash.1356837008-v2/minecraft-merged-0649bd5f2c-1.21.9-loom.mappings.1_21_9.layered+hash.1356837008-v2.jar to classpath.
[15:32:03] [main/DEBUG] (FabricLoader/Knot) Adding /home/lordender_kitty/IdeaProjects/Reload Server List/fabric/build/classes/java/main to classpath.
[15:32:03] [main/DEBUG] (FabricLoader/Knot) Adding /home/lordender_kitty/IdeaProjects/Reload Server List/fabric/build/resources/main to classpath.
[15:32:03] [main/DEBUG] (FabricLoader/Knot) Adding /home/lordender_kitty/.gradle/caches/fabric-loom/1.21.9/loom.mappings.1_21_9.layered+hash.1356837008-v2/mappings.jar to classpath.
[15:32:03] [main/DEBUG] (FabricLoader/Knot) Adding /home/lordender_kitty/.gradle/caches/modules-2/files-2.1/dev.architectury/architectury-transformer/5.2.87/c81d58e13fbd902ba5d909126733b9e3771c4395/architectury-transformer-5.2.87-agent.jar to classpath.
[15:32:03] [main/DEBUG] (FabricLoader/Knot) Adding /home/lordender_kitty/.gradle/caches/modules-2/files-2.1/dev.architectury/architectury-transformer/5.2.87/980814ce433a3396de4495194f027dfecc94bb3a/architectury-transformer-5.2.87-runtime.jar to classpath.
[15:32:03] [main/DEBUG] (FabricLoader/Knot) Adding /home/lordender_kitty/IdeaProjects/Reload Server List/common/build/devlibs/reload_server_list-common-2.0-dev.jar to classpath.
[15:32:03] [main/DEBUG] (FabricLoader/Knot) Adding /home/lordender_kitty/.gradle/caches/modules-2/files-2.1/io.github.llamalad7/mixinextras-fabric/0.5.0/91a83dfb7abd320f6236bd1fcf5c0ff143d59a13/mixinextras-fabric-0.5.0.jar to classpath.
[15:32:03] [main/DEBUG] (FabricLoader/Knot) Adding /home/lordender_kitty/.gradle/caches/modules-2/files-2.1/net.fabricmc/dev-launch-injector/0.2.1+build.8/da8bef7e6e2f952da707f282bdb46882a0fce5e3/dev-launch-injector-0.2.1+build.8.jar to classpath.
[15:32:03] [main/DEBUG] (FabricLoader/Knot) Adding /home/lordender_kitty/.gradle/caches/modules-2/files-2.1/com.fasterxml.jackson.core/jackson-annotations/2.13.4/858c6cc78e1f08a885b1613e1d817c829df70a6e/jackson-annotations-2.13.4.jar to classpath.
[15:32:03] [main/DEBUG] (FabricLoader/Knot) Adding /home/lordender_kitty/.gradle/caches/modules-2/files-2.1/com.fasterxml.jackson.core/jackson-core/2.13.4/cf934c681294b97ef6d80082faeefbe1edadf56/jackson-core-2.13.4.jar to classpath.
[15:32:03] [main/DEBUG] (FabricLoader/Knot) Adding /home/lordender_kitty/.gradle/caches/modules-2/files-2.1/com.fasterxml.jackson.core/jackson-databind/2.13.4.2/325c06bdfeb628cfb80ebaaf1a26cc1eb558a585/jackson-databind-2.13.4.2.jar to classpath.
[15:32:03] [main/DEBUG] (FabricLoader/Knot) Adding /home/lordender_kitty/.gradle/caches/modules-2/files-2.1/com.github.oshi/oshi-core/6.6.5/e1099981fd15dc4236c4499d82aba1276fb43a9a/oshi-core-6.6.5.jar to classpath.
[15:32:03] [main/DEBUG] (FabricLoader/Knot) Adding /home/lordender_kitty/.gradle/caches/modules-2/files-2.1/com.github.stephenc.jcip/jcip-annotations/1.0-1/ef31541dd28ae2cefdd17c7ebf352d93e9058c63/jcip-annotations-1.0-1.jar to classpath.
[15:32:03] [main/DEBUG] (FabricLoader/Knot) Adding /home/lordender_kitty/.gradle/caches/modules-2/files-2.1/com.google.guava/failureaccess/1.0.2/c4a06a64e650562f30b7bf9aaec1bfed43aca12b/failureaccess-1.0.2.jar to classpath.
[15:32:03] [main/DEBUG] (FabricLoader/Knot) Adding /home/lordender_kitty/.gradle/caches/modules-2/files-2.1/com.google.guava/guava/33.3.1-jre/852f8b363da0111e819460021ca693cacca3e8db/guava-33.3.1-jre.jar to classpath.
[15:32:03] [main/DEBUG] (FabricLoader/Knot) Adding /home/lordender_kitty/.gradle/caches/modules-2/files-2.1/com.ibm.icu/icu4j/76.1/215f3a8e936d4069344bd75f2b1368fd58112894/icu4j-76.1.jar to classpath.
[15:32:03] [main/DEBUG] (FabricLoader/Knot) Adding /home/lordender_kitty/.gradle/caches/modules-2/files-2.1/com.microsoft.azure/msal4j/1.17.2/a6211e3d71d0388929babaa0ff0951b30d001852/msal4j-1.17.2.jar to classpath.
[15:32:03] [main/DEBUG] (FabricLoader/Knot) Adding /home/lordender_kitty/.gradle/caches/modules-2/files-2.1/com.mojang/blocklist/1.0.10/5c685c5ffa94c4cd39496c7184c1d122e515ecef/blocklist-1.0.10.jar to classpath.
[15:32:03] [main/DEBUG] (FabricLoader/Knot) Adding /home/lordender_kitty/.gradle/caches/modules-2/files-2.1/com.mojang/brigadier/1.3.10/d15b53a14cf20fdcaa98f731af5dda654452c010/brigadier-1.3.10.jar to classpath.
[15:32:03] [main/DEBUG] (FabricLoader/Knot) Adding /home/lordender_kitty/.gradle/caches/modules-2/files-2.1/com.mojang/datafixerupper/8.0.16/67d4de6d7f95d89bcf5862995fb854ebaec02a34/datafixerupper-8.0.16.jar to classpath.
[15:32:03] [main/DEBUG] (FabricLoader/Knot) Adding /home/lordender_kitty/.gradle/caches/modules-2/files-2.1/com.mojang/jtracy/1.0.36/20a63d06b621bfeb3cb21ef51b7fa40c0fc22021/jtracy-1.0.36.jar to classpath.
[15:32:03] [main/DEBUG] (FabricLoader/Knot) Adding /home/lordender_kitty/.gradle/caches/modules-2/files-2.1/com.mojang/jtracy/1.0.36/8f2967c139b024bf80024a3eab63e906c3ee2e5b/jtracy-1.0.36-natives-linux.jar to classpath.
[15:32:03] [main/DEBUG] (FabricLoader/Knot) Adding /home/lordender_kitty/.gradle/caches/modules-2/files-2.1/com.mojang/patchy/2.2.10/da05971b07cbb379d002cf7eaec6a2048211fefc/patchy-2.2.10.jar to classpath.
[15:32:03] [main/DEBUG] (FabricLoader/Knot) Adding /home/lordender_kitty/.gradle/caches/modules-2/files-2.1/com.mojang/text2speech/1.18.11/e853a12cdd6ba4f4836e8f4bf3b37844a13482b6/text2speech-1.18.11.jar to classpath.
[15:32:03] [main/DEBUG] (FabricLoader/Knot) Adding /home/lordender_kitty/.gradle/caches/modules-2/files-2.1/com.nimbusds/content-type/2.3/e3aa0be212d7a42839a8f3f506f5b990bcce0222/content-type-2.3.jar to classpath.
[15:32:03] [main/DEBUG] (FabricLoader/Knot) Adding /home/lordender_kitty/.gradle/caches/modules-2/files-2.1/com.nimbusds/lang-tag/1.7/97c73ecd70bc7e8eefb26c5eea84f251a63f1031/lang-tag-1.7.jar to classpath.
[15:32:03] [main/DEBUG] (FabricLoader/Knot) Adding /home/lordender_kitty/.gradle/caches/modules-2/files-2.1/com.nimbusds/nimbus-jose-jwt/9.40/42b1dfa0360e4062951b070bac52dd8d96fd7b38/nimbus-jose-jwt-9.40.jar to classpath.
[15:32:03] [main/DEBUG] (FabricLoader/Knot) Adding /home/lordender_kitty/.gradle/caches/modules-2/files-2.1/com.nimbusds/oauth2-oidc-sdk/11.18/7c7ec4f4066625ff07a711ad856fa04da1ff9de/oauth2-oidc-sdk-11.18.jar to classpath.
[15:32:03] [main/DEBUG] (FabricLoader/Knot) Adding /home/lordender_kitty/.gradle/caches/modules-2/files-2.1/commons-codec/commons-codec/1.17.1/973638b7149d333563584137ebf13a691bb60579/commons-codec-1.17.1.jar to classpath.
[15:32:03] [main/DEBUG] (FabricLoader/Knot) Adding /home/lordender_kitty/.gradle/caches/modules-2/files-2.1/commons-io/commons-io/2.17.0/ddcc8433eb019fb48fe25207c0278143f3e1d7e2/commons-io-2.17.0.jar to classpath.
[15:32:03] [main/DEBUG] (FabricLoader/Knot) Adding /home/lordender_kitty/.gradle/caches/modules-2/files-2.1/commons-logging/commons-logging/1.3.4/b9fc14968d63a8b8a8a2c1885fe3e90564239708/commons-logging-1.3.4.jar to classpath.
[15:32:03] [main/DEBUG] (FabricLoader/Knot) Adding /home/lordender_kitty/.gradle/caches/modules-2/files-2.1/io.netty/netty-buffer/4.1.118.Final/7022990af1e0d449f9d5322035899745e19735c5/netty-buffer-4.1.118.Final.jar to classpath.
[15:32:03] [main/DEBUG] (FabricLoader/Knot) Adding /home/lordender_kitty/.gradle/caches/modules-2/files-2.1/io.netty/netty-codec-http/4.1.118.Final/eda08a71294afe78c779b85fd696bc13491507a8/netty-codec-http-4.1.118.Final.jar to classpath.
[15:32:03] [main/DEBUG] (FabricLoader/Knot) Adding /home/lordender_kitty/.gradle/caches/modules-2/files-2.1/io.netty/netty-codec/4.1.118.Final/307f665c08ce57333121de4f460479fc0c3c94d4/netty-codec-4.1.118.Final.jar to classpath.
[15:32:03] [main/DEBUG] (FabricLoader/Knot) Adding /home/lordender_kitty/.gradle/caches/modules-2/files-2.1/io.netty/netty-common/4.1.118.Final/4bb0f9899146484fa89f7b9bc27389d5b8e2ecde/netty-common-4.1.118.Final.jar to classpath.
[15:32:03] [main/DEBUG] (FabricLoader/Knot) Adding /home/lordender_kitty/.gradle/caches/modules-2/files-2.1/io.netty/netty-handler/4.1.118.Final/30ebb05b6b0fb071dbfcf713017c4a767a97bb9b/netty-handler-4.1.118.Final.jar to classpath.
[15:32:03] [main/DEBUG] (FabricLoader/Knot) Adding /home/lordender_kitty/.gradle/caches/modules-2/files-2.1/io.netty/netty-resolver/4.1.118.Final/28c378c19c1779eca1104b400452627f3ebc4aea/netty-resolver-4.1.118.Final.jar to classpath.
[15:32:03] [main/DEBUG] (FabricLoader/Knot) Adding /home/lordender_kitty/.gradle/caches/modules-2/files-2.1/io.netty/netty-transport-classes-epoll/4.1.118.Final/376ce95507066f0e755d97c1c8bcd6c33f657617/netty-transport-classes-epoll-4.1.118.Final.jar to classpath.
[15:32:03] [main/DEBUG] (FabricLoader/Knot) Adding /home/lordender_kitty/.gradle/caches/modules-2/files-2.1/io.netty/netty-transport-native-epoll/4.1.118.Final/82f94d0a9d837f6b6a580379373310ff7288c0f8/netty-transport-native-epoll-4.1.118.Final-linux-aarch_64.jar to classpath.
[15:32:03] [main/DEBUG] (FabricLoader/Knot) Adding /home/lordender_kitty/.gradle/caches/modules-2/files-2.1/io.netty/netty-transport-native-epoll/4.1.118.Final/7e6b89e3746acb7cf6f0aad993bbd058fc6d912e/netty-transport-native-epoll-4.1.118.Final-linux-x86_64.jar to classpath.
[15:32:03] [main/DEBUG] (FabricLoader/Knot) Adding /home/lordender_kitty/.gradle/caches/modules-2/files-2.1/io.netty/netty-transport-native-unix-common/4.1.118.Final/9da25a94e6a0edac90da0bc7894e5a54efcb866b/netty-transport-native-unix-common-4.1.118.Final.jar to classpath.
[15:32:03] [main/DEBUG] (FabricLoader/Knot) Adding /home/lordender_kitty/.gradle/caches/modules-2/files-2.1/io.netty/netty-transport/4.1.118.Final/5a27232e5d08218722d94ca14f0b1b4576e7711c/netty-transport-4.1.118.Final.jar to classpath.
[15:32:03] [main/DEBUG] (FabricLoader/Knot) Adding /home/lordender_kitty/.gradle/caches/modules-2/files-2.1/it.unimi.dsi/fastutil/8.5.15/1e885b40c9563ab0d3899b871fd0b30e958705dc/fastutil-8.5.15.jar to classpath.
[15:32:03] [main/DEBUG] (FabricLoader/Knot) Adding /home/lordender_kitty/.gradle/caches/modules-2/files-2.1/net.java.dev.jna/jna-platform/5.15.0/86b502cad57d45da172b5e3231c537b042e296ef/jna-platform-5.15.0.jar to classpath.
[15:32:03] [main/DEBUG] (FabricLoader/Knot) Adding /home/lordender_kitty/.gradle/caches/modules-2/files-2.1/net.java.dev.jna/jna/5.15.0/1ee1d80ff44f08280188f7c0e740d57207841ac/jna-5.15.0.jar to classpath.
[15:32:03] [main/DEBUG] (FabricLoader/Knot) Adding /home/lordender_kitty/.gradle/caches/modules-2/files-2.1/net.minidev/accessors-smart/2.5.1/19b820261eb2e7de7d5bde11d1c06e4501dd7e5f/accessors-smart-2.5.1.jar to classpath.
[15:32:03] [main/DEBUG] (FabricLoader/Knot) Adding /home/lordender_kitty/.gradle/caches/modules-2/files-2.1/net.minidev/json-smart/2.5.1/4c11d2808d009132dfbbf947ebf37de6bf266c8e/json-smart-2.5.1.jar to classpath.
[15:32:03] [main/DEBUG] (FabricLoader/Knot) Adding /home/lordender_kitty/.gradle/caches/modules-2/files-2.1/net.sf.jopt-simple/jopt-simple/5.0.4/4fdac2fbe92dfad86aa6e9301736f6b4342a3f5c/jopt-simple-5.0.4.jar to classpath.
[15:32:03] [main/DEBUG] (FabricLoader/Knot) Adding /home/lordender_kitty/.gradle/caches/modules-2/files-2.1/org.apache.commons/commons-compress/1.27.1/a19151084758e2fbb6b41eddaa88e7b8ff4e6599/commons-compress-1.27.1.jar to classpath.
[15:32:03] [main/DEBUG] (FabricLoader/Knot) Adding /home/lordender_kitty/.gradle/caches/modules-2/files-2.1/org.apache.commons/commons-lang3/3.17.0/b17d2136f0460dcc0d2016ceefca8723bdf4ee70/commons-lang3-3.17.0.jar to classpath.
[15:32:03] [main/DEBUG] (FabricLoader/Knot) Adding /home/lordender_kitty/.gradle/caches/modules-2/files-2.1/org.apache.httpcomponents/httpclient/4.5.14/1194890e6f56ec29177673f2f12d0b8e627dec98/httpclient-4.5.14.jar to classpath.
[15:32:03] [main/DEBUG] (FabricLoader/Knot) Adding /home/lordender_kitty/.gradle/caches/modules-2/files-2.1/org.apache.httpcomponents/httpcore/4.4.16/51cf043c87253c9f58b539c9f7e44c8894223850/httpcore-4.4.16.jar to classpath.
[15:32:03] [main/DEBUG] (FabricLoader/Knot) Adding /home/lordender_kitty/.gradle/caches/modules-2/files-2.1/org.jcraft/jorbis/0.0.17/8872d22b293e8f5d7d56ff92be966e6dc28ebdc6/jorbis-0.0.17.jar to classpath.
[15:32:03] [main/DEBUG] (FabricLoader/Knot) Adding /home/lordender_kitty/.gradle/caches/modules-2/files-2.1/org.joml/joml/1.10.8/fc0a71dad90a2cf41d82a76156a0e700af8e4f8d/joml-1.10.8.jar to classpath.
[15:32:03] [main/DEBUG] (FabricLoader/Knot) Adding /home/lordender_kitty/.gradle/caches/modules-2/files-2.1/org.lwjgl/lwjgl-freetype/3.3.3/a0db6c84a8becc8ca05f9dbfa985edc348a824c7/lwjgl-freetype-3.3.3.jar to classpath.
[15:32:03] [main/DEBUG] (FabricLoader/Knot) Adding /home/lordender_kitty/.gradle/caches/modules-2/files-2.1/org.lwjgl/lwjgl-freetype/3.3.3/149070a5480900347071b7074779531f25a6e3dc/lwjgl-freetype-3.3.3-natives-linux.jar to classpath.
[15:32:03] [main/DEBUG] (FabricLoader/Knot) Adding /home/lordender_kitty/.gradle/caches/modules-2/files-2.1/org.lwjgl/lwjgl-glfw/3.3.3/efa1eb78c5ccd840e9f329717109b5e892d72f8e/lwjgl-glfw-3.3.3.jar to classpath.
[15:32:03] [main/DEBUG] (FabricLoader/Knot) Adding /home/lordender_kitty/.gradle/caches/modules-2/files-2.1/org.lwjgl/lwjgl-glfw/3.3.3/a03684c5e4b1b1dbbe0d29dbbdc27b985b6840f2/lwjgl-glfw-3.3.3-natives-linux.jar to classpath.
[15:32:03] [main/DEBUG] (FabricLoader/Knot) Adding /home/lordender_kitty/.gradle/caches/modules-2/files-2.1/org.lwjgl/lwjgl-jemalloc/3.3.3/b543467b7ff3c6920539a88ee602d34098628be5/lwjgl-jemalloc-3.3.3.jar to classpath.
[15:32:03] [main/DEBUG] (FabricLoader/Knot) Adding /home/lordender_kitty/.gradle/caches/modules-2/files-2.1/org.lwjgl/lwjgl-jemalloc/3.3.3/4f86728bf449b1dd61251c4e0ac01df1389cb51e/lwjgl-jemalloc-3.3.3-natives-linux.jar to classpath.
[15:32:03] [main/DEBUG] (FabricLoader/Knot) Adding /home/lordender_kitty/.gradle/caches/modules-2/files-2.1/org.lwjgl/lwjgl-openal/3.3.3/daada81ceb5fc0c291fbfdd4433cb8d9423577f2/lwjgl-openal-3.3.3.jar to classpath.
[15:32:03] [main/DEBUG] (FabricLoader/Knot) Adding /home/lordender_kitty/.gradle/caches/modules-2/files-2.1/org.lwjgl/lwjgl-openal/3.3.3/3037360cc4595079bea240af250b6d1a527e0905/lwjgl-openal-3.3.3-natives-linux.jar to classpath.
[15:32:03] [main/DEBUG] (FabricLoader/Knot) Adding /home/lordender_kitty/.gradle/caches/modules-2/files-2.1/org.lwjgl/lwjgl-opengl/3.3.3/2f6b0147078396a58979125a4c947664e98293a/lwjgl-opengl-3.3.3.jar to classpath.
[15:32:03] [main/DEBUG] (FabricLoader/Knot) Adding /home/lordender_kitty/.gradle/caches/modules-2/files-2.1/org.lwjgl/lwjgl-opengl/3.3.3/62c70a4b00ca5391882b0f4b787c1588d24f1c86/lwjgl-opengl-3.3.3-natives-linux.jar to classpath.
[15:32:03] [main/DEBUG] (FabricLoader/Knot) Adding /home/lordender_kitty/.gradle/caches/modules-2/files-2.1/org.lwjgl/lwjgl-stb/3.3.3/25dd6161988d7e65f71d5065c99902402ee32746/lwjgl-stb-3.3.3.jar to classpath.
[15:32:03] [main/DEBUG] (FabricLoader/Knot) Adding /home/lordender_kitty/.gradle/caches/modules-2/files-2.1/org.lwjgl/lwjgl-stb/3.3.3/fd1271ccd9d85eff2fa31f3fd543e02ccfaf5041/lwjgl-stb-3.3.3-natives-linux.jar to classpath.
[15:32:03] [main/DEBUG] (FabricLoader/Knot) Adding /home/lordender_kitty/.gradle/caches/modules-2/files-2.1/org.lwjgl/lwjgl-tinyfd/3.3.3/82d755ca94b102e9ca77283b9e2dc46d1b15fbe5/lwjgl-tinyfd-3.3.3.jar to classpath.
[15:32:03] [main/DEBUG] (FabricLoader/Knot) Adding /home/lordender_kitty/.gradle/caches/modules-2/files-2.1/org.lwjgl/lwjgl-tinyfd/3.3.3/d8d58daa0c3e5fd906fee96f5fddbcbc07cc308b/lwjgl-tinyfd-3.3.3-natives-linux.jar to classpath.
[15:32:03] [main/DEBUG] (FabricLoader/Knot) Adding /home/lordender_kitty/.gradle/caches/modules-2/files-2.1/org.lwjgl/lwjgl/3.3.3/29589b5f87ed335a6c7e7ee6a5775f81f97ecb84/lwjgl-3.3.3.jar to classpath.
[15:32:03] [main/DEBUG] (FabricLoader/Knot) Adding /home/lordender_kitty/.gradle/caches/modules-2/files-2.1/org.lwjgl/lwjgl/3.3.3/1713758e3660ba66e1e954396fd18126038b33c0/lwjgl-3.3.3-natives-linux.jar to classpath.
[15:32:03] [main/DEBUG] (FabricLoader/Knot) Adding /home/lordender_kitty/.gradle/caches/modules-2/files-2.1/org.lz4/lz4-java/1.8.0/4b986a99445e49ea5fbf5d149c4b63f6ed6c6780/lz4-java-1.8.0.jar to classpath.
[15:32:03] [main/DEBUG] (FabricLoader/Knot) Adding /home/lordender_kitty/IdeaProjects/Reload Server List/.gradle/loom-cache/remapped_mods/remapped/dev/architectury/architectury-fabric-db1d186e/18.0.4/architectury-fabric-db1d186e-18.0.4.jar to classpath.
[15:32:03] [main/DEBUG] (FabricLoader/Knot) Adding /home/lordender_kitty/IdeaProjects/Reload Server List/.gradle/loom-cache/remapped_mods/remapped/net/fabricmc/fabric-api/fabric-api-db1d186e/0.134.0+1.21.9/fabric-api-db1d186e-0.134.0+1.21.9.jar to classpath.
[15:32:03] [main/DEBUG] (FabricLoader/Knot) Adding /home/lordender_kitty/IdeaProjects/Reload Server List/.gradle/loom-cache/remapped_mods/remapped/net/fabricmc/fabric-api/fabric-transfer-api-v1-db1d186e/6.0.15+79ec2c127d/fabric-transfer-api-v1-db1d186e-6.0.15+79ec2c127d.jar to classpath.
[15:32:03] [main/DEBUG] (FabricLoader/Knot) Adding /home/lordender_kitty/IdeaProjects/Reload Server List/.gradle/loom-cache/remapped_mods/remapped/net/fabricmc/fabric-api/fabric-api-lookup-api-v1-db1d186e/1.6.106+d17682157d/fabric-api-lookup-api-v1-db1d186e-1.6.106+d17682157d.jar to classpath.
[15:32:03] [main/DEBUG] (FabricLoader/Knot) Adding /home/lordender_kitty/IdeaProjects/Reload Server List/.gradle/loom-cache/remapped_mods/remapped/net/fabricmc/fabric-api/fabric-command-api-v2-db1d186e/2.3.7+328a75ba7d/fabric-command-api-v2-db1d186e-2.3.7+328a75ba7d.jar to classpath.
[15:32:03] [main/DEBUG] (FabricLoader/Knot) Adding /home/lordender_kitty/IdeaProjects/Reload Server List/.gradle/loom-cache/remapped_mods/remapped/net/fabricmc/fabric-api/fabric-content-registries-v0-db1d186e/10.2.3+b6a242647d/fabric-content-registries-v0-db1d186e-10.2.3+b6a242647d.jar to classpath.
[15:32:03] [main/DEBUG] (FabricLoader/Knot) Adding /home/lordender_kitty/IdeaProjects/Reload Server List/.gradle/loom-cache/remapped_mods/remapped/net/fabricmc/fabric-api/fabric-data-generation-api-v1-db1d186e/23.2.22+d8b85ef17d/fabric-data-generation-api-v1-db1d186e-23.2.22+d8b85ef17d.jar to classpath.
[15:32:03] [main/DEBUG] (FabricLoader/Knot) Adding /home/lordender_kitty/IdeaProjects/Reload Server List/.gradle/loom-cache/remapped_mods/remapped/net/fabricmc/fabric-api/fabric-convention-tags-v1-db1d186e/2.1.47+7f945d5b7d/fabric-convention-tags-v1-db1d186e-2.1.47+7f945d5b7d.jar to classpath.
[15:32:03] [main/DEBUG] (FabricLoader/Knot) Adding /home/lordender_kitty/IdeaProjects/Reload Server List/.gradle/loom-cache/remapped_mods/remapped/net/fabricmc/fabric-api/fabric-convention-tags-v2-db1d186e/2.15.12+3154c1c87d/fabric-convention-tags-v2-db1d186e-2.15.12+3154c1c87d.jar to classpath.
[15:32:03] [main/DEBUG] (FabricLoader/Knot) Adding /home/lordender_kitty/IdeaProjects/Reload Server List/.gradle/loom-cache/remapped_mods/remapped/net/fabricmc/fabric-api/fabric-data-attachment-api-v1-db1d186e/1.8.28+9bce411b7d/fabric-data-attachment-api-v1-db1d186e-1.8.28+9bce411b7d.jar to classpath.
[15:32:03] [main/DEBUG] (FabricLoader/Knot) Adding /home/lordender_kitty/IdeaProjects/Reload Server List/.gradle/loom-cache/remapped_mods/remapped/net/fabricmc/fabric-api/fabric-entity-events-v1-db1d186e/2.1.12+14b92d897d/fabric-entity-events-v1-db1d186e-2.1.12+14b92d897d.jar to classpath.
[15:32:03] [main/DEBUG] (FabricLoader/Knot) Adding /home/lordender_kitty/IdeaProjects/Reload Server List/.gradle/loom-cache/remapped_mods/remapped/net/fabricmc/fabric-api/fabric-events-interaction-v0-db1d186e/4.0.35+5ba217127d/fabric-events-interaction-v0-db1d186e-4.0.35+5ba217127d.jar to classpath.
[15:32:03] [main/DEBUG] (FabricLoader/Knot) Adding /home/lordender_kitty/IdeaProjects/Reload Server List/.gradle/loom-cache/remapped_mods/remapped/net/fabricmc/fabric-api/fabric-gametest-api-v1-db1d186e/3.1.18+33df5e6e7d/fabric-gametest-api-v1-db1d186e-3.1.18+33df5e6e7d.jar to classpath.
[15:32:03] [main/DEBUG] (FabricLoader/Knot) Adding /home/lordender_kitty/IdeaProjects/Reload Server List/.gradle/loom-cache/remapped_mods/remapped/net/fabricmc/fabric-api/fabric-item-api-v1-db1d186e/11.5.8+9bce411b7d/fabric-item-api-v1-db1d186e-11.5.8+9bce411b7d.jar to classpath.
[15:32:03] [main/DEBUG] (FabricLoader/Knot) Adding /home/lordender_kitty/IdeaProjects/Reload Server List/.gradle/loom-cache/remapped_mods/remapped/net/fabricmc/fabric-api/fabric-item-group-api-v1-db1d186e/4.2.24+86b3ae577d/fabric-item-group-api-v1-db1d186e-4.2.24+86b3ae577d.jar to classpath.
[15:32:03] [main/DEBUG] (FabricLoader/Knot) Adding /home/lordender_kitty/IdeaProjects/Reload Server List/.gradle/loom-cache/remapped_mods/remapped/net/fabricmc/fabric-api/fabric-model-loading-api-v1-db1d186e/6.0.0+3ffd6ef07d/fabric-model-loading-api-v1-db1d186e-6.0.0+3ffd6ef07d.jar to classpath.
[15:32:03] [main/DEBUG] (FabricLoader/Knot) Adding /home/lordender_kitty/IdeaProjects/Reload Server List/.gradle/loom-cache/remapped_mods/remapped/net/fabricmc/fabric-api/fabric-renderer-indigo-db1d186e/4.0.19+328a75ba7d/fabric-renderer-indigo-db1d186e-4.0.19+328a75ba7d.jar to classpath.
[15:32:03] [main/DEBUG] (FabricLoader/Knot) Adding /home/lordender_kitty/IdeaProjects/Reload Server List/.gradle/loom-cache/remapped_mods/remapped/net/fabricmc/fabric-api/fabric-renderer-api-v1-db1d186e/7.1.1+328a75ba7d/fabric-renderer-api-v1-db1d186e-7.1.1+328a75ba7d.jar to classpath.
[15:32:03] [main/DEBUG] (FabricLoader/Knot) Adding /home/lordender_kitty/IdeaProjects/Reload Server List/.gradle/loom-cache/remapped_mods/remapped/net/fabricmc/fabric-api/fabric-rendering-v1-db1d186e/16.0.1+328a75ba7d/fabric-rendering-v1-db1d186e-16.0.1+328a75ba7d.jar to classpath.
[15:32:03] [main/DEBUG] (FabricLoader/Knot) Adding /home/lordender_kitty/IdeaProjects/Reload Server List/.gradle/loom-cache/remapped_mods/remapped/net/fabricmc/fabric-api/fabric-lifecycle-events-v1-db1d186e/2.6.9+33df5e6e7d/fabric-lifecycle-events-v1-db1d186e-2.6.9+33df5e6e7d.jar to classpath.
[15:32:03] [main/DEBUG] (FabricLoader/Knot) Adding /home/lordender_kitty/IdeaProjects/Reload Server List/.gradle/loom-cache/remapped_mods/remapped/net/fabricmc/fabric-api/fabric-loot-api-v2-db1d186e/3.0.64+3f89f5a57d/fabric-loot-api-v2-db1d186e-3.0.64+3f89f5a57d.jar to classpath.
[15:32:03] [main/DEBUG] (FabricLoader/Knot) Adding /home/lordender_kitty/IdeaProjects/Reload Server List/.gradle/loom-cache/remapped_mods/remapped/net/fabricmc/fabric-api/fabric-loot-api-v3-db1d186e/2.0.11+d17682157d/fabric-loot-api-v3-db1d186e-2.0.11+d17682157d.jar to classpath.
[15:32:03] [main/DEBUG] (FabricLoader/Knot) Adding /home/lordender_kitty/IdeaProjects/Reload Server List/.gradle/loom-cache/remapped_mods/remapped/net/fabricmc/fabric-api/fabric-message-api-v1-db1d186e/6.1.7+3154c1c87d/fabric-message-api-v1-db1d186e-6.1.7+3154c1c87d.jar to classpath.
[15:32:03] [main/DEBUG] (FabricLoader/Knot) Adding /home/lordender_kitty/IdeaProjects/Reload Server List/.gradle/loom-cache/remapped_mods/remapped/net/fabricmc/fabric-api/fabric-particles-v1-db1d186e/4.2.2+a0ee59a47d/fabric-particles-v1-db1d186e-4.2.2+a0ee59a47d.jar to classpath.
[15:32:03] [main/DEBUG] (FabricLoader/Knot) Adding /home/lordender_kitty/IdeaProjects/Reload Server List/.gradle/loom-cache/remapped_mods/remapped/net/fabricmc/fabric-api/fabric-recipe-api-v1-db1d186e/8.1.26+d17682157d/fabric-recipe-api-v1-db1d186e-8.1.26+d17682157d.jar to classpath.
[15:32:03] [main/DEBUG] (FabricLoader/Knot) Adding /home/lordender_kitty/IdeaProjects/Reload Server List/.gradle/loom-cache/remapped_mods/remapped/net/fabricmc/fabric-api/fabric-object-builder-api-v1-db1d186e/21.1.24+9bce411b7d/fabric-object-builder-api-v1-db1d186e-21.1.24+9bce411b7d.jar to classpath.
[15:32:03] [main/DEBUG] (FabricLoader/Knot) Adding /home/lordender_kitty/IdeaProjects/Reload Server List/.gradle/loom-cache/remapped_mods/remapped/net/fabricmc/fabric-api/fabric-screen-handler-api-v1-db1d186e/1.3.150+d17682157d/fabric-screen-handler-api-v1-db1d186e-1.3.150+d17682157d.jar to classpath.
[15:32:03] [main/DEBUG] (FabricLoader/Knot) Adding /home/lordender_kitty/IdeaProjects/Reload Server List/.gradle/loom-cache/remapped_mods/remapped/net/fabricmc/fabric-api/fabric-registry-sync-v0-db1d186e/6.1.41+679c8c5c7d/fabric-registry-sync-v0-db1d186e-6.1.41+679c8c5c7d.jar to classpath.
[15:32:03] [main/DEBUG] (FabricLoader/Knot) Adding /home/lordender_kitty/IdeaProjects/Reload Server List/.gradle/loom-cache/remapped_mods/remapped/net/fabricmc/fabric-api/fabric-networking-api-v1-db1d186e/5.0.13+d269470c7d/fabric-networking-api-v1-db1d186e-5.0.13+d269470c7d.jar to classpath.
[15:32:03] [main/DEBUG] (FabricLoader/Knot) Adding /home/lordender_kitty/IdeaProjects/Reload Server List/.gradle/loom-cache/remapped_mods/remapped/net/fabricmc/fabric-api/fabric-rendering-fluids-v1-db1d186e/3.1.38+86b3ae577d/fabric-rendering-fluids-v1-db1d186e-3.1.38+86b3ae577d.jar to classpath.
[15:32:03] [main/DEBUG] (FabricLoader/Knot) Adding /home/lordender_kitty/IdeaProjects/Reload Server List/.gradle/loom-cache/remapped_mods/remapped/net/fabricmc/fabric-api/fabric-tag-api-v1-db1d186e/1.2.10+2fa446b27d/fabric-tag-api-v1-db1d186e-1.2.10+2fa446b27d.jar to classpath.
[15:32:03] [main/DEBUG] (FabricLoader/Knot) Adding /home/lordender_kitty/IdeaProjects/Reload Server List/.gradle/loom-cache/remapped_mods/remapped/net/fabricmc/fabric-api/fabric-resource-loader-v0-db1d186e/3.2.2+3388a3b27d/fabric-resource-loader-v0-db1d186e-3.2.2+3388a3b27d.jar to classpath.
[15:32:03] [main/DEBUG] (FabricLoader/Knot) Adding /home/lordender_kitty/IdeaProjects/Reload Server List/.gradle/loom-cache/remapped_mods/remapped/net/fabricmc/fabric-api/fabric-resource-loader-v1-db1d186e/1.0.2+225bca407d/fabric-resource-loader-v1-db1d186e-1.0.2+225bca407d.jar to classpath.
[15:32:03] [main/DEBUG] (FabricLoader/Knot) Adding /home/lordender_kitty/IdeaProjects/Reload Server List/.gradle/loom-cache/remapped_mods/remapped/net/fabricmc/fabric-api/fabric-screen-api-v1-db1d186e/3.1.0+9c82a7987d/fabric-screen-api-v1-db1d186e-3.1.0+9c82a7987d.jar to classpath.
[15:32:03] [main/DEBUG] (FabricLoader/Knot) Adding /home/lordender_kitty/IdeaProjects/Reload Server List/.gradle/loom-cache/remapped_mods/remapped/net/fabricmc/fabric-api/fabric-api-base-db1d186e/1.0.0+14b92d897d/fabric-api-base-db1d186e-1.0.0+14b92d897d.jar to classpath.
[15:32:03] [main/DEBUG] (FabricLoader/Knot) Adding /home/lordender_kitty/IdeaProjects/Reload Server List/.gradle/loom-cache/remapped_mods/remapped/net/fabricmc/fabric-api/fabric-biome-api-v1-db1d186e/16.1.0+c2417d4f7d/fabric-biome-api-v1-db1d186e-16.1.0+c2417d4f7d.jar to classpath.
[15:32:03] [main/DEBUG] (FabricLoader/Knot) Adding /home/lordender_kitty/IdeaProjects/Reload Server List/.gradle/loom-cache/remapped_mods/remapped/net/fabricmc/fabric-api/fabric-block-api-v1-db1d186e/1.1.5+d17682157d/fabric-block-api-v1-db1d186e-1.1.5+d17682157d.jar to classpath.
[15:32:03] [main/DEBUG] (FabricLoader/Knot) Adding /home/lordender_kitty/IdeaProjects/Reload Server List/.gradle/loom-cache/remapped_mods/remapped/net/fabricmc/fabric-api/fabric-block-view-api-v2-db1d186e/1.0.34+e4fd1b927d/fabric-block-view-api-v2-db1d186e-1.0.34+e4fd1b927d.jar to classpath.
[15:32:03] [main/DEBUG] (FabricLoader/Knot) Adding /home/lordender_kitty/IdeaProjects/Reload Server List/.gradle/loom-cache/remapped_mods/remapped/net/fabricmc/fabric-api/fabric-client-gametest-api-v1-db1d186e/4.2.13+14b92d897d/fabric-client-gametest-api-v1-db1d186e-4.2.13+14b92d897d.jar to classpath.
[15:32:03] [main/DEBUG] (FabricLoader/Knot) Adding /home/lordender_kitty/IdeaProjects/Reload Server List/.gradle/loom-cache/remapped_mods/remapped/net/fabricmc/fabric-api/fabric-crash-report-info-v1-db1d186e/0.3.18+33df5e6e7d/fabric-crash-report-info-v1-db1d186e-0.3.18+33df5e6e7d.jar to classpath.
[15:32:03] [main/DEBUG] (FabricLoader/Knot) Adding /home/lordender_kitty/IdeaProjects/Reload Server List/.gradle/loom-cache/remapped_mods/remapped/net/fabricmc/fabric-api/fabric-dimensions-v1-db1d186e/4.0.22+38b9cc197d/fabric-dimensions-v1-db1d186e-4.0.22+38b9cc197d.jar to classpath.
[15:32:03] [main/DEBUG] (FabricLoader/Knot) Adding /home/lordender_kitty/IdeaProjects/Reload Server List/.gradle/loom-cache/remapped_mods/remapped/net/fabricmc/fabric-api/fabric-game-rule-api-v1-db1d186e/1.1.1+e47eaae57d/fabric-game-rule-api-v1-db1d186e-1.1.1+e47eaae57d.jar to classpath.
[15:32:03] [main/DEBUG] (FabricLoader/Knot) Adding /home/lordender_kitty/IdeaProjects/Reload Server List/.gradle/loom-cache/remapped_mods/remapped/net/fabricmc/fabric-api/fabric-key-binding-api-v1-db1d186e/1.1.1+b3ba9c487d/fabric-key-binding-api-v1-db1d186e-1.1.1+b3ba9c487d.jar to classpath.
[15:32:03] [main/DEBUG] (FabricLoader/Knot) Adding /home/lordender_kitty/IdeaProjects/Reload Server List/.gradle/loom-cache/remapped_mods/remapped/net/fabricmc/fabric-api/fabric-resource-conditions-api-v1-db1d186e/5.0.28+33df5e6e7d/fabric-resource-conditions-api-v1-db1d186e-5.0.28+33df5e6e7d.jar to classpath.
[15:32:03] [main/DEBUG] (FabricLoader/Knot) Adding /home/lordender_kitty/IdeaProjects/Reload Server List/.gradle/loom-cache/remapped_mods/remapped/net/fabricmc/fabric-api/fabric-serialization-api-v1-db1d186e/1.0.0+d857c9767d/fabric-serialization-api-v1-db1d186e-1.0.0+d857c9767d.jar to classpath.
[15:32:03] [main/DEBUG] (FabricLoader/Knot) Adding /home/lordender_kitty/IdeaProjects/Reload Server List/.gradle/loom-cache/remapped_mods/remapped/net/fabricmc/fabric-api/fabric-sound-api-v1-db1d186e/1.0.45+328a75ba7d/fabric-sound-api-v1-db1d186e-1.0.45+328a75ba7d.jar to classpath.
[15:32:03] [main/DEBUG] (FabricLoader/Knot) Adding /home/lordender_kitty/IdeaProjects/Reload Server List/.gradle/loom-cache/remapped_mods/remapped/net/fabricmc/fabric-api/fabric-transitive-access-wideners-v1-db1d186e/6.5.3+41eb43437d/fabric-transitive-access-wideners-v1-db1d186e-6.5.3+41eb43437d.jar to classpath.
[15:32:03] [main/DEBUG] (FabricLoader/Knot) Adding /home/lordender_kitty/.gradle/caches/modules-2/files-2.1/org.jline/jline-reader/3.20.0/8f15415b022a25b473e8e16c28ae913186ffb9c4/jline-reader-3.20.0.jar to classpath.
[15:32:03] [main/DEBUG] (FabricLoader/Knot) Adding /home/lordender_kitty/.gradle/caches/modules-2/files-2.1/org.jline/jline-terminal/3.20.0/d0ddcc708ddf527a3454c941b7b9225cc83a15ff/jline-terminal-3.20.0.jar to classpath.
[15:32:03] [main/DEBUG] (FabricLoader/Knot) Adding /tmp/13052392863509841482.jar to classpath.
[15:32:03] [main/DEBUG] (FabricLoader/Entrypoint) No subscribers for entrypoint 'preLaunch'
[15:32:03] [main/DEBUG] (FabricLoader/Mixin) Preparing mixins for MixinEnvironment[DEFAULT]
[15:32:03] [main/DEBUG] (FabricLoader/Mixin) Selecting config fabric-data-attachment-api-v1.mixins.json
[15:32:03] [main/DEBUG] (FabricLoader/Mixin) Selecting config fabric-data-attachment-api-v1.client.mixins.json
[15:32:03] [main/DEBUG] (FabricLoader/Mixin) Selecting config fabric-networking-api-v1.mixins.json
[15:32:03] [main/DEBUG] (FabricLoader/Mixin) Selecting config fabric-networking-api-v1.client.mixins.json
[15:32:03] [main/DEBUG] (FabricLoader/Mixin) Selecting config fabric-rendering-fluids-v1.mixins.json
[15:32:03] [main/DEBUG] (FabricLoader/Mixin) Selecting config fabric-sound-api-v1.mixins.json
[15:32:03] [main/DEBUG] (FabricLoader/Mixin) Selecting config fabric-model-loading-api-v1.mixins.json
[15:32:03] [main/DEBUG] (FabricLoader/Mixin) Selecting config fabric-transfer-api-v1.mixins.json
[15:32:03] [main/DEBUG] (FabricLoader/Mixin) Selecting config fabric-dimensions-v1.mixins.json
[15:32:03] [main/DEBUG] (FabricLoader/Mixin) Selecting config fabric-renderer-indigo.mixins.json
[15:32:03] [main/DEBUG] (FabricLoader/Mixin) Selecting config fabric-loot-api-v3.mixins.json
[15:32:03] [main/DEBUG] (FabricLoader/Mixin) Selecting config fabric-resource-conditions-api-v1.mixins.json
[15:32:03] [main/DEBUG] (FabricLoader/Mixin) Selecting config fabric-item-api-v1.mixins.json
[15:32:03] [main/DEBUG] (FabricLoader/Mixin) Selecting config fabric-item-api-v1.client.mixins.json
[15:32:03] [main/DEBUG] (FabricLoader/Mixin) Selecting config mixinextras.init.mixins.json
[15:32:03] [main/DEBUG] (FabricLoader/MixinExtras|Service) com.llamalad7.mixinextras.service.MixinExtrasServiceImpl(version=0.5.0) is taking over from null
[15:32:03] [main/DEBUG] (FabricLoader/Mixin) Registering new injector for @Inject with org.spongepowered.asm.mixin.injection.struct.CallbackInjectionInfo
[15:32:03] [main/DEBUG] (FabricLoader/Mixin) Registering new injector for @ModifyArg with org.spongepowered.asm.mixin.injection.struct.ModifyArgInjectionInfo
[15:32:03] [main/DEBUG] (FabricLoader/Mixin) Registering new injector for @ModifyArgs with org.spongepowered.asm.mixin.injection.struct.ModifyArgsInjectionInfo
[15:32:03] [main/DEBUG] (FabricLoader/Mixin) Registering new injector for @Redirect with org.spongepowered.asm.mixin.injection.struct.RedirectInjectionInfo
[15:32:03] [main/DEBUG] (FabricLoader/Mixin) Registering new injector for @ModifyVariable with org.spongepowered.asm.mixin.injection.struct.ModifyVariableInjectionInfo
[15:32:03] [main/DEBUG] (FabricLoader/Mixin) Registering new injector for @ModifyConstant with org.spongepowered.asm.mixin.injection.struct.ModifyConstantInjectionInfo
[15:32:03] [main/DEBUG] (FabricLoader/Mixin) Selecting config fabric-block-view-api-v2.mixins.json
[15:32:03] [main/DEBUG] (FabricLoader/Mixin) Selecting config fabric-block-view-api-v2.client.mixins.json
[15:32:03] [main/DEBUG] (FabricLoader/Mixin) Selecting config fabric-entity-events-v1.mixins.json
[15:32:03] [main/DEBUG] (FabricLoader/Mixin) Selecting config fabric-content-registries-v0.mixins.json
[15:32:03] [main/DEBUG] (FabricLoader/Mixin) Selecting config fabric-convention-tags-api-v2.mixins.json
[15:32:03] [main/DEBUG] (FabricLoader/Mixin) Selecting config fabric-biome-api-v1.mixins.json
[15:32:03] [main/DEBUG] (FabricLoader/Mixin) Selecting config reload_server_list.mixins.json
[15:32:03] [main/DEBUG] (FabricLoader/Mixin) Selecting config fabric-recipe-api-v1.mixins.json
[15:32:03] [main/DEBUG] (FabricLoader/Mixin) Selecting config fabric-particles-v1.mixins.json
[15:32:03] [main/DEBUG] (FabricLoader/Mixin) Selecting config fabric-particles-v1.client.mixins.json
[15:32:03] [main/DEBUG] (FabricLoader/Mixin) Selecting config fabric-block-api-v1.mixins.json
[15:32:03] [main/DEBUG] (FabricLoader/Mixin) Selecting config fabric-lifecycle-events-v1.mixins.json
[15:32:03] [main/DEBUG] (FabricLoader/Mixin) Selecting config fabric-lifecycle-events-v1.client.mixins.json
[15:32:03] [main/DEBUG] (FabricLoader/Mixin) Selecting config fabric-api-lookup-api-v1.mixins.json
[15:32:03] [main/DEBUG] (FabricLoader/Mixin) Selecting config fabric-serialization-api-v1.mixins.json
[15:32:03] [main/DEBUG] (FabricLoader/Mixin) Selecting config fabric-crash-report-info-v1.mixins.json
[15:32:03] [main/DEBUG] (FabricLoader/Mixin) Selecting config fabric-resource-loader-v0.mixins.json
[15:32:03] [main/DEBUG] (FabricLoader/Mixin) Selecting config fabric-resource-loader-v0.client.mixins.json
[15:32:03] [main/DEBUG] (FabricLoader/Mixin) Selecting config fabric-tag-api-v1.mixins.json
[15:32:03] [main/DEBUG] (FabricLoader/Mixin) Selecting config fabric-command-api-v2.mixins.json
[15:32:03] [main/DEBUG] (FabricLoader/Mixin) Selecting config fabric-command-api-v2.client.mixins.json
[15:32:03] [main/DEBUG] (FabricLoader/Mixin) Selecting config fabric-data-generation-api-v1.mixins.json
[15:32:03] [main/DEBUG] (FabricLoader/Mixin) Selecting config fabric-data-generation-api-v1.client.mixins.json
[15:32:03] [main/DEBUG] (FabricLoader/Mixin) Selecting config fabric-loot-api-v2.mixins.json
[15:32:03] [main/DEBUG] (FabricLoader/Mixin) Selecting config fabric-screen-handler-api-v1.mixins.json
[15:32:03] [main/DEBUG] (FabricLoader/Mixin) Selecting config fabric-rendering-v1.mixins.json
[15:32:03] [main/DEBUG] (FabricLoader/Mixin) Selecting config fabric-screen-api-v1.mixins.json
[15:32:03] [main/DEBUG] (FabricLoader/Mixin) Selecting config fabric-resource-loader-v1.mixins.json
[15:32:03] [main/DEBUG] (FabricLoader/Mixin) Selecting config fabric-resource-loader-v1.client.mixins.json
[15:32:03] [main/DEBUG] (FabricLoader/Mixin) Selecting config fabric-registry-sync-v0.mixins.json
[15:32:03] [main/DEBUG] (FabricLoader/Mixin) Selecting config fabric-registry-sync-v0.client.mixins.json
[15:32:03] [main/DEBUG] (FabricLoader/Mixin) Selecting config fabric-item-group-api-v1.mixins.json
[15:32:03] [main/DEBUG] (FabricLoader/Mixin) Selecting config fabric-item-group-api-v1.client.mixins.json
[15:32:03] [main/DEBUG] (FabricLoader/Mixin) Selecting config fabric-message-api-v1.mixins.json
[15:32:03] [main/DEBUG] (FabricLoader/Mixin) Selecting config fabric-message-api-v1.client.mixins.json
[15:32:03] [main/DEBUG] (FabricLoader/Mixin) Selecting config architectury-common.mixins.json
[15:32:03] [main/DEBUG] (FabricLoader/Mixin) Remapping refMap architectury-common-refmap.json using remapper chain
[15:32:03] [main/DEBUG] (FabricLoader/Mixin) Selecting config architectury.mixins.json
[15:32:03] [main/DEBUG] (FabricLoader/Mixin) Remapping refMap architectury-fabric-refmap.json using remapper chain
[15:32:03] [main/DEBUG] (FabricLoader/Mixin) Selecting config fabric-renderer-api-v1.mixins.json
[15:32:03] [main/DEBUG] (FabricLoader/Mixin) Selecting config fabric-game-rule-api-v1.mixins.json
[15:32:03] [main/DEBUG] (FabricLoader/Mixin) Selecting config fabric-game-rule-api-v1.client.mixins.json
[15:32:03] [main/DEBUG] (FabricLoader/Mixin) Selecting config fabric-key-binding-api-v1.mixins.json
[15:32:03] [main/DEBUG] (FabricLoader/Mixin) Selecting config fabric-events-interaction-v0.mixins.json
[15:32:03] [main/DEBUG] (FabricLoader/Mixin) Selecting config fabric-events-interaction-v0.client.mixins.json
[15:32:03] [main/DEBUG] (FabricLoader/Mixin) Selecting config fabric-gametest-api-v1.mixins.json
[15:32:03] [main/DEBUG] (FabricLoader/Mixin) Selecting config fabric-object-builder-v1.mixins.json
[15:32:03] [main/DEBUG] (FabricLoader/Mixin) Selecting config fabric-object-builder-v1.client.mixins.json
[15:32:03] [main/DEBUG] (FabricLoader/Mixin) Selecting config fabric-client-gametest-api-v1.mixins.json
[15:32:03] [main/DEBUG] (FabricLoader/Mixin) Preparing fabric-data-attachment-api-v1.mixins.json (14)
[15:32:03] [main/DEBUG] (FabricLoader/Mixin) Preparing fabric-data-attachment-api-v1.client.mixins.json (1)
[15:32:03] [main/DEBUG] (FabricLoader/Mixin) Preparing fabric-networking-api-v1.mixins.json (21)
[15:32:03] [main/DEBUG] (FabricLoader/Mixin) @Mixin target net/minecraft/network/packet/CustomPayload$1 is public in fabric-networking-api-v1.mixins.json:CustomPayloadPacketCodecMixin from mod fabric-networking-api-v1 and should be specified in value
[15:32:03] [main/DEBUG] (FabricLoader/Mixin) @Mixin target net/minecraft/server/world/ServerChunkLoadingManager$EntityTracker is public in fabric-networking-api-v1.mixins.json:accessor.EntityTrackerAccessor from mod fabric-networking-api-v1 and should be specified in value
[15:32:03] [main/DEBUG] (FabricLoader/Mixin) Preparing fabric-networking-api-v1.client.mixins.json (9)
[15:32:03] [main/DEBUG] (FabricLoader/Mixin) Preparing fabric-rendering-fluids-v1.mixins.json (1)
[15:32:03] [main/DEBUG] (FabricLoader/Mixin) Preparing fabric-sound-api-v1.mixins.json (2)
[15:32:03] [main/DEBUG] (FabricLoader/Mixin) Preparing fabric-model-loading-api-v1.mixins.json (6)
[15:32:03] [main/DEBUG] (FabricLoader/Mixin) Preparing fabric-transfer-api-v1.mixins.json (17)
[15:32:03] [main/DEBUG] (FabricLoader/Mixin) Preparing fabric-dimensions-v1.mixins.json (4)
[15:32:03] [main/DEBUG] (FabricLoader/Mixin) Preparing fabric-renderer-indigo.mixins.json (8)
[15:32:03] [main/DEBUG] (FabricLoader/Mixin) Preparing fabric-loot-api-v3.mixins.json (8)
[15:32:03] [main/DEBUG] (FabricLoader/Mixin) Preparing fabric-resource-conditions-api-v1.mixins.json (7)
[15:32:03] [main/DEBUG] (FabricLoader/Mixin) Preparing fabric-item-api-v1.mixins.json (17)
[15:32:03] [main/DEBUG] (FabricLoader/Mixin) Preparing fabric-item-api-v1.client.mixins.json (3)
[15:32:03] [main/DEBUG] (FabricLoader/Mixin) Preparing mixinextras.init.mixins.json (0)
[15:32:03] [main/DEBUG] (FabricLoader/Mixin) Preparing fabric-block-view-api-v2.mixins.json (3)
[15:32:03] [main/DEBUG] (FabricLoader/Mixin) Preparing fabric-block-view-api-v2.client.mixins.json (3)
[15:32:03] [main/DEBUG] (FabricLoader/Mixin) Preparing fabric-entity-events-v1.mixins.json (7)
[15:32:03] [main/DEBUG] (FabricLoader/Mixin) Preparing fabric-content-registries-v0.mixins.json (18)
[15:32:03] [main/DEBUG] (FabricLoader/Mixin) Preparing fabric-convention-tags-api-v2.mixins.json (1)
[15:32:03] [main/DEBUG] (FabricLoader/Mixin) Preparing fabric-biome-api-v1.mixins.json (9)
[15:32:03] [main/DEBUG] (FabricLoader/Mixin) @Mixin target net/minecraft/world/biome/source/MultiNoiseBiomeSourceParameterList$Preset$1 is public in fabric-biome-api-v1.mixins.json:NetherBiomePresetMixin from mod fabric-biome-api-v1 and should be specified in value
[15:32:03] [main/DEBUG] (FabricLoader/Mixin) Preparing reload_server_list.mixins.json (1)
[15:32:03] [main/DEBUG] (FabricLoader/Mixin) Preparing fabric-recipe-api-v1.mixins.json (5)
[15:32:03] [main/DEBUG] (FabricLoader/Mixin) Preparing fabric-particles-v1.mixins.json (8)
[15:32:03] [main/DEBUG] (FabricLoader/Mixin) Preparing fabric-particles-v1.client.mixins.json (4)
[15:32:03] [main/DEBUG] (FabricLoader/Mixin) Preparing fabric-block-api-v1.mixins.json (5)
[15:32:03] [main/DEBUG] (FabricLoader/Mixin) @Mixin target net/minecraft/world/chunk/ChunkSection$BlockStateCounter is public in fabric-block-api-v1.mixins.json:ChunkSectionBlockStateCounterMixin from mod fabric-block-api-v1 and should be specified in value
[15:32:03] [main/DEBUG] (FabricLoader/Mixin) Preparing fabric-lifecycle-events-v1.mixins.json (11)
[15:32:03] [main/DEBUG] (FabricLoader/Mixin) @Mixin target net/minecraft/server/world/ServerWorld$ServerEntityHandler is public in fabric-lifecycle-events-v1.mixins.json:ServerWorldServerEntityHandlerMixin from mod fabric-lifecycle-events-v1 and should be specified in value
[15:32:03] [main/DEBUG] (FabricLoader/Mixin) Preparing fabric-lifecycle-events-v1.client.mixins.json (7)
[15:32:03] [main/DEBUG] (FabricLoader/Mixin) @Mixin target net/minecraft/client/world/ClientWorld$ClientEntityHandler is public in fabric-lifecycle-events-v1.client.mixins.json:ClientWorldClientEntityHandlerMixin from mod fabric-lifecycle-events-v1 and should be specified in value
[15:32:03] [main/DEBUG] (FabricLoader/Mixin) Preparing fabric-api-lookup-api-v1.mixins.json (2)
[15:32:03] [main/DEBUG] (FabricLoader/Mixin) Preparing fabric-serialization-api-v1.mixins.json (4)
[15:32:03] [main/DEBUG] (FabricLoader/Mixin) Preparing fabric-crash-report-info-v1.mixins.json (2)
[15:32:03] [main/DEBUG] (FabricLoader/Mixin) Preparing fabric-resource-loader-v0.mixins.json (11)
[15:32:03] [main/DEBUG] (FabricLoader/Mixin) Preparing fabric-resource-loader-v0.client.mixins.json (6)
[15:32:03] [main/DEBUG] (FabricLoader/Mixin) @Mixin target net/minecraft/client/option/GameOptions$3 is public in fabric-resource-loader-v0.client.mixins.json:GameOptionsWriteVisitorMixin from mod fabric-resource-loader-v0 and should be specified in value
[15:32:03] [main/DEBUG] (FabricLoader/Mixin) Preparing fabric-tag-api-v1.mixins.json (5)
[15:32:03] [main/DEBUG] (FabricLoader/Mixin) @Mixin target net/minecraft/registry/SimpleRegistry$2 is public in fabric-tag-api-v1.mixins.json:SimpleRegistry2Mixin from mod fabric-tag-api-v1 and should be specified in value
[15:32:03] [main/DEBUG] (FabricLoader/Mixin) @Mixin target net/minecraft/registry/SimpleRegistry$3 is public in fabric-tag-api-v1.mixins.json:SimpleRegistry3Mixin from mod fabric-tag-api-v1 and should be specified in value
[15:32:03] [main/DEBUG] (FabricLoader/Mixin) @Mixin target net/minecraft/registry/SimpleRegistry$TagLookup$2 is public in fabric-tag-api-v1.mixins.json:SimpleRegistryTagLookup2Accessor from mod fabric-tag-api-v1 and should be specified in value
[15:32:03] [main/DEBUG] (FabricLoader/Mixin) Preparing fabric-command-api-v2.mixins.json (6)
[15:32:03] [main/DEBUG] (FabricLoader/Mixin) Preparing fabric-command-api-v2.client.mixins.json (2)
[15:32:03] [main/DEBUG] (FabricLoader/Mixin) Preparing fabric-data-generation-api-v1.mixins.json (17)
[15:32:03] [main/DEBUG] (FabricLoader/Mixin) @Mixin target net/minecraft/data/DataCache$CachedData is public in fabric-data-generation-api-v1.mixins.json:DataCacheCachedDataMixin from mod fabric-data-generation-api-v1 and should be specified in value
[15:32:03] [main/DEBUG] (FabricLoader/Mixin) @Mixin target net/minecraft/data/tag/ProvidedTagBuilder$1 is public in fabric-data-generation-api-v1.mixins.json:ProvidedTagBuilderMixin$ProvidedTagBuilder1Mixin from mod fabric-data-generation-api-v1 and should be specified in value
[15:32:03] [main/DEBUG] (FabricLoader/Mixin) @Mixin target net/minecraft/data/tag/ProvidedTagBuilder$2 is public in fabric-data-generation-api-v1.mixins.json:ProvidedTagBuilderMixin$ProvidedTagBuilder2Mixin from mod fabric-data-generation-api-v1 and should be specified in value
[15:32:03] [main/DEBUG] (FabricLoader/Mixin) Preparing fabric-data-generation-api-v1.client.mixins.json (4)
[15:32:03] [main/DEBUG] (FabricLoader/Mixin) Preparing fabric-loot-api-v2.mixins.json (2)
[15:32:03] [main/DEBUG] (FabricLoader/Mixin) Preparing fabric-screen-handler-api-v1.mixins.json (2)
[15:32:03] [main/DEBUG] (FabricLoader/Mixin) Preparing fabric-rendering-v1.mixins.json (34)
[15:32:03] [main/DEBUG] (FabricLoader/Mixin) @Mixin target net/minecraft/client/gui/screen/DebugOptionsScreen$Entry is public in fabric-rendering-v1.mixins.json:DebugOptionsScreenEntryMixin from mod fabric-rendering-v1 and should be specified in value
[15:32:03] [main/DEBUG] (FabricLoader/Mixin) @Mixin target net/minecraft/client/gui/render/GuiRenderer$Draw is public in fabric-rendering-v1.mixins.json:DrawAccessor from mod fabric-rendering-v1 and should be specified in value
[15:32:03] [main/DEBUG] (FabricLoader/Mixin) Preparing fabric-screen-api-v1.mixins.json (7)
[15:32:03] [main/DEBUG] (FabricLoader/Mixin) Preparing fabric-resource-loader-v1.mixins.json (5)
[15:32:03] [main/DEBUG] (FabricLoader/Mixin) Preparing fabric-resource-loader-v1.client.mixins.json (1)
[15:32:03] [main/DEBUG] (FabricLoader/Mixin) Preparing fabric-registry-sync-v0.mixins.json (16)
[15:32:03] [main/DEBUG] (FabricLoader/Mixin) Preparing fabric-registry-sync-v0.client.mixins.json (5)
[15:32:03] [main/DEBUG] (FabricLoader/Mixin) @Mixin target net/minecraft/client/network/ClientRegistries$DynamicRegistries is public in fabric-registry-sync-v0.client.mixins.json:ClientRegistriesDynamicRegistriesAccessor from mod fabric-registry-sync-v0 and should be specified in value
[15:32:03] [main/DEBUG] (FabricLoader/Mixin) Preparing fabric-item-group-api-v1.mixins.json (3)
[15:32:03] [main/DEBUG] (FabricLoader/Mixin) Preparing fabric-item-group-api-v1.client.mixins.json (1)
[15:32:03] [main/DEBUG] (FabricLoader/Mixin) Preparing fabric-message-api-v1.mixins.json (2)
[15:32:03] [main/DEBUG] (FabricLoader/Mixin) Preparing fabric-message-api-v1.client.mixins.json (2)
[15:32:03] [main/DEBUG] (FabricLoader/Mixin) Preparing architectury-common.mixins.json (8)
[15:32:03] [main/DEBUG] (FabricLoader/Mixin) Preparing architectury.mixins.json (49)
[15:32:03] [main/DEBUG] (FabricLoader/Mixin) Preparing fabric-renderer-api-v1.mixins.json (27)
[15:32:03] [main/DEBUG] (FabricLoader/Mixin) @Mixin target net/minecraft/client/render/model/BakedModelManager$1 is public in fabric-renderer-api-v1.mixins.json:client.sprite.BakedModelManager1Mixin from mod fabric-renderer-api-v1 and should be specified in value
[15:32:03] [main/DEBUG] (FabricLoader/Mixin) Preparing fabric-game-rule-api-v1.mixins.json (7)
[15:32:03] [main/DEBUG] (FabricLoader/Mixin) @Mixin target net/minecraft/server/command/GameRuleCommand$1 is public in fabric-game-rule-api-v1.mixins.json:GameRuleCommandVisitorMixin from mod fabric-game-rule-api-v1 and should be specified in value
[15:32:03] [main/DEBUG] (FabricLoader/Mixin) Preparing fabric-game-rule-api-v1.client.mixins.json (3)
[15:32:03] [main/DEBUG] (FabricLoader/Mixin) @Mixin target net/minecraft/client/gui/screen/world/EditGameRulesScreen$RuleListWidget$1 is public in fabric-game-rule-api-v1.client.mixins.json:RuleListWidgetVisitorMixin from mod fabric-game-rule-api-v1 and should be specified in value
[15:32:03] [main/DEBUG] (FabricLoader/Mixin) Preparing fabric-key-binding-api-v1.mixins.json (3)
[15:32:03] [main/DEBUG] (FabricLoader/Mixin) Preparing fabric-events-interaction-v0.mixins.json (5)
[15:32:03] [main/DEBUG] (FabricLoader/Mixin) @Mixin target net/minecraft/server/network/ServerPlayNetworkHandler$1 is public in fabric-events-interaction-v0.mixins.json:ServerPlayNetworkHandlerInteractEntityHandlerMixin from mod fabric-events-interaction-v0 and should be specified in value
[15:32:03] [main/DEBUG] (FabricLoader/Mixin) Preparing fabric-events-interaction-v0.client.mixins.json (3)
[15:32:03] [main/DEBUG] (FabricLoader/Mixin) Preparing fabric-gametest-api-v1.mixins.json (4)
[15:32:03] [main/DEBUG] (FabricLoader/Mixin) Preparing fabric-object-builder-v1.mixins.json (10)
[15:32:03] [main/DEBUG] (FabricLoader/Mixin) Preparing fabric-object-builder-v1.client.mixins.json (4)
[15:32:03] [main/DEBUG] (FabricLoader/Mixin) Preparing fabric-client-gametest-api-v1.mixins.json (25)
[15:32:03] [main/DEBUG] (FabricLoader/Mixin) Inner class net/fabricmc/fabric/mixin/transfer/ChiseledBookshelfBlockEntityMixin$1 in net/fabricmc/fabric/mixin/transfer/ChiseledBookshelfBlockEntityMixin on net/minecraft/block/entity/ChiseledBookshelfBlockEntity gets unique name net/minecraft/block/entity/ChiseledBookshelfBlockEntity$Anonymous$74e393b370c746fc9e389977db94e023
[15:32:03] [main/DEBUG] (FabricLoader/Mixin) Inner class net/fabricmc/fabric/mixin/itemgroup/ItemGroupsMixin$1ItemGroupPosition in net/fabricmc/fabric/mixin/itemgroup/ItemGroupsMixin on net/minecraft/item/ItemGroups gets unique name net/minecraft/item/ItemGroups$1ItemGroupPosition$8f7a2907ba4b4bde929d2aa75bfafc64
[15:32:03] [main/DEBUG] (FabricLoader/Mixin) Inner class net/fabricmc/fabric/mixin/renderer/client/block/model/MultipartBlockStateModelMixin$1Key in net/fabricmc/fabric/mixin/renderer/client/block/model/MultipartBlockStateModelMixin on net/minecraft/client/render/model/MultipartBlockStateModel gets unique name net/minecraft/client/render/model/MultipartBlockStateModel$1Key$6ec6a88c06b649e49403d4ce0a53e1fa
[15:32:03] [main/DEBUG] (FabricLoader/Mixin) Prepared 458 mixins in 0.539 sec (1.2ms avg) (0ms load, 0ms transform, 0ms plugin)
[15:32:03] [main/DEBUG] (io.netty.util.internal.logging.InternalLoggerFactory) Using SLF4J as the default logging framework
[15:32:03] [main/DEBUG] (io.netty.util.ResourceLeakDetector) -Dio.netty.leakDetection.level: simple
[15:32:03] [main/DEBUG] (io.netty.util.ResourceLeakDetector) -Dio.netty.leakDetection.targetRecords: 4
[15:32:03] [main/INFO] (FabricLoader/MixinExtras|Service) Initializing MixinExtras via com.llamalad7.mixinextras.service.MixinExtrasServiceImpl(version=0.5.0).
[15:32:03] [main/DEBUG] (FabricLoader/Mixin) Registering new injector for @SugarWrapper with com.llamalad7.mixinextras.sugar.impl.SugarWrapperInjectionInfo
[15:32:03] [main/DEBUG] (FabricLoader/Mixin) Registering new injector for @FactoryRedirectWrapper with com.llamalad7.mixinextras.wrapper.factory.FactoryRedirectWrapperInjectionInfo
[15:32:03] [main/DEBUG] (FabricLoader/Mixin) Registering new injector for @ExpressionInjectorWrapper with com.llamalad7.mixinextras.expression.impl.wrapper.ExpressionInjectorWrapperInjectionInfo
[15:32:04] [main/DEBUG] (FabricLoader/Mixin) Mixing TaggedChoiceMixin from fabric-dimensions-v1.mixins.json into com.mojang.datafixers.types.templates.TaggedChoice
[15:32:04] [main/DEBUG] (FabricLoader/Mixin) fabric-dimensions-v1.mixins.json:TaggedChoiceMixin from mod fabric-dimensions-v1->@Inject::onApply(Lcom/mojang/datafixers/util/Pair;Lorg/spongepowered/asm/mixin/injection/callback/CallbackInfoReturnable;)V does use it's CallbackInfoReturnable
[15:32:04] [main/DEBUG] (FabricLoader/Mixin) Mixing TaggedChoiceTaggedChoiceTypeMixin from fabric-dimensions-v1.mixins.json into com.mojang.datafixers.types.templates.TaggedChoice$TaggedChoiceType
[15:32:04] [main/DEBUG] (FabricLoader/Mixin) fabric-dimensions-v1.mixins.json:TaggedChoiceTaggedChoiceTypeMixin from mod fabric-dimensions-v1->@Inject::onGetCodec(Ljava/lang/Object;Lorg/spongepowered/asm/mixin/injection/callback/CallbackInfoReturnable;)V does use it's CallbackInfoReturnable
[15:32:04] [main/DEBUG] (FabricLoader/Mixin) Mixing Schema2832Mixin from fabric-dimensions-v1.mixins.json into net.minecraft.datafixer.schema.Schema2832
[15:32:04] [main/DEBUG] (FabricLoader/Mixin) Mixing SystemDetailsMixin from fabric-crash-report-info-v1.mixins.json into net.minecraft.util.SystemDetails
[15:32:04] [main/DEBUG] (FabricLoader/Mixin) Renaming synthetic method lambda$appendMods$1(Lnet/fabricmc/loader/api/ModContainer;)Ljava/lang/String; to md26369a$fabric-crash-report-info-v1$lambda$appendMods$1$0 in fabric-crash-report-info-v1.mixins.json:SystemDetailsMixin from mod fabric-crash-report-info-v1
[15:32:04] [main/DEBUG] (FabricLoader/Mixin) Renaming synthetic method lambda$fillSystemDetails$0()Ljava/lang/String; to md26369a$fabric-crash-report-info-v1$lambda$fillSystemDetails$0$1 in fabric-crash-report-info-v1.mixins.json:SystemDetailsMixin from mod fabric-crash-report-info-v1
[15:32:04] [main/DEBUG] (FabricLoader/Mixin) fabric-crash-report-info-v1.mixins.json:SystemDetailsMixin from mod fabric-crash-report-info-v1->@Inject::fillSystemDetails(Lorg/spongepowered/asm/mixin/injection/callback/CallbackInfo;)V doesn't use it's CallbackInfo
[15:32:04] [main/DEBUG] (FabricLoader/Mixin) fabric-crash-report-info-v1.mixins.json:SystemDetailsMixin from mod fabric-crash-report-info-v1->@Inject::fillSystemDetails(Lorg/spongepowered/asm/mixin/injection/callback/CallbackInfo;)V has 0 override(s) in child classes
[15:32:04] [main/DEBUG] (FabricLoader/Mixin) fabric-crash-report-info-v1.mixins.json:SystemDetailsMixin from mod fabric-crash-report-info-v1->@Inject::fillSystemDetails(Lorg/spongepowered/asm/mixin/injection/callback/CallbackInfo;)V won't be passed a CallbackInfo as a result
[15:32:04] [main/DEBUG] (oshi.util.FileUtil) Reading file /proc/self/auxv
[15:32:04] [main/DEBUG] (oshi.util.FileUtil) Reading file /proc/self/auxv
[15:32:04] [main/DEBUG] (oshi.util.FileUtil) Reading file /proc/stat
[15:32:04] [main/DEBUG] (oshi.util.FileUtil) Reading file /sys/devices/system/cpu/cpu0/topology/core_id
[15:32:04] [main/DEBUG] (oshi.util.FileUtil) Reading file /sys/devices/system/cpu/cpu0/topology/core_id
[15:32:04] [main/DEBUG] (oshi.util.FileUtil) Reading file /sys/devices/system/cpu/cpu0/topology/physical_package_id
[15:32:04] [main/DEBUG] (oshi.util.FileUtil) Reading file /sys/devices/system/cpu/cpu0/topology/physical_package_id
[15:32:04] [main/DEBUG] (oshi.util.FileUtil) Reading file /sys/devices/system/cpu/cpu0/cpu_capacity
[15:32:04] [main/DEBUG] (oshi.util.FileUtil) Reading file /sys/devices/system/cpu/cpu0/cache/index2/level
[15:32:04] [main/DEBUG] (oshi.util.FileUtil) Reading file /sys/devices/system/cpu/cpu0/cache/index2/level
[15:32:04] [main/DEBUG] (oshi.util.FileUtil) Reading file /sys/devices/system/cpu/cpu0/cache/index2/type
[15:32:04] [main/DEBUG] (oshi.util.FileUtil) Reading file /sys/devices/system/cpu/cpu0/cache/index2/type
[15:32:04] [main/DEBUG] (oshi.util.FileUtil) Reading file /sys/devices/system/cpu/cpu0/cache/index2/ways_of_associativity
[15:32:04] [main/DEBUG] (oshi.util.FileUtil) Reading file /sys/devices/system/cpu/cpu0/cache/index2/ways_of_associativity
[15:32:04] [main/DEBUG] (oshi.util.FileUtil) Reading file /sys/devices/system/cpu/cpu0/cache/index2/coherency_line_size
[15:32:04] [main/DEBUG] (oshi.util.FileUtil) Reading file /sys/devices/system/cpu/cpu0/cache/index2/coherency_line_size
[15:32:04] [main/DEBUG] (oshi.util.FileUtil) Reading file /sys/devices/system/cpu/cpu0/cache/index2/size
[15:32:04] [main/DEBUG] (oshi.util.FileUtil) Reading file /sys/devices/system/cpu/cpu0/cache/index2/size
[15:32:04] [main/DEBUG] (oshi.util.FileUtil) Reading file /sys/devices/system/cpu/cpu0/cache/index0/level
[15:32:04] [main/DEBUG] (oshi.util.FileUtil) Reading file /sys/devices/system/cpu/cpu0/cache/index0/level
[15:32:04] [main/DEBUG] (oshi.util.FileUtil) Reading file /sys/devices/system/cpu/cpu0/cache/index0/type
[15:32:04] [main/DEBUG] (oshi.util.FileUtil) Reading file /sys/devices/system/cpu/cpu0/cache/index0/type
[15:32:04] [main/DEBUG] (oshi.util.FileUtil) Reading file /sys/devices/system/cpu/cpu0/cache/index0/ways_of_associativity
[15:32:04] [main/DEBUG] (oshi.util.FileUtil) Reading file /sys/devices/system/cpu/cpu0/cache/index0/ways_of_associativity
[15:32:04] [main/DEBUG] (oshi.util.FileUtil) Reading file /sys/devices/system/cpu/cpu0/cache/index0/coherency_line_size
[15:32:04] [main/DEBUG] (oshi.util.FileUtil) Reading file /sys/devices/system/cpu/cpu0/cache/index0/coherency_line_size
[15:32:04] [main/DEBUG] (oshi.util.FileUtil) Reading file /sys/devices/system/cpu/cpu0/cache/index0/size
[15:32:04] [main/DEBUG] (oshi.util.FileUtil) Reading file /sys/devices/system/cpu/cpu0/cache/index0/size
[15:32:04] [main/DEBUG] (oshi.util.FileUtil) Reading file /sys/devices/system/cpu/cpu0/cache/index3/level
[15:32:04] [main/DEBUG] (oshi.util.FileUtil) Reading file /sys/devices/system/cpu/cpu0/cache/index3/level
[15:32:04] [main/DEBUG] (oshi.util.FileUtil) Reading file /sys/devices/system/cpu/cpu0/cache/index3/type
[15:32:04] [main/DEBUG] (oshi.util.FileUtil) Reading file /sys/devices/system/cpu/cpu0/cache/index3/type
[15:32:04] [main/DEBUG] (oshi.util.FileUtil) Reading file /sys/devices/system/cpu/cpu0/cache/index3/ways_of_associativity
[15:32:04] [main/DEBUG] (oshi.util.FileUtil) Reading file /sys/devices/system/cpu/cpu0/cache/index3/ways_of_associativity
[15:32:04] [main/DEBUG] (oshi.util.FileUtil) Reading file /sys/devices/system/cpu/cpu0/cache/index3/coherency_line_size
[15:32:04] [main/DEBUG] (oshi.util.FileUtil) Reading file /sys/devices/system/cpu/cpu0/cache/index3/coherency_line_size
[15:32:04] [main/DEBUG] (oshi.util.FileUtil) Reading file /sys/devices/system/cpu/cpu0/cache/index3/size
[15:32:04] [main/DEBUG] (oshi.util.FileUtil) Reading file /sys/devices/system/cpu/cpu0/cache/index3/size
[15:32:04] [main/DEBUG] (oshi.util.FileUtil) Reading file /sys/devices/system/cpu/cpu0/cache/index1/level
[15:32:04] [main/DEBUG] (oshi.util.FileUtil) Reading file /sys/devices/system/cpu/cpu0/cache/index1/level
[15:32:04] [main/DEBUG] (oshi.util.FileUtil) Reading file /sys/devices/system/cpu/cpu0/cache/index1/type
[15:32:04] [main/DEBUG] (oshi.util.FileUtil) Reading file /sys/devices/system/cpu/cpu0/cache/index1/type
[15:32:04] [main/DEBUG] (oshi.util.FileUtil) Reading file /sys/devices/system/cpu/cpu0/cache/index1/ways_of_associativity
[15:32:04] [main/DEBUG] (oshi.util.FileUtil) Reading file /sys/devices/system/cpu/cpu0/cache/index1/ways_of_associativity
[15:32:04] [main/DEBUG] (oshi.util.FileUtil) Reading file /sys/devices/system/cpu/cpu0/cache/index1/coherency_line_size
[15:32:04] [main/DEBUG] (oshi.util.FileUtil) Reading file /sys/devices/system/cpu/cpu0/cache/index1/coherency_line_size
[15:32:04] [main/DEBUG] (oshi.util.FileUtil) Reading file /sys/devices/system/cpu/cpu0/cache/index1/size
[15:32:04] [main/DEBUG] (oshi.util.FileUtil) Reading file /sys/devices/system/cpu/cpu0/cache/index1/size
[15:32:04] [main/DEBUG] (oshi.util.FileUtil) Reading file /sys/devices/system/cpu/cpu1/topology/core_id
[15:32:04] [main/DEBUG] (oshi.util.FileUtil) Reading file /sys/devices/system/cpu/cpu1/topology/core_id
[15:32:04] [main/DEBUG] (oshi.util.FileUtil) Reading file /sys/devices/system/cpu/cpu1/topology/physical_package_id
[15:32:04] [main/DEBUG] (oshi.util.FileUtil) Reading file /sys/devices/system/cpu/cpu1/topology/physical_package_id
[15:32:04] [main/DEBUG] (oshi.util.FileUtil) Reading file /sys/devices/system/cpu/cpu1/cpu_capacity
[15:32:04] [main/DEBUG] (oshi.util.FileUtil) Reading file /sys/devices/system/cpu/cpu1/cache/index2/level
[15:32:04] [main/DEBUG] (oshi.util.FileUtil) Reading file /sys/devices/system/cpu/cpu1/cache/index2/level
[15:32:04] [main/DEBUG] (oshi.util.FileUtil) Reading file /sys/devices/system/cpu/cpu1/cache/index2/type
[15:32:04] [main/DEBUG] (oshi.util.FileUtil) Reading file /sys/devices/system/cpu/cpu1/cache/index2/type
[15:32:04] [main/DEBUG] (oshi.util.FileUtil) Reading file /sys/devices/system/cpu/cpu1/cache/index2/ways_of_associativity
[15:32:04] [main/DEBUG] (oshi.util.FileUtil) Reading file /sys/devices/system/cpu/cpu1/cache/index2/ways_of_associativity
[15:32:04] [main/DEBUG] (oshi.util.FileUtil) Reading file /sys/devices/system/cpu/cpu1/cache/index2/coherency_line_size
[15:32:04] [main/DEBUG] (oshi.util.FileUtil) Reading file /sys/devices/system/cpu/cpu1/cache/index2/coherency_line_size
[15:32:04] [main/DEBUG] (oshi.util.FileUtil) Reading file /sys/devices/system/cpu/cpu1/cache/index2/size
[15:32:04] [main/DEBUG] (oshi.util.FileUtil) Reading file /sys/devices/system/cpu/cpu1/cache/index2/size
[15:32:04] [main/DEBUG] (oshi.util.FileUtil) Reading file /sys/devices/system/cpu/cpu1/cache/index0/level
[15:32:04] [main/DEBUG] (oshi.util.FileUtil) Reading file /sys/devices/system/cpu/cpu1/cache/index0/level
[15:32:04] [main/DEBUG] (oshi.util.FileUtil) Reading file /sys/devices/system/cpu/cpu1/cache/index0/type
[15:32:04] [main/DEBUG] (oshi.util.FileUtil) Reading file /sys/devices/system/cpu/cpu1/cache/index0/type
[15:32:04] [main/DEBUG] (oshi.util.FileUtil) Reading file /sys/devices/system/cpu/cpu1/cache/index0/ways_of_associativity
[15:32:04] [main/DEBUG] (oshi.util.FileUtil) Reading file /sys/devices/system/cpu/cpu1/cache/index0/ways_of_associativity
[15:32:04] [main/DEBUG] (oshi.util.FileUtil) Reading file /sys/devices/system/cpu/cpu1/cache/index0/coherency_line_size
[15:32:04] [main/DEBUG] (oshi.util.FileUtil) Reading file /sys/devices/system/cpu/cpu1/cache/index0/coherency_line_size
[15:32:04] [main/DEBUG] (oshi.util.FileUtil) Reading file /sys/devices/system/cpu/cpu1/cache/index0/size
[15:32:04] [main/DEBUG] (oshi.util.FileUtil) Reading file /sys/devices/system/cpu/cpu1/cache/index0/size
[15:32:04] [main/DEBUG] (oshi.util.FileUtil) Reading file /sys/devices/system/cpu/cpu1/cache/index3/level
[15:32:04] [main/DEBUG] (oshi.util.FileUtil) Reading file /sys/devices/system/cpu/cpu1/cache/index3/level
[15:32:04] [main/DEBUG] (oshi.util.FileUtil) Reading file /sys/devices/system/cpu/cpu1/cache/index3/type
[15:32:04] [main/DEBUG] (oshi.util.FileUtil) Reading file /sys/devices/system/cpu/cpu1/cache/index3/type
[15:32:04] [main/DEBUG] (oshi.util.FileUtil) Reading file /sys/devices/system/cpu/cpu1/cache/index3/ways_of_associativity
[15:32:04] [main/DEBUG] (oshi.util.FileUtil) Reading file /sys/devices/system/cpu/cpu1/cache/index3/ways_of_associativity
[15:32:04] [main/DEBUG] (oshi.util.FileUtil) Reading file /sys/devices/system/cpu/cpu1/cache/index3/coherency_line_size
[15:32:04] [main/DEBUG] (oshi.util.FileUtil) Reading file /sys/devices/system/cpu/cpu1/cache/index3/coherency_line_size
[15:32:04] [main/DEBUG] (oshi.util.FileUtil) Reading file /sys/devices/system/cpu/cpu1/cache/index3/size
[15:32:04] [main/DEBUG] (oshi.util.FileUtil) Reading file /sys/devices/system/cpu/cpu1/cache/index3/size
[15:32:04] [main/DEBUG] (oshi.util.FileUtil) Reading file /sys/devices/system/cpu/cpu1/cache/index1/level
[15:32:04] [main/DEBUG] (oshi.util.FileUtil) Reading file /sys/devices/system/cpu/cpu1/cache/index1/level
[15:32:04] [main/DEBUG] (oshi.util.FileUtil) Reading file /sys/devices/system/cpu/cpu1/cache/index1/type
[15:32:04] [main/DEBUG] (oshi.util.FileUtil) Reading file /sys/devices/system/cpu/cpu1/cache/index1/type
[15:32:04] [main/DEBUG] (oshi.util.FileUtil) Reading file /sys/devices/system/cpu/cpu1/cache/index1/ways_of_associativity
[15:32:04] [main/DEBUG] (oshi.util.FileUtil) Reading file /sys/devices/system/cpu/cpu1/cache/index1/ways_of_associativity
[15:32:04] [main/DEBUG] (oshi.util.FileUtil) Reading file /sys/devices/system/cpu/cpu1/cache/index1/coherency_line_size
[15:32:04] [main/DEBUG] (oshi.util.FileUtil) Reading file /sys/devices/system/cpu/cpu1/cache/index1/coherency_line_size
[15:32:04] [main/DEBUG] (oshi.util.FileUtil) Reading file /sys/devices/system/cpu/cpu1/cache/index1/size
[15:32:04] [main/DEBUG] (oshi.util.FileUtil) Reading file /sys/devices/system/cpu/cpu1/cache/index1/size
[15:32:04] [main/DEBUG] (oshi.util.FileUtil) Reading file /sys/devices/system/cpu/cpu10/topology/core_id
[15:32:04] [main/DEBUG] (oshi.util.FileUtil) Reading file /sys/devices/system/cpu/cpu10/topology/core_id
[15:32:04] [main/DEBUG] (oshi.util.FileUtil) Reading file /sys/devices/system/cpu/cpu10/topology/physical_package_id
[15:32:04] [main/DEBUG] (oshi.util.FileUtil) Reading file /sys/devices/system/cpu/cpu10/topology/physical_package_id
[15:32:04] [main/DEBUG] (oshi.util.FileUtil) Reading file /sys/devices/system/cpu/cpu10/cpu_capacity
[15:32:04] [main/DEBUG] (oshi.util.FileUtil) Reading file /sys/devices/system/cpu/cpu10/cache/index2/level
[15:32:04] [main/DEBUG] (oshi.util.FileUtil) Reading file /sys/devices/system/cpu/cpu10/cache/index2/level
[15:32:04] [main/DEBUG] (oshi.util.FileUtil) Reading file /sys/devices/system/cpu/cpu10/cache/index2/type
[15:32:04] [main/DEBUG] (oshi.util.FileUtil) Reading file /sys/devices/system/cpu/cpu10/cache/index2/type
[15:32:04] [main/DEBUG] (oshi.util.FileUtil) Reading file /sys/devices/system/cpu/cpu10/cache/index2/ways_of_associativity
[15:32:04] [main/DEBUG] (oshi.util.FileUtil) Reading file /sys/devices/system/cpu/cpu10/cache/index2/ways_of_associativity
[15:32:04] [main/DEBUG] (oshi.util.FileUtil) Reading file /sys/devices/system/cpu/cpu10/cache/index2/coherency_line_size
[15:32:04] [main/DEBUG] (oshi.util.FileUtil) Reading file /sys/devices/system/cpu/cpu10/cache/index2/coherency_line_size
[15:32:04] [main/DEBUG] (oshi.util.FileUtil) Reading file /sys/devices/system/cpu/cpu10/cache/index2/size
[15:32:04] [main/DEBUG] (oshi.util.FileUtil) Reading file /sys/devices/system/cpu/cpu10/cache/index2/size
[15:32:04] [main/DEBUG] (oshi.util.FileUtil) Reading file /sys/devices/system/cpu/cpu10/cache/index0/level
[15:32:04] [main/DEBUG] (oshi.util.FileUtil) Reading file /sys/devices/system/cpu/cpu10/cache/index0/level
[15:32:04] [main/DEBUG] (oshi.util.FileUtil) Reading file /sys/devices/system/cpu/cpu10/cache/index0/type
[15:32:04] [main/DEBUG] (oshi.util.FileUtil) Reading file /sys/devices/system/cpu/cpu10/cache/index0/type
[15:32:04] [main/DEBUG] (oshi.util.FileUtil) Reading file /sys/devices/system/cpu/cpu10/cache/index0/ways_of_associativity
[15:32:04] [main/DEBUG] (oshi.util.FileUtil) Reading file /sys/devices/system/cpu/cpu10/cache/index0/ways_of_associativity
[15:32:04] [main/DEBUG] (oshi.util.FileUtil) Reading file /sys/devices/system/cpu/cpu10/cache/index0/coherency_line_size
[15:32:04] [main/DEBUG] (oshi.util.FileUtil) Reading file /sys/devices/system/cpu/cpu10/cache/index0/coherency_line_size
[15:32:04] [main/DEBUG] (oshi.util.FileUtil) Reading file /sys/devices/system/cpu/cpu10/cache/index0/size
[15:32:04] [main/DEBUG] (oshi.util.FileUtil) Reading file /sys/devices/system/cpu/cpu10/cache/index0/size
[15:32:04] [main/DEBUG] (oshi.util.FileUtil) Reading file /sys/devices/system/cpu/cpu10/cache/index3/level
[15:32:04] [main/DEBUG] (oshi.util.FileUtil) Reading file /sys/devices/system/cpu/cpu10/cache/index3/level
[15:32:04] [main/DEBUG] (oshi.util.FileUtil) Reading file /sys/devices/system/cpu/cpu10/cache/index3/type
[15:32:04] [main/DEBUG] (oshi.util.FileUtil) Reading file /sys/devices/system/cpu/cpu10/cache/index3/type
[15:32:04] [main/DEBUG] (oshi.util.FileUtil) Reading file /sys/devices/system/cpu/cpu10/cache/index3/ways_of_associativity
[15:32:04] [main/DEBUG] (oshi.util.FileUtil) Reading file /sys/devices/system/cpu/cpu10/cache/index3/ways_of_associativity
[15:32:04] [main/DEBUG] (oshi.util.FileUtil) Reading file /sys/devices/system/cpu/cpu10/cache/index3/coherency_line_size
[15:32:04] [main/DEBUG] (oshi.util.FileUtil) Reading file /sys/devices/system/cpu/cpu10/cache/index3/coherency_line_size
[15:32:04] [main/DEBUG] (oshi.util.FileUtil) Reading file /sys/devices/system/cpu/cpu10/cache/index3/size
[15:32:04] [main/DEBUG] (oshi.util.FileUtil) Reading file /sys/devices/system/cpu/cpu10/cache/index3/size
[15:32:04] [main/DEBUG] (oshi.util.FileUtil) Reading file /sys/devices/system/cpu/cpu10/cache/index1/level
[15:32:04] [main/DEBUG] (oshi.util.FileUtil) Reading file /sys/devices/system/cpu/cpu10/cache/index1/level
[15:32:04] [main/DEBUG] (oshi.util.FileUtil) Reading file /sys/devices/system/cpu/cpu10/cache/index1/type
[15:32:04] [main/DEBUG] (oshi.util.FileUtil) Reading file /sys/devices/system/cpu/cpu10/cache/index1/type
[15:32:04] [main/DEBUG] (oshi.util.FileUtil) Reading file /sys/devices/system/cpu/cpu10/cache/index1/ways_of_associativity
[15:32:04] [main/DEBUG] (oshi.util.FileUtil) Reading file /sys/devices/system/cpu/cpu10/cache/index1/ways_of_associativity
[15:32:04] [main/DEBUG] (oshi.util.FileUtil) Reading file /sys/devices/system/cpu/cpu10/cache/index1/coherency_line_size
[15:32:04] [main/DEBUG] (oshi.util.FileUtil) Reading file /sys/devices/system/cpu/cpu10/cache/index1/coherency_line_size
[15:32:04] [main/DEBUG] (oshi.util.FileUtil) Reading file /sys/devices/system/cpu/cpu10/cache/index1/size
[15:32:04] [main/DEBUG] (oshi.util.FileUtil) Reading file /sys/devices/system/cpu/cpu10/cache/index1/size
[15:32:04] [main/DEBUG] (oshi.util.FileUtil) Reading file /sys/devices/system/cpu/cpu11/topology/core_id
[15:32:04] [main/DEBUG] (oshi.util.FileUtil) Reading file /sys/devices/system/cpu/cpu11/topology/core_id
[15:32:04] [main/DEBUG] (oshi.util.FileUtil) Reading file /sys/devices/system/cpu/cpu11/topology/physical_package_id
[15:32:04] [main/DEBUG] (oshi.util.FileUtil) Reading file /sys/devices/system/cpu/cpu11/topology/physical_package_id
[15:32:04] [main/DEBUG] (oshi.util.FileUtil) Reading file /sys/devices/system/cpu/cpu11/cpu_capacity
[15:32:04] [main/DEBUG] (oshi.util.FileUtil) Reading file /sys/devices/system/cpu/cpu11/cache/index2/level
[15:32:04] [main/DEBUG] (oshi.util.FileUtil) Reading file /sys/devices/system/cpu/cpu11/cache/index2/level
[15:32:04] [main/DEBUG] (oshi.util.FileUtil) Reading file /sys/devices/system/cpu/cpu11/cache/index2/type
[15:32:04] [main/DEBUG] (oshi.util.FileUtil) Reading file /sys/devices/system/cpu/cpu11/cache/index2/type
[15:32:04] [main/DEBUG] (oshi.util.FileUtil) Reading file /sys/devices/system/cpu/cpu11/cache/index2/ways_of_associativity
[15:32:04] [main/DEBUG] (oshi.util.FileUtil) Reading file /sys/devices/system/cpu/cpu11/cache/index2/ways_of_associativity
[15:32:04] [main/DEBUG] (oshi.util.FileUtil) Reading file /sys/devices/system/cpu/cpu11/cache/index2/coherency_line_size
[15:32:04] [main/DEBUG] (oshi.util.FileUtil) Reading file /sys/devices/system/cpu/cpu11/cache/index2/coherency_line_size
[15:32:04] [main/DEBUG] (oshi.util.FileUtil) Reading file /sys/devices/system/cpu/cpu11/cache/index2/size
[15:32:04] [main/DEBUG] (oshi.util.FileUtil) Reading file /sys/devices/system/cpu/cpu11/cache/index2/size
[15:32:04] [main/DEBUG] (oshi.util.FileUtil) Reading file /sys/devices/system/cpu/cpu11/cache/index0/level
[15:32:04] [main/DEBUG] (oshi.util.FileUtil) Reading file /sys/devices/system/cpu/cpu11/cache/index0/level
[15:32:04] [main/DEBUG] (oshi.util.FileUtil) Reading file /sys/devices/system/cpu/cpu11/cache/index0/type
[15:32:04] [main/DEBUG] (oshi.util.FileUtil) Reading file /sys/devices/system/cpu/cpu11/cache/index0/type
[15:32:04] [main/DEBUG] (oshi.util.FileUtil) Reading file /sys/devices/system/cpu/cpu11/cache/index0/ways_of_associativity
[15:32:04] [main/DEBUG] (oshi.util.FileUtil) Reading file /sys/devices/system/cpu/cpu11/cache/index0/ways_of_associativity
[15:32:04] [main/DEBUG] (oshi.util.FileUtil) Reading file /sys/devices/system/cpu/cpu11/cache/index0/coherency_line_size
[15:32:04] [main/DEBUG] (oshi.util.FileUtil) Reading file /sys/devices/system/cpu/cpu11/cache/index0/coherency_line_size
[15:32:04] [main/DEBUG] (oshi.util.FileUtil) Reading file /sys/devices/system/cpu/cpu11/cache/index0/size
[15:32:04] [main/DEBUG] (oshi.util.FileUtil) Reading file /sys/devices/system/cpu/cpu11/cache/index0/size
[15:32:04] [main/DEBUG] (oshi.util.FileUtil) Reading file /sys/devices/system/cpu/cpu11/cache/index3/level
[15:32:04] [main/DEBUG] (oshi.util.FileUtil) Reading file /sys/devices/system/cpu/cpu11/cache/index3/level
[15:32:04] [main/DEBUG] (oshi.util.FileUtil) Reading file /sys/devices/system/cpu/cpu11/cache/index3/type
[15:32:04] [main/DEBUG] (oshi.util.FileUtil) Reading file /sys/devices/system/cpu/cpu11/cache/index3/type
[15:32:04] [main/DEBUG] (oshi.util.FileUtil) Reading file /sys/devices/system/cpu/cpu11/cache/index3/ways_of_associativity
[15:32:04] [main/DEBUG] (oshi.util.FileUtil) Reading file /sys/devices/system/cpu/cpu11/cache/index3/ways_of_associativity
[15:32:04] [main/DEBUG] (oshi.util.FileUtil) Reading file /sys/devices/system/cpu/cpu11/cache/index3/coherency_line_size
[15:32:04] [main/DEBUG] (oshi.util.FileUtil) Reading file /sys/devices/system/cpu/cpu11/cache/index3/coherency_line_size
[15:32:04] [main/DEBUG] (oshi.util.FileUtil) Reading file /sys/devices/system/cpu/cpu11/cache/index3/size
[15:32:04] [main/DEBUG] (oshi.util.FileUtil) Reading file /sys/devices/system/cpu/cpu11/cache/index3/size
[15:32:04] [main/DEBUG] (oshi.util.FileUtil) Reading file /sys/devices/system/cpu/cpu11/cache/index1/level
[15:32:04] [main/DEBUG] (oshi.util.FileUtil) Reading file /sys/devices/system/cpu/cpu11/cache/index1/level
[15:32:04] [main/DEBUG] (oshi.util.FileUtil) Reading file /sys/devices/system/cpu/cpu11/cache/index1/type
[15:32:04] [main/DEBUG] (oshi.util.FileUtil) Reading file /sys/devices/system/cpu/cpu11/cache/index1/type
[15:32:04] [main/DEBUG] (oshi.util.FileUtil) Reading file /sys/devices/system/cpu/cpu11/cache/index1/ways_of_associativity
[15:32:04] [main/DEBUG] (oshi.util.FileUtil) Reading file /sys/devices/system/cpu/cpu11/cache/index1/ways_of_associativity
[15:32:04] [main/DEBUG] (oshi.util.FileUtil) Reading file /sys/devices/system/cpu/cpu11/cache/index1/coherency_line_size
[15:32:04] [main/DEBUG] (oshi.util.FileUtil) Reading file /sys/devices/system/cpu/cpu11/cache/index1/coherency_line_size
[15:32:04] [main/DEBUG] (oshi.util.FileUtil) Reading file /sys/devices/system/cpu/cpu11/cache/index1/size
[15:32:04] [main/DEBUG] (oshi.util.FileUtil) Reading file /sys/devices/system/cpu/cpu11/cache/index1/size
[15:32:04] [main/DEBUG] (oshi.util.FileUtil) Reading file /sys/devices/system/cpu/cpu2/topology/core_id
[15:32:04] [main/DEBUG] (oshi.util.FileUtil) Reading file /sys/devices/system/cpu/cpu2/topology/core_id
[15:32:04] [main/DEBUG] (oshi.util.FileUtil) Reading file /sys/devices/system/cpu/cpu2/topology/physical_package_id
[15:32:04] [main/DEBUG] (oshi.util.FileUtil) Reading file /sys/devices/system/cpu/cpu2/topology/physical_package_id
[15:32:04] [main/DEBUG] (oshi.util.FileUtil) Reading file /sys/devices/system/cpu/cpu2/cpu_capacity
[15:32:04] [main/DEBUG] (oshi.util.FileUtil) Reading file /sys/devices/system/cpu/cpu2/cache/index2/level
[15:32:04] [main/DEBUG] (oshi.util.FileUtil) Reading file /sys/devices/system/cpu/cpu2/cache/index2/level
[15:32:04] [main/DEBUG] (oshi.util.FileUtil) Reading file /sys/devices/system/cpu/cpu2/cache/index2/type
[15:32:04] [main/DEBUG] (oshi.util.FileUtil) Reading file /sys/devices/system/cpu/cpu2/cache/index2/type
[15:32:04] [main/DEBUG] (oshi.util.FileUtil) Reading file /sys/devices/system/cpu/cpu2/cache/index2/ways_of_associativity
[15:32:04] [main/DEBUG] (oshi.util.FileUtil) Reading file /sys/devices/system/cpu/cpu2/cache/index2/ways_of_associativity
[15:32:04] [main/DEBUG] (oshi.util.FileUtil) Reading file /sys/devices/system/cpu/cpu2/cache/index2/coherency_line_size
[15:32:04] [main/DEBUG] (oshi.util.FileUtil) Reading file /sys/devices/system/cpu/cpu2/cache/index2/coherency_line_size
[15:32:04] [main/DEBUG] (oshi.util.FileUtil) Reading file /sys/devices/system/cpu/cpu2/cache/index2/size
[15:32:04] [main/DEBUG] (oshi.util.FileUtil) Reading file /sys/devices/system/cpu/cpu2/cache/index2/size
[15:32:04] [main/DEBUG] (oshi.util.FileUtil) Reading file /sys/devices/system/cpu/cpu2/cache/index0/level
[15:32:04] [main/DEBUG] (oshi.util.FileUtil) Reading file /sys/devices/system/cpu/cpu2/cache/index0/level
[15:32:04] [main/DEBUG] (oshi.util.FileUtil) Reading file /sys/devices/system/cpu/cpu2/cache/index0/type
[15:32:04] [main/DEBUG] (oshi.util.FileUtil) Reading file /sys/devices/system/cpu/cpu2/cache/index0/type
[15:32:04] [main/DEBUG] (oshi.util.FileUtil) Reading file /sys/devices/system/cpu/cpu2/cache/index0/ways_of_associativity
[15:32:04] [main/DEBUG] (oshi.util.FileUtil) Reading file /sys/devices/system/cpu/cpu2/cache/index0/ways_of_associativity
[15:32:04] [main/DEBUG] (oshi.util.FileUtil) Reading file /sys/devices/system/cpu/cpu2/cache/index0/coherency_line_size
[15:32:04] [main/DEBUG] (oshi.util.FileUtil) Reading file /sys/devices/system/cpu/cpu2/cache/index0/coherency_line_size
[15:32:04] [main/DEBUG] (oshi.util.FileUtil) Reading file /sys/devices/system/cpu/cpu2/cache/index0/size
[15:32:04] [main/DEBUG] (oshi.util.FileUtil) Reading file /sys/devices/system/cpu/cpu2/cache/index0/size
[15:32:04] [main/DEBUG] (oshi.util.FileUtil) Reading file /sys/devices/system/cpu/cpu2/cache/index3/level
[15:32:04] [main/DEBUG] (oshi.util.FileUtil) Reading file /sys/devices/system/cpu/cpu2/cache/index3/level
[15:32:04] [main/DEBUG] (oshi.util.FileUtil) Reading file /sys/devices/system/cpu/cpu2/cache/index3/type
[15:32:04] [main/DEBUG] (oshi.util.FileUtil) Reading file /sys/devices/system/cpu/cpu2/cache/index3/type
[15:32:04] [main/DEBUG] (oshi.util.FileUtil) Reading file /sys/devices/system/cpu/cpu2/cache/index3/ways_of_associativity
[15:32:04] [main/DEBUG] (oshi.util.FileUtil) Reading file /sys/devices/system/cpu/cpu2/cache/index3/ways_of_associativity
[15:32:04] [main/DEBUG] (oshi.util.FileUtil) Reading file /sys/devices/system/cpu/cpu2/cache/index3/coherency_line_size
[15:32:04] [main/DEBUG] (oshi.util.FileUtil) Reading file /sys/devices/system/cpu/cpu2/cache/index3/coherency_line_size
[15:32:04] [main/DEBUG] (oshi.util.FileUtil) Reading file /sys/devices/system/cpu/cpu2/cache/index3/size
[15:32:04] [main/DEBUG] (oshi.util.FileUtil) Reading file /sys/devices/system/cpu/cpu2/cache/index3/size
[15:32:04] [main/DEBUG] (oshi.util.FileUtil) Reading file /sys/devices/system/cpu/cpu2/cache/index1/level
[15:32:04] [main/DEBUG] (oshi.util.FileUtil) Reading file /sys/devices/system/cpu/cpu2/cache/index1/level
[15:32:04] [main/DEBUG] (oshi.util.FileUtil) Reading file /sys/devices/system/cpu/cpu2/cache/index1/type
[15:32:04] [main/DEBUG] (oshi.util.FileUtil) Reading file /sys/devices/system/cpu/cpu2/cache/index1/type
[15:32:04] [main/DEBUG] (oshi.util.FileUtil) Reading file /sys/devices/system/cpu/cpu2/cache/index1/ways_of_associativity
[15:32:04] [main/DEBUG] (oshi.util.FileUtil) Reading file /sys/devices/system/cpu/cpu2/cache/index1/ways_of_associativity
[15:32:04] [main/DEBUG] (oshi.util.FileUtil) Reading file /sys/devices/system/cpu/cpu2/cache/index1/coherency_line_size
[15:32:04] [main/DEBUG] (oshi.util.FileUtil) Reading file /sys/devices/system/cpu/cpu2/cache/index1/coherency_line_size
[15:32:04] [main/DEBUG] (oshi.util.FileUtil) Reading file /sys/devices/system/cpu/cpu2/cache/index1/size
[15:32:04] [main/DEBUG] (oshi.util.FileUtil) Reading file /sys/devices/system/cpu/cpu2/cache/index1/size
[15:32:04] [main/DEBUG] (oshi.util.FileUtil) Reading file /sys/devices/system/cpu/cpu3/topology/core_id
[15:32:04] [main/DEBUG] (oshi.util.FileUtil) Reading file /sys/devices/system/cpu/cpu3/topology/core_id
[15:32:04] [main/DEBUG] (oshi.util.FileUtil) Reading file /sys/devices/system/cpu/cpu3/topology/physical_package_id
[15:32:04] [main/DEBUG] (oshi.util.FileUtil) Reading file /sys/devices/system/cpu/cpu3/topology/physical_package_id
[15:32:04] [main/DEBUG] (oshi.util.FileUtil) Reading file /sys/devices/system/cpu/cpu3/cpu_capacity
[15:32:04] [main/DEBUG] (oshi.util.FileUtil) Reading file /sys/devices/system/cpu/cpu3/cache/index2/level
[15:32:04] [main/DEBUG] (oshi.util.FileUtil) Reading file /sys/devices/system/cpu/cpu3/cache/index2/level
[15:32:04] [main/DEBUG] (oshi.util.FileUtil) Reading file /sys/devices/system/cpu/cpu3/cache/index2/type
[15:32:04] [main/DEBUG] (oshi.util.FileUtil) Reading file /sys/devices/system/cpu/cpu3/cache/index2/type
[15:32:04] [main/DEBUG] (oshi.util.FileUtil) Reading file /sys/devices/system/cpu/cpu3/cache/index2/ways_of_associativity
[15:32:04] [main/DEBUG] (oshi.util.FileUtil) Reading file /sys/devices/system/cpu/cpu3/cache/index2/ways_of_associativity
[15:32:04] [main/DEBUG] (oshi.util.FileUtil) Reading file /sys/devices/system/cpu/cpu3/cache/index2/coherency_line_size
[15:32:04] [main/DEBUG] (oshi.util.FileUtil) Reading file /sys/devices/system/cpu/cpu3/cache/index2/coherency_line_size
[15:32:04] [main/DEBUG] (oshi.util.FileUtil) Reading file /sys/devices/system/cpu/cpu3/cache/index2/size
[15:32:04] [main/DEBUG] (oshi.util.FileUtil) Reading file /sys/devices/system/cpu/cpu3/cache/index2/size
[15:32:04] [main/DEBUG] (oshi.util.FileUtil) Reading file /sys/devices/system/cpu/cpu3/cache/index0/level
[15:32:04] [main/DEBUG] (oshi.util.FileUtil) Reading file /sys/devices/system/cpu/cpu3/cache/index0/level
[15:32:04] [main/DEBUG] (oshi.util.FileUtil) Reading file /sys/devices/system/cpu/cpu3/cache/index0/type
[15:32:04] [main/DEBUG] (oshi.util.FileUtil) Reading file /sys/devices/system/cpu/cpu3/cache/index0/type
[15:32:04] [main/DEBUG] (oshi.util.FileUtil) Reading file /sys/devices/system/cpu/cpu3/cache/index0/ways_of_associativity
[15:32:04] [main/DEBUG] (oshi.util.FileUtil) Reading file /sys/devices/system/cpu/cpu3/cache/index0/ways_of_associativity
[15:32:04] [main/DEBUG] (oshi.util.FileUtil) Reading file /sys/devices/system/cpu/cpu3/cache/index0/coherency_line_size
[15:32:04] [main/DEBUG] (oshi.util.FileUtil) Reading file /sys/devices/system/cpu/cpu3/cache/index0/coherency_line_size
[15:32:04] [main/DEBUG] (oshi.util.FileUtil) Reading file /sys/devices/system/cpu/cpu3/cache/index0/size
[15:32:04] [main/DEBUG] (oshi.util.FileUtil) Reading file /sys/devices/system/cpu/cpu3/cache/index0/size
[15:32:04] [main/DEBUG] (oshi.util.FileUtil) Reading file /sys/devices/system/cpu/cpu3/cache/index3/level
[15:32:04] [main/DEBUG] (oshi.util.FileUtil) Reading file /sys/devices/system/cpu/cpu3/cache/index3/level
[15:32:04] [main/DEBUG] (oshi.util.FileUtil) Reading file /sys/devices/system/cpu/cpu3/cache/index3/type
[15:32:04] [main/DEBUG] (oshi.util.FileUtil) Reading file /sys/devices/system/cpu/cpu3/cache/index3/type
[15:32:04] [main/DEBUG] (oshi.util.FileUtil) Reading file /sys/devices/system/cpu/cpu3/cache/index3/ways_of_associativity
[15:32:04] [main/DEBUG] (oshi.util.FileUtil) Reading file /sys/devices/system/cpu/cpu3/cache/index3/ways_of_associativity
[15:32:04] [main/DEBUG] (oshi.util.FileUtil) Reading file /sys/devices/system/cpu/cpu3/cache/index3/coherency_line_size
[15:32:04] [main/DEBUG] (oshi.util.FileUtil) Reading file /sys/devices/system/cpu/cpu3/cache/index3/coherency_line_size
[15:32:04] [main/DEBUG] (oshi.util.FileUtil) Reading file /sys/devices/system/cpu/cpu3/cache/index3/size
[15:32:04] [main/DEBUG] (oshi.util.FileUtil) Reading file /sys/devices/system/cpu/cpu3/cache/index3/size
[15:32:04] [main/DEBUG] (oshi.util.FileUtil) Reading file /sys/devices/system/cpu/cpu3/cache/index1/level
[15:32:04] [main/DEBUG] (oshi.util.FileUtil) Reading file /sys/devices/system/cpu/cpu3/cache/index1/level
[15:32:04] [main/DEBUG] (oshi.util.FileUtil) Reading file /sys/devices/system/cpu/cpu3/cache/index1/type
[15:32:04] [main/DEBUG] (oshi.util.FileUtil) Reading file /sys/devices/system/cpu/cpu3/cache/index1/type
[15:32:04] [main/DEBUG] (oshi.util.FileUtil) Reading file /sys/devices/system/cpu/cpu3/cache/index1/ways_of_associativity
[15:32:04] [main/DEBUG] (oshi.util.FileUtil) Reading file /sys/devices/system/cpu/cpu3/cache/index1/ways_of_associativity
[15:32:04] [main/DEBUG] (oshi.util.FileUtil) Reading file /sys/devices/system/cpu/cpu3/cache/index1/coherency_line_size
[15:32:04] [main/DEBUG] (oshi.util.FileUtil) Reading file /sys/devices/system/cpu/cpu3/cache/index1/coherency_line_size
[15:32:04] [main/DEBUG] (oshi.util.FileUtil) Reading file /sys/devices/system/cpu/cpu3/cache/index1/size
[15:32:04] [main/DEBUG] (oshi.util.FileUtil) Reading file /sys/devices/system/cpu/cpu3/cache/index1/size
[15:32:04] [main/DEBUG] (oshi.util.FileUtil) Reading file /sys/devices/system/cpu/cpu4/topology/core_id
[15:32:04] [main/DEBUG] (oshi.util.FileUtil) Reading file /sys/devices/system/cpu/cpu4/topology/core_id
[15:32:04] [main/DEBUG] (oshi.util.FileUtil) Reading file /sys/devices/system/cpu/cpu4/topology/physical_package_id
[15:32:04] [main/DEBUG] (oshi.util.FileUtil) Reading file /sys/devices/system/cpu/cpu4/topology/physical_package_id
[15:32:04] [main/DEBUG] (oshi.util.FileUtil) Reading file /sys/devices/system/cpu/cpu4/cpu_capacity
[15:32:04] [main/DEBUG] (oshi.util.FileUtil) Reading file /sys/devices/system/cpu/cpu4/cache/index2/level
[15:32:04] [main/DEBUG] (oshi.util.FileUtil) Reading file /sys/devices/system/cpu/cpu4/cache/index2/level
[15:32:04] [main/DEBUG] (oshi.util.FileUtil) Reading file /sys/devices/system/cpu/cpu4/cache/index2/type
[15:32:04] [main/DEBUG] (oshi.util.FileUtil) Reading file /sys/devices/system/cpu/cpu4/cache/index2/type
[15:32:04] [main/DEBUG] (oshi.util.FileUtil) Reading file /sys/devices/system/cpu/cpu4/cache/index2/ways_of_associativity
[15:32:04] [main/DEBUG] (oshi.util.FileUtil) Reading file /sys/devices/system/cpu/cpu4/cache/index2/ways_of_associativity
[15:32:04] [main/DEBUG] (oshi.util.FileUtil) Reading file /sys/devices/system/cpu/cpu4/cache/index2/coherency_line_size
[15:32:04] [main/DEBUG] (oshi.util.FileUtil) Reading file /sys/devices/system/cpu/cpu4/cache/index2/coherency_line_size
[15:32:04] [main/DEBUG] (oshi.util.FileUtil) Reading file /sys/devices/system/cpu/cpu4/cache/index2/size
[15:32:04] [main/DEBUG] (oshi.util.FileUtil) Reading file /sys/devices/system/cpu/cpu4/cache/index2/size
[15:32:04] [main/DEBUG] (oshi.util.FileUtil) Reading file /sys/devices/system/cpu/cpu4/cache/index0/level
[15:32:04] [main/DEBUG] (oshi.util.FileUtil) Reading file /sys/devices/system/cpu/cpu4/cache/index0/level
[15:32:04] [main/DEBUG] (oshi.util.FileUtil) Reading file /sys/devices/system/cpu/cpu4/cache/index0/type
[15:32:04] [main/DEBUG] (oshi.util.FileUtil) Reading file /sys/devices/system/cpu/cpu4/cache/index0/type
[15:32:04] [main/DEBUG] (oshi.util.FileUtil) Reading file /sys/devices/system/cpu/cpu4/cache/index0/ways_of_associativity
[15:32:04] [main/DEBUG] (oshi.util.FileUtil) Reading file /sys/devices/system/cpu/cpu4/cache/index0/ways_of_associativity
[15:32:04] [main/DEBUG] (oshi.util.FileUtil) Reading file /sys/devices/system/cpu/cpu4/cache/index0/coherency_line_size
[15:32:04] [main/DEBUG] (oshi.util.FileUtil) Reading file /sys/devices/system/cpu/cpu4/cache/index0/coherency_line_size
[15:32:04] [main/DEBUG] (oshi.util.FileUtil) Reading file /sys/devices/system/cpu/cpu4/cache/index0/size
[15:32:04] [main/DEBUG] (oshi.util.FileUtil) Reading file /sys/devices/system/cpu/cpu4/cache/index0/size
[15:32:04] [main/DEBUG] (oshi.util.FileUtil) Reading file /sys/devices/system/cpu/cpu4/cache/index3/level
[15:32:04] [main/DEBUG] (oshi.util.FileUtil) Reading file /sys/devices/system/cpu/cpu4/cache/index3/level
[15:32:04] [main/DEBUG] (oshi.util.FileUtil) Reading file /sys/devices/system/cpu/cpu4/cache/index3/type
[15:32:04] [main/DEBUG] (oshi.util.FileUtil) Reading file /sys/devices/system/cpu/cpu4/cache/index3/type
[15:32:04] [main/DEBUG] (oshi.util.FileUtil) Reading file /sys/devices/system/cpu/cpu4/cache/index3/ways_of_associativity
[15:32:04] [main/DEBUG] (oshi.util.FileUtil) Reading file /sys/devices/system/cpu/cpu4/cache/index3/ways_of_associativity
[15:32:04] [main/DEBUG] (oshi.util.FileUtil) Reading file /sys/devices/system/cpu/cpu4/cache/index3/coherency_line_size
[15:32:04] [main/DEBUG] (oshi.util.FileUtil) Reading file /sys/devices/system/cpu/cpu4/cache/index3/coherency_line_size
[15:32:04] [main/DEBUG] (oshi.util.FileUtil) Reading file /sys/devices/system/cpu/cpu4/cache/index3/size
[15:32:04] [main/DEBUG] (oshi.util.FileUtil) Reading file /sys/devices/system/cpu/cpu4/cache/index3/size
[15:32:04] [main/DEBUG] (oshi.util.FileUtil) Reading file /sys/devices/system/cpu/cpu4/cache/index1/level
[15:32:04] [main/DEBUG] (oshi.util.FileUtil) Reading file /sys/devices/system/cpu/cpu4/cache/index1/level
[15:32:04] [main/DEBUG] (oshi.util.FileUtil) Reading file /sys/devices/system/cpu/cpu4/cache/index1/type
[15:32:04] [main/DEBUG] (oshi.util.FileUtil) Reading file /sys/devices/system/cpu/cpu4/cache/index1/type
[15:32:04] [main/DEBUG] (oshi.util.FileUtil) Reading file /sys/devices/system/cpu/cpu4/cache/index1/ways_of_associativity
[15:32:04] [main/DEBUG] (oshi.util.FileUtil) Reading file /sys/devices/system/cpu/cpu4/cache/index1/ways_of_associativity
[15:32:04] [main/DEBUG] (oshi.util.FileUtil) Reading file /sys/devices/system/cpu/cpu4/cache/index1/coherency_line_size
[15:32:04] [main/DEBUG] (oshi.util.FileUtil) Reading file /sys/devices/system/cpu/cpu4/cache/index1/coherency_line_size
[15:32:04] [main/DEBUG] (oshi.util.FileUtil) Reading file /sys/devices/system/cpu/cpu4/cache/index1/size
[15:32:04] [main/DEBUG] (oshi.util.FileUtil) Reading file /sys/devices/system/cpu/cpu4/cache/index1/size
[15:32:04] [main/DEBUG] (oshi.util.FileUtil) Reading file /sys/devices/system/cpu/cpu5/topology/core_id
[15:32:04] [main/DEBUG] (oshi.util.FileUtil) Reading file /sys/devices/system/cpu/cpu5/topology/core_id
[15:32:04] [main/DEBUG] (oshi.util.FileUtil) Reading file /sys/devices/system/cpu/cpu5/topology/physical_package_id
[15:32:04] [main/DEBUG] (oshi.util.FileUtil) Reading file /sys/devices/system/cpu/cpu5/topology/physical_package_id
[15:32:04] [main/DEBUG] (oshi.util.FileUtil) Reading file /sys/devices/system/cpu/cpu5/cpu_capacity
[15:32:04] [main/DEBUG] (oshi.util.FileUtil) Reading file /sys/devices/system/cpu/cpu5/cache/index2/level
[15:32:04] [main/DEBUG] (oshi.util.FileUtil) Reading file /sys/devices/system/cpu/cpu5/cache/index2/level
[15:32:04] [main/DEBUG] (oshi.util.FileUtil) Reading file /sys/devices/system/cpu/cpu5/cache/index2/type
[15:32:04] [main/DEBUG] (oshi.util.FileUtil) Reading file /sys/devices/system/cpu/cpu5/cache/index2/type
[15:32:04] [main/DEBUG] (oshi.util.FileUtil) Reading file /sys/devices/system/cpu/cpu5/cache/index2/ways_of_associativity
[15:32:04] [main/DEBUG] (oshi.util.FileUtil) Reading file /sys/devices/system/cpu/cpu5/cache/index2/ways_of_associativity
[15:32:04] [main/DEBUG] (oshi.util.FileUtil) Reading file /sys/devices/system/cpu/cpu5/cache/index2/coherency_line_size
[15:32:04] [main/DEBUG] (oshi.util.FileUtil) Reading file /sys/devices/system/cpu/cpu5/cache/index2/coherency_line_size
[15:32:04] [main/DEBUG] (oshi.util.FileUtil) Reading file /sys/devices/system/cpu/cpu5/cache/index2/size
[15:32:04] [main/DEBUG] (oshi.util.FileUtil) Reading file /sys/devices/system/cpu/cpu5/cache/index2/size
[15:32:04] [main/DEBUG] (oshi.util.FileUtil) Reading file /sys/devices/system/cpu/cpu5/cache/index0/level
[15:32:04] [main/DEBUG] (oshi.util.FileUtil) Reading file /sys/devices/system/cpu/cpu5/cache/index0/level
[15:32:04] [main/DEBUG] (oshi.util.FileUtil) Reading file /sys/devices/system/cpu/cpu5/cache/index0/type
[15:32:04] [main/DEBUG] (oshi.util.FileUtil) Reading file /sys/devices/system/cpu/cpu5/cache/index0/type
[15:32:04] [main/DEBUG] (oshi.util.FileUtil) Reading file /sys/devices/system/cpu/cpu5/cache/index0/ways_of_associativity
[15:32:04] [main/DEBUG] (oshi.util.FileUtil) Reading file /sys/devices/system/cpu/cpu5/cache/index0/ways_of_associativity
[15:32:04] [main/DEBUG] (oshi.util.FileUtil) Reading file /sys/devices/system/cpu/cpu5/cache/index0/coherency_line_size
[15:32:04] [main/DEBUG] (oshi.util.FileUtil) Reading file /sys/devices/system/cpu/cpu5/cache/index0/coherency_line_size
[15:32:04] [main/DEBUG] (oshi.util.FileUtil) Reading file /sys/devices/system/cpu/cpu5/cache/index0/size
[15:32:04] [main/DEBUG] (oshi.util.FileUtil) Reading file /sys/devices/system/cpu/cpu5/cache/index0/size
[15:32:04] [main/DEBUG] (oshi.util.FileUtil) Reading file /sys/devices/system/cpu/cpu5/cache/index3/level
[15:32:04] [main/DEBUG] (oshi.util.FileUtil) Reading file /sys/devices/system/cpu/cpu5/cache/index3/level
[15:32:04] [main/DEBUG] (oshi.util.FileUtil) Reading file /sys/devices/system/cpu/cpu5/cache/index3/type
[15:32:04] [main/DEBUG] (oshi.util.FileUtil) Reading file /sys/devices/system/cpu/cpu5/cache/index3/type
[15:32:04] [main/DEBUG] (oshi.util.FileUtil) Reading file /sys/devices/system/cpu/cpu5/cache/index3/ways_of_associativity
[15:32:04] [main/DEBUG] (oshi.util.FileUtil) Reading file /sys/devices/system/cpu/cpu5/cache/index3/ways_of_associativity
[15:32:04] [main/DEBUG] (oshi.util.FileUtil) Reading file /sys/devices/system/cpu/cpu5/cache/index3/coherency_line_size
[15:32:04] [main/DEBUG] (oshi.util.FileUtil) Reading file /sys/devices/system/cpu/cpu5/cache/index3/coherency_line_size
[15:32:04] [main/DEBUG] (oshi.util.FileUtil) Reading file /sys/devices/system/cpu/cpu5/cache/index3/size
[15:32:04] [main/DEBUG] (oshi.util.FileUtil) Reading file /sys/devices/system/cpu/cpu5/cache/index3/size
[15:32:04] [main/DEBUG] (oshi.util.FileUtil) Reading file /sys/devices/system/cpu/cpu5/cache/index1/level
[15:32:04] [main/DEBUG] (oshi.util.FileUtil) Reading file /sys/devices/system/cpu/cpu5/cache/index1/level
[15:32:04] [main/DEBUG] (oshi.util.FileUtil) Reading file /sys/devices/system/cpu/cpu5/cache/index1/type
[15:32:04] [main/DEBUG] (oshi.util.FileUtil) Reading file /sys/devices/system/cpu/cpu5/cache/index1/type
[15:32:04] [main/DEBUG] (oshi.util.FileUtil) Reading file /sys/devices/system/cpu/cpu5/cache/index1/ways_of_associativity
[15:32:04] [main/DEBUG] (oshi.util.FileUtil) Reading file /sys/devices/system/cpu/cpu5/cache/index1/ways_of_associativity
[15:32:04] [main/DEBUG] (oshi.util.FileUtil) Reading file /sys/devices/system/cpu/cpu5/cache/index1/coherency_line_size
[15:32:04] [main/DEBUG] (oshi.util.FileUtil) Reading file /sys/devices/system/cpu/cpu5/cache/index1/coherency_line_size
[15:32:04] [main/DEBUG] (oshi.util.FileUtil) Reading file /sys/devices/system/cpu/cpu5/cache/index1/size
[15:32:04] [main/DEBUG] (oshi.util.FileUtil) Reading file /sys/devices/system/cpu/cpu5/cache/index1/size
[15:32:04] [main/DEBUG] (oshi.util.FileUtil) Reading file /sys/devices/system/cpu/cpu6/topology/core_id
[15:32:04] [main/DEBUG] (oshi.util.FileUtil) Reading file /sys/devices/system/cpu/cpu6/topology/core_id
[15:32:04] [main/DEBUG] (oshi.util.FileUtil) Reading file /sys/devices/system/cpu/cpu6/topology/physical_package_id
[15:32:04] [main/DEBUG] (oshi.util.FileUtil) Reading file /sys/devices/system/cpu/cpu6/topology/physical_package_id
[15:32:04] [main/DEBUG] (oshi.util.FileUtil) Reading file /sys/devices/system/cpu/cpu6/cpu_capacity
[15:32:04] [main/DEBUG] (oshi.util.FileUtil) Reading file /sys/devices/system/cpu/cpu6/cache/index2/level
[15:32:04] [main/DEBUG] (oshi.util.FileUtil) Reading file /sys/devices/system/cpu/cpu6/cache/index2/level
[15:32:04] [main/DEBUG] (oshi.util.FileUtil) Reading file /sys/devices/system/cpu/cpu6/cache/index2/type
[15:32:04] [main/DEBUG] (oshi.util.FileUtil) Reading file /sys/devices/system/cpu/cpu6/cache/index2/type
[15:32:04] [main/DEBUG] (oshi.util.FileUtil) Reading file /sys/devices/system/cpu/cpu6/cache/index2/ways_of_associativity
[15:32:04] [main/DEBUG] (oshi.util.FileUtil) Reading file /sys/devices/system/cpu/cpu6/cache/index2/ways_of_associativity
[15:32:04] [main/DEBUG] (oshi.util.FileUtil) Reading file /sys/devices/system/cpu/cpu6/cache/index2/coherency_line_size
[15:32:04] [main/DEBUG] (oshi.util.FileUtil) Reading file /sys/devices/system/cpu/cpu6/cache/index2/coherency_line_size
[15:32:04] [main/DEBUG] (oshi.util.FileUtil) Reading file /sys/devices/system/cpu/cpu6/cache/index2/size
[15:32:04] [main/DEBUG] (oshi.util.FileUtil) Reading file /sys/devices/system/cpu/cpu6/cache/index2/size
[15:32:04] [main/DEBUG] (oshi.util.FileUtil) Reading file /sys/devices/system/cpu/cpu6/cache/index0/level
[15:32:04] [main/DEBUG] (oshi.util.FileUtil) Reading file /sys/devices/system/cpu/cpu6/cache/index0/level
[15:32:04] [main/DEBUG] (oshi.util.FileUtil) Reading file /sys/devices/system/cpu/cpu6/cache/index0/type
[15:32:04] [main/DEBUG] (oshi.util.FileUtil) Reading file /sys/devices/system/cpu/cpu6/cache/index0/type
[15:32:04] [main/DEBUG] (oshi.util.FileUtil) Reading file /sys/devices/system/cpu/cpu6/cache/index0/ways_of_associativity
[15:32:04] [main/DEBUG] (oshi.util.FileUtil) Reading file /sys/devices/system/cpu/cpu6/cache/index0/ways_of_associativity
[15:32:04] [main/DEBUG] (oshi.util.FileUtil) Reading file /sys/devices/system/cpu/cpu6/cache/index0/coherency_line_size
[15:32:04] [main/DEBUG] (oshi.util.FileUtil) Reading file /sys/devices/system/cpu/cpu6/cache/index0/coherency_line_size
[15:32:04] [main/DEBUG] (oshi.util.FileUtil) Reading file /sys/devices/system/cpu/cpu6/cache/index0/size
[15:32:04] [main/DEBUG] (oshi.util.FileUtil) Reading file /sys/devices/system/cpu/cpu6/cache/index0/size
[15:32:04] [main/DEBUG] (oshi.util.FileUtil) Reading file /sys/devices/system/cpu/cpu6/cache/index3/level
[15:32:04] [main/DEBUG] (oshi.util.FileUtil) Reading file /sys/devices/system/cpu/cpu6/cache/index3/level
[15:32:04] [main/DEBUG] (oshi.util.FileUtil) Reading file /sys/devices/system/cpu/cpu6/cache/index3/type
[15:32:04] [main/DEBUG] (oshi.util.FileUtil) Reading file /sys/devices/system/cpu/cpu6/cache/index3/type
[15:32:04] [main/DEBUG] (oshi.util.FileUtil) Reading file /sys/devices/system/cpu/cpu6/cache/index3/ways_of_associativity
[15:32:04] [main/DEBUG] (oshi.util.FileUtil) Reading file /sys/devices/system/cpu/cpu6/cache/index3/ways_of_associativity
[15:32:04] [main/DEBUG] (oshi.util.FileUtil) Reading file /sys/devices/system/cpu/cpu6/cache/index3/coherency_line_size
[15:32:04] [main/DEBUG] (oshi.util.FileUtil) Reading file /sys/devices/system/cpu/cpu6/cache/index3/coherency_line_size
[15:32:04] [main/DEBUG] (oshi.util.FileUtil) Reading file /sys/devices/system/cpu/cpu6/cache/index3/size
[15:32:04] [main/DEBUG] (oshi.util.FileUtil) Reading file /sys/devices/system/cpu/cpu6/cache/index3/size
[15:32:04] [main/DEBUG] (oshi.util.FileUtil) Reading file /sys/devices/system/cpu/cpu6/cache/index1/level
[15:32:04] [main/DEBUG] (oshi.util.FileUtil) Reading file /sys/devices/system/cpu/cpu6/cache/index1/level
[15:32:04] [main/DEBUG] (oshi.util.FileUtil) Reading file /sys/devices/system/cpu/cpu6/cache/index1/type
[15:32:04] [main/DEBUG] (oshi.util.FileUtil) Reading file /sys/devices/system/cpu/cpu6/cache/index1/type
[15:32:04] [main/DEBUG] (oshi.util.FileUtil) Reading file /sys/devices/system/cpu/cpu6/cache/index1/ways_of_associativity
[15:32:04] [main/DEBUG] (oshi.util.FileUtil) Reading file /sys/devices/system/cpu/cpu6/cache/index1/ways_of_associativity
[15:32:04] [main/DEBUG] (oshi.util.FileUtil) Reading file /sys/devices/system/cpu/cpu6/cache/index1/coherency_line_size
[15:32:04] [main/DEBUG] (oshi.util.FileUtil) Reading file /sys/devices/system/cpu/cpu6/cache/index1/coherency_line_size
[15:32:04] [main/DEBUG] (oshi.util.FileUtil) Reading file /sys/devices/system/cpu/cpu6/cache/index1/size
[15:32:04] [main/DEBUG] (oshi.util.FileUtil) Reading file /sys/devices/system/cpu/cpu6/cache/index1/size
[15:32:04] [main/DEBUG] (oshi.util.FileUtil) Reading file /sys/devices/system/cpu/cpu7/topology/core_id
[15:32:04] [main/DEBUG] (oshi.util.FileUtil) Reading file /sys/devices/system/cpu/cpu7/topology/core_id
[15:32:04] [main/DEBUG] (oshi.util.FileUtil) Reading file /sys/devices/system/cpu/cpu7/topology/physical_package_id
[15:32:04] [main/DEBUG] (oshi.util.FileUtil) Reading file /sys/devices/system/cpu/cpu7/topology/physical_package_id
[15:32:04] [main/DEBUG] (oshi.util.FileUtil) Reading file /sys/devices/system/cpu/cpu7/cpu_capacity
[15:32:04] [main/DEBUG] (oshi.util.FileUtil) Reading file /sys/devices/system/cpu/cpu7/cache/index2/level
[15:32:04] [main/DEBUG] (oshi.util.FileUtil) Reading file /sys/devices/system/cpu/cpu7/cache/index2/level
[15:32:04] [main/DEBUG] (oshi.util.FileUtil) Reading file /sys/devices/system/cpu/cpu7/cache/index2/type
[15:32:04] [main/DEBUG] (oshi.util.FileUtil) Reading file /sys/devices/system/cpu/cpu7/cache/index2/type
[15:32:04] [main/DEBUG] (oshi.util.FileUtil) Reading file /sys/devices/system/cpu/cpu7/cache/index2/ways_of_associativity
[15:32:04] [main/DEBUG] (oshi.util.FileUtil) Reading file /sys/devices/system/cpu/cpu7/cache/index2/ways_of_associativity
[15:32:04] [main/DEBUG] (oshi.util.FileUtil) Reading file /sys/devices/system/cpu/cpu7/cache/index2/coherency_line_size
[15:32:04] [main/DEBUG] (oshi.util.FileUtil) Reading file /sys/devices/system/cpu/cpu7/cache/index2/coherency_line_size
[15:32:04] [main/DEBUG] (oshi.util.FileUtil) Reading file /sys/devices/system/cpu/cpu7/cache/index2/size
[15:32:04] [main/DEBUG] (oshi.util.FileUtil) Reading file /sys/devices/system/cpu/cpu7/cache/index2/size
[15:32:04] [main/DEBUG] (oshi.util.FileUtil) Reading file /sys/devices/system/cpu/cpu7/cache/index0/level
[15:32:04] [main/DEBUG] (oshi.util.FileUtil) Reading file /sys/devices/system/cpu/cpu7/cache/index0/level
[15:32:04] [main/DEBUG] (oshi.util.FileUtil) Reading file /sys/devices/system/cpu/cpu7/cache/index0/type
[15:32:04] [main/DEBUG] (oshi.util.FileUtil) Reading file /sys/devices/system/cpu/cpu7/cache/index0/type
[15:32:04] [main/DEBUG] (oshi.util.FileUtil) Reading file /sys/devices/system/cpu/cpu7/cache/index0/ways_of_associativity
[15:32:04] [main/DEBUG] (oshi.util.FileUtil) Reading file /sys/devices/system/cpu/cpu7/cache/index0/ways_of_associativity
[15:32:04] [main/DEBUG] (oshi.util.FileUtil) Reading file /sys/devices/system/cpu/cpu7/cache/index0/coherency_line_size
[15:32:04] [main/DEBUG] (oshi.util.FileUtil) Reading file /sys/devices/system/cpu/cpu7/cache/index0/coherency_line_size
[15:32:04] [main/DEBUG] (oshi.util.FileUtil) Reading file /sys/devices/system/cpu/cpu7/cache/index0/size
[15:32:04] [main/DEBUG] (oshi.util.FileUtil) Reading file /sys/devices/system/cpu/cpu7/cache/index0/size
[15:32:04] [main/DEBUG] (oshi.util.FileUtil) Reading file /sys/devices/system/cpu/cpu7/cache/index3/level
[15:32:04] [main/DEBUG] (oshi.util.FileUtil) Reading file /sys/devices/system/cpu/cpu7/cache/index3/level
[15:32:04] [main/DEBUG] (oshi.util.FileUtil) Reading file /sys/devices/system/cpu/cpu7/cache/index3/type
[15:32:04] [main/DEBUG] (oshi.util.FileUtil) Reading file /sys/devices/system/cpu/cpu7/cache/index3/type
[15:32:04] [main/DEBUG] (oshi.util.FileUtil) Reading file /sys/devices/system/cpu/cpu7/cache/index3/ways_of_associativity
[15:32:04] [main/DEBUG] (oshi.util.FileUtil) Reading file /sys/devices/system/cpu/cpu7/cache/index3/ways_of_associativity
[15:32:04] [main/DEBUG] (oshi.util.FileUtil) Reading file /sys/devices/system/cpu/cpu7/cache/index3/coherency_line_size
[15:32:04] [main/DEBUG] (oshi.util.FileUtil) Reading file /sys/devices/system/cpu/cpu7/cache/index3/coherency_line_size
[15:32:04] [main/DEBUG] (oshi.util.FileUtil) Reading file /sys/devices/system/cpu/cpu7/cache/index3/size
[15:32:04] [main/DEBUG] (oshi.util.FileUtil) Reading file /sys/devices/system/cpu/cpu7/cache/index3/size
[15:32:04] [main/DEBUG] (oshi.util.FileUtil) Reading file /sys/devices/system/cpu/cpu7/cache/index1/level
[15:32:04] [main/DEBUG] (oshi.util.FileUtil) Reading file /sys/devices/system/cpu/cpu7/cache/index1/level
[15:32:04] [main/DEBUG] (oshi.util.FileUtil) Reading file /sys/devices/system/cpu/cpu7/cache/index1/type
[15:32:04] [main/DEBUG] (oshi.util.FileUtil) Reading file /sys/devices/system/cpu/cpu7/cache/index1/type
[15:32:04] [main/DEBUG] (oshi.util.FileUtil) Reading file /sys/devices/system/cpu/cpu7/cache/index1/ways_of_associativity
[15:32:04] [main/DEBUG] (oshi.util.FileUtil) Reading file /sys/devices/system/cpu/cpu7/cache/index1/ways_of_associativity
[15:32:04] [main/DEBUG] (oshi.util.FileUtil) Reading file /sys/devices/system/cpu/cpu7/cache/index1/coherency_line_size
[15:32:04] [main/DEBUG] (oshi.util.FileUtil) Reading file /sys/devices/system/cpu/cpu7/cache/index1/coherency_line_size
[15:32:04] [main/DEBUG] (oshi.util.FileUtil) Reading file /sys/devices/system/cpu/cpu7/cache/index1/size
[15:32:04] [main/DEBUG] (oshi.util.FileUtil) Reading file /sys/devices/system/cpu/cpu7/cache/index1/size
[15:32:04] [main/DEBUG] (oshi.util.FileUtil) Reading file /sys/devices/system/cpu/cpu8/topology/core_id
[15:32:04] [main/DEBUG] (oshi.util.FileUtil) Reading file /sys/devices/system/cpu/cpu8/topology/core_id
[15:32:04] [main/DEBUG] (oshi.util.FileUtil) Reading file /sys/devices/system/cpu/cpu8/topology/physical_package_id
[15:32:04] [main/DEBUG] (oshi.util.FileUtil) Reading file /sys/devices/system/cpu/cpu8/topology/physical_package_id
[15:32:04] [main/DEBUG] (oshi.util.FileUtil) Reading file /sys/devices/system/cpu/cpu8/cpu_capacity
[15:32:04] [main/DEBUG] (oshi.util.FileUtil) Reading file /sys/devices/system/cpu/cpu8/cache/index2/level
[15:32:04] [main/DEBUG] (oshi.util.FileUtil) Reading file /sys/devices/system/cpu/cpu8/cache/index2/level
[15:32:04] [main/DEBUG] (oshi.util.FileUtil) Reading file /sys/devices/system/cpu/cpu8/cache/index2/type
[15:32:04] [main/DEBUG] (oshi.util.FileUtil) Reading file /sys/devices/system/cpu/cpu8/cache/index2/type
[15:32:04] [main/DEBUG] (oshi.util.FileUtil) Reading file /sys/devices/system/cpu/cpu8/cache/index2/ways_of_associativity
[15:32:04] [main/DEBUG] (oshi.util.FileUtil) Reading file /sys/devices/system/cpu/cpu8/cache/index2/ways_of_associativity
[15:32:04] [main/DEBUG] (oshi.util.FileUtil) Reading file /sys/devices/system/cpu/cpu8/cache/index2/coherency_line_size
[15:32:04] [main/DEBUG] (oshi.util.FileUtil) Reading file /sys/devices/system/cpu/cpu8/cache/index2/coherency_line_size
[15:32:04] [main/DEBUG] (oshi.util.FileUtil) Reading file /sys/devices/system/cpu/cpu8/cache/index2/size
[15:32:04] [main/DEBUG] (oshi.util.FileUtil) Reading file /sys/devices/system/cpu/cpu8/cache/index2/size
[15:32:04] [main/DEBUG] (oshi.util.FileUtil) Reading file /sys/devices/system/cpu/cpu8/cache/index0/level
[15:32:04] [main/DEBUG] (oshi.util.FileUtil) Reading file /sys/devices/system/cpu/cpu8/cache/index0/level
[15:32:04] [main/DEBUG] (oshi.util.FileUtil) Reading file /sys/devices/system/cpu/cpu8/cache/index0/type
[15:32:04] [main/DEBUG] (oshi.util.FileUtil) Reading file /sys/devices/system/cpu/cpu8/cache/index0/type
[15:32:04] [main/DEBUG] (oshi.util.FileUtil) Reading file /sys/devices/system/cpu/cpu8/cache/index0/ways_of_associativity
[15:32:04] [main/DEBUG] (oshi.util.FileUtil) Reading file /sys/devices/system/cpu/cpu8/cache/index0/ways_of_associativity
[15:32:04] [main/DEBUG] (oshi.util.FileUtil) Reading file /sys/devices/system/cpu/cpu8/cache/index0/coherency_line_size
[15:32:04] [main/DEBUG] (oshi.util.FileUtil) Reading file /sys/devices/system/cpu/cpu8/cache/index0/coherency_line_size
[15:32:04] [main/DEBUG] (oshi.util.FileUtil) Reading file /sys/devices/system/cpu/cpu8/cache/index0/size
[15:32:04] [main/DEBUG] (oshi.util.FileUtil) Reading file /sys/devices/system/cpu/cpu8/cache/index0/size
[15:32:04] [main/DEBUG] (oshi.util.FileUtil) Reading file /sys/devices/system/cpu/cpu8/cache/index3/level
[15:32:04] [main/DEBUG] (oshi.util.FileUtil) Reading file /sys/devices/system/cpu/cpu8/cache/index3/level
[15:32:04] [main/DEBUG] (oshi.util.FileUtil) Reading file /sys/devices/system/cpu/cpu8/cache/index3/type
[15:32:04] [main/DEBUG] (oshi.util.FileUtil) Reading file /sys/devices/system/cpu/cpu8/cache/index3/type
[15:32:04] [main/DEBUG] (oshi.util.FileUtil) Reading file /sys/devices/system/cpu/cpu8/cache/index3/ways_of_associativity
[15:32:04] [main/DEBUG] (oshi.util.FileUtil) Reading file /sys/devices/system/cpu/cpu8/cache/index3/ways_of_associativity
[15:32:04] [main/DEBUG] (oshi.util.FileUtil) Reading file /sys/devices/system/cpu/cpu8/cache/index3/coherency_line_size
[15:32:04] [main/DEBUG] (oshi.util.FileUtil) Reading file /sys/devices/system/cpu/cpu8/cache/index3/coherency_line_size
[15:32:04] [main/DEBUG] (oshi.util.FileUtil) Reading file /sys/devices/system/cpu/cpu8/cache/index3/size
[15:32:04] [main/DEBUG] (oshi.util.FileUtil) Reading file /sys/devices/system/cpu/cpu8/cache/index3/size
[15:32:04] [main/DEBUG] (oshi.util.FileUtil) Reading file /sys/devices/system/cpu/cpu8/cache/index1/level
[15:32:04] [main/DEBUG] (oshi.util.FileUtil) Reading file /sys/devices/system/cpu/cpu8/cache/index1/level
[15:32:04] [main/DEBUG] (oshi.util.FileUtil) Reading file /sys/devices/system/cpu/cpu8/cache/index1/type
[15:32:04] [main/DEBUG] (oshi.util.FileUtil) Reading file /sys/devices/system/cpu/cpu8/cache/index1/type
[15:32:04] [main/DEBUG] (oshi.util.FileUtil) Reading file /sys/devices/system/cpu/cpu8/cache/index1/ways_of_associativity
[15:32:04] [main/DEBUG] (oshi.util.FileUtil) Reading file /sys/devices/system/cpu/cpu8/cache/index1/ways_of_associativity
[15:32:04] [main/DEBUG] (oshi.util.FileUtil) Reading file /sys/devices/system/cpu/cpu8/cache/index1/coherency_line_size
[15:32:04] [main/DEBUG] (oshi.util.FileUtil) Reading file /sys/devices/system/cpu/cpu8/cache/index1/coherency_line_size
[15:32:04] [main/DEBUG] (oshi.util.FileUtil) Reading file /sys/devices/system/cpu/cpu8/cache/index1/size
[15:32:04] [main/DEBUG] (oshi.util.FileUtil) Reading file /sys/devices/system/cpu/cpu8/cache/index1/size
[15:32:04] [main/DEBUG] (oshi.util.FileUtil) Reading file /sys/devices/system/cpu/cpu9/topology/core_id
[15:32:04] [main/DEBUG] (oshi.util.FileUtil) Reading file /sys/devices/system/cpu/cpu9/topology/core_id
[15:32:04] [main/DEBUG] (oshi.util.FileUtil) Reading file /sys/devices/system/cpu/cpu9/topology/physical_package_id
[15:32:04] [main/DEBUG] (oshi.util.FileUtil) Reading file /sys/devices/system/cpu/cpu9/topology/physical_package_id
[15:32:04] [main/DEBUG] (oshi.util.FileUtil) Reading file /sys/devices/system/cpu/cpu9/cpu_capacity
[15:32:04] [main/DEBUG] (oshi.util.FileUtil) Reading file /sys/devices/system/cpu/cpu9/cache/index2/level
[15:32:04] [main/DEBUG] (oshi.util.FileUtil) Reading file /sys/devices/system/cpu/cpu9/cache/index2/level
[15:32:04] [main/DEBUG] (oshi.util.FileUtil) Reading file /sys/devices/system/cpu/cpu9/cache/index2/type
[15:32:04] [main/DEBUG] (oshi.util.FileUtil) Reading file /sys/devices/system/cpu/cpu9/cache/index2/type
[15:32:04] [main/DEBUG] (oshi.util.FileUtil) Reading file /sys/devices/system/cpu/cpu9/cache/index2/ways_of_associativity
[15:32:04] [main/DEBUG] (oshi.util.FileUtil) Reading file /sys/devices/system/cpu/cpu9/cache/index2/ways_of_associativity
[15:32:04] [main/DEBUG] (oshi.util.FileUtil) Reading file /sys/devices/system/cpu/cpu9/cache/index2/coherency_line_size
[15:32:04] [main/DEBUG] (oshi.util.FileUtil) Reading file /sys/devices/system/cpu/cpu9/cache/index2/coherency_line_size
[15:32:04] [main/DEBUG] (oshi.util.FileUtil) Reading file /sys/devices/system/cpu/cpu9/cache/index2/size
[15:32:04] [main/DEBUG] (oshi.util.FileUtil) Reading file /sys/devices/system/cpu/cpu9/cache/index2/size
[15:32:04] [main/DEBUG] (oshi.util.FileUtil) Reading file /sys/devices/system/cpu/cpu9/cache/index0/level
[15:32:04] [main/DEBUG] (oshi.util.FileUtil) Reading file /sys/devices/system/cpu/cpu9/cache/index0/level
[15:32:04] [main/DEBUG] (oshi.util.FileUtil) Reading file /sys/devices/system/cpu/cpu9/cache/index0/type
[15:32:04] [main/DEBUG] (oshi.util.FileUtil) Reading file /sys/devices/system/cpu/cpu9/cache/index0/type
[15:32:04] [main/DEBUG] (oshi.util.FileUtil) Reading file /sys/devices/system/cpu/cpu9/cache/index0/ways_of_associativity
[15:32:04] [main/DEBUG] (oshi.util.FileUtil) Reading file /sys/devices/system/cpu/cpu9/cache/index0/ways_of_associativity
[15:32:04] [main/DEBUG] (oshi.util.FileUtil) Reading file /sys/devices/system/cpu/cpu9/cache/index0/coherency_line_size
[15:32:04] [main/DEBUG] (oshi.util.FileUtil) Reading file /sys/devices/system/cpu/cpu9/cache/index0/coherency_line_size
[15:32:04] [main/DEBUG] (oshi.util.FileUtil) Reading file /sys/devices/system/cpu/cpu9/cache/index0/size
[15:32:04] [main/DEBUG] (oshi.util.FileUtil) Reading file /sys/devices/system/cpu/cpu9/cache/index0/size
[15:32:04] [main/DEBUG] (oshi.util.FileUtil) Reading file /sys/devices/system/cpu/cpu9/cache/index3/level
[15:32:04] [main/DEBUG] (oshi.util.FileUtil) Reading file /sys/devices/system/cpu/cpu9/cache/index3/level
[15:32:04] [main/DEBUG] (oshi.util.FileUtil) Reading file /sys/devices/system/cpu/cpu9/cache/index3/type
[15:32:04] [main/DEBUG] (oshi.util.FileUtil) Reading file /sys/devices/system/cpu/cpu9/cache/index3/type
[15:32:04] [main/DEBUG] (oshi.util.FileUtil) Reading file /sys/devices/system/cpu/cpu9/cache/index3/ways_of_associativity
[15:32:04] [main/DEBUG] (oshi.util.FileUtil) Reading file /sys/devices/system/cpu/cpu9/cache/index3/ways_of_associativity
[15:32:04] [main/DEBUG] (oshi.util.FileUtil) Reading file /sys/devices/system/cpu/cpu9/cache/index3/coherency_line_size
[15:32:04] [main/DEBUG] (oshi.util.FileUtil) Reading file /sys/devices/system/cpu/cpu9/cache/index3/coherency_line_size
[15:32:04] [main/DEBUG] (oshi.util.FileUtil) Reading file /sys/devices/system/cpu/cpu9/cache/index3/size
[15:32:04] [main/DEBUG] (oshi.util.FileUtil) Reading file /sys/devices/system/cpu/cpu9/cache/index3/size
[15:32:04] [main/DEBUG] (oshi.util.FileUtil) Reading file /sys/devices/system/cpu/cpu9/cache/index1/level
[15:32:04] [main/DEBUG] (oshi.util.FileUtil) Reading file /sys/devices/system/cpu/cpu9/cache/index1/level
[15:32:04] [main/DEBUG] (oshi.util.FileUtil) Reading file /sys/devices/system/cpu/cpu9/cache/index1/type
[15:32:04] [main/DEBUG] (oshi.util.FileUtil) Reading file /sys/devices/system/cpu/cpu9/cache/index1/type
[15:32:04] [main/DEBUG] (oshi.util.FileUtil) Reading file /sys/devices/system/cpu/cpu9/cache/index1/ways_of_associativity
[15:32:04] [main/DEBUG] (oshi.util.FileUtil) Reading file /sys/devices/system/cpu/cpu9/cache/index1/ways_of_associativity
[15:32:04] [main/DEBUG] (oshi.util.FileUtil) Reading file /sys/devices/system/cpu/cpu9/cache/index1/coherency_line_size
[15:32:04] [main/DEBUG] (oshi.util.FileUtil) Reading file /sys/devices/system/cpu/cpu9/cache/index1/coherency_line_size
[15:32:04] [main/DEBUG] (oshi.util.FileUtil) Reading file /sys/devices/system/cpu/cpu9/cache/index1/size
[15:32:04] [main/DEBUG] (oshi.util.FileUtil) Reading file /sys/devices/system/cpu/cpu9/cache/index1/size
[15:32:04] [main/DEBUG] (oshi.util.FileUtil) Reading file /proc/cpuinfo
[15:32:04] [main/DEBUG] (oshi.util.FileUtil) Reading file /proc/cpuinfo
[15:32:04] [main/DEBUG] (oshi.util.FileUtil) Reading file /proc/self/auxv
[15:32:04] [main/DEBUG] (oshi.util.FileUtil) Reading file /proc/meminfo
[15:32:04] [main/DEBUG] (oshi.util.FileUtil) Reading file /proc/meminfo
[15:32:04] [main/DEBUG] (FabricLoader/Mixin) Mixing BootstrapMixin from fabric-registry-sync-v0.mixins.json into net.minecraft.Bootstrap
[15:32:04] [main/DEBUG] (FabricLoader/Mixin) Renaming synthetic method lambda$afterInitialize$1(Lnet/minecraft/fluid/Fluid;)Ljava/util/Collection; to md26369a$fabric-registry-sync-v0$lambda$afterInitialize$1$0 in fabric-registry-sync-v0.mixins.json:BootstrapMixin from mod fabric-registry-sync-v0
[15:32:04] [main/DEBUG] (FabricLoader/Mixin) Renaming synthetic method lambda$afterInitialize$0(Lnet/minecraft/block/Block;)Ljava/util/Collection; to md26369a$fabric-registry-sync-v0$lambda$afterInitialize$0$1 in fabric-registry-sync-v0.mixins.json:BootstrapMixin from mod fabric-registry-sync-v0
[15:32:04] [main/DEBUG] (FabricLoader/Mixin) fabric-registry-sync-v0.mixins.json:BootstrapMixin from mod fabric-registry-sync-v0->@Inject::afterInitialize(Lorg/spongepowered/asm/mixin/injection/callback/CallbackInfo;)V doesn't use it's CallbackInfo
[15:32:04] [main/DEBUG] (FabricLoader/Mixin) Mixing RegistryMixin from fabric-registry-sync-v0.mixins.json into net.minecraft.registry.Registry
[15:32:04] [main/DEBUG] (FabricLoader/Mixin) Mixing RegistriesMixin from fabric-item-api-v1.mixins.json into net.minecraft.registry.Registries
[15:32:04] [main/DEBUG] (FabricLoader/Mixin) Mixing RegistriesAccessor from fabric-registry-sync-v0.mixins.json into net.minecraft.registry.Registries
[15:32:04] [main/DEBUG] (FabricLoader/Mixin) Renaming @Accessor method getROOT()Lnet/minecraft/registry/MutableRegistry; to getROOT$fabric-registry-sync-v0_$md$26369a$0 in fabric-registry-sync-v0.mixins.json:RegistriesAccessor from mod fabric-registry-sync-v0
[15:32:04] [main/DEBUG] (FabricLoader/Mixin) Mixing RegistriesMixin from fabric-registry-sync-v0.mixins.json into net.minecraft.registry.Registries
[15:32:04] [main/DEBUG] (FabricLoader/Mixin) fabric-item-api-v1.mixins.json:RegistriesMixin from mod fabric-item-api-v1->@Inject::modifyDefaultItemComponents(Lorg/spongepowered/asm/mixin/injection/callback/CallbackInfo;)V doesn't use it's CallbackInfo
[15:32:04] [main/DEBUG] (FabricLoader/Mixin) fabric-registry-sync-v0.mixins.json:RegistriesMixin from mod fabric-registry-sync-v0->@Inject::init(Lorg/spongepowered/asm/mixin/injection/callback/CallbackInfo;)V does use it's CallbackInfo
[15:32:04] [main/DEBUG] (FabricLoader/Mixin) Mixing SimpleRegistryMixin from fabric-tag-api-v1.mixins.json into net.minecraft.registry.SimpleRegistry
[15:32:04] [main/DEBUG] (FabricLoader/Mixin) Mixing SimpleRegistryAccessor from fabric-registry-sync-v0.mixins.json into net.minecraft.registry.SimpleRegistry
[15:32:04] [main/DEBUG] (FabricLoader/Mixin) Mixing SimpleRegistryMixin from fabric-registry-sync-v0.mixins.json into net.minecraft.registry.SimpleRegistry
[15:32:04] [main/DEBUG] (FabricLoader/Mixin) Renaming synthetic method lambda$init$4([Lnet/fabricmc/fabric/api/event/registry/RegistryIdRemapCallback;)Lnet/fabricmc/fabric/api/event/registry/RegistryIdRemapCallback; to md26369a$fabric-registry-sync-v0$lambda$init$4$0 in fabric-registry-sync-v0.mixins.json:SimpleRegistryMixin from mod fabric-registry-sync-v0
[15:32:04] [main/DEBUG] (FabricLoader/Mixin) Renaming synthetic method lambda$init$3([Lnet/fabricmc/fabric/api/event/registry/RegistryIdRemapCallback;Lnet/fabricmc/fabric/api/event/registry/RegistryIdRemapCallback$RemapState;)V to md26369a$fabric-registry-sync-v0$lambda$init$3$1 in fabric-registry-sync-v0.mixins.json:SimpleRegistryMixin from mod fabric-registry-sync-v0
[15:32:04] [main/DEBUG] (FabricLoader/Mixin) Renaming synthetic method lambda$init$2(ILnet/minecraft/util/Identifier;Ljava/lang/Object;)V to md26369a$fabric-registry-sync-v0$lambda$init$2$2 in fabric-registry-sync-v0.mixins.json:SimpleRegistryMixin from mod fabric-registry-sync-v0
[15:32:04] [main/DEBUG] (FabricLoader/Mixin) Renaming synthetic method lambda$init$1([Lnet/fabricmc/fabric/api/event/registry/RegistryEntryAddedCallback;)Lnet/fabricmc/fabric/api/event/registry/RegistryEntryAddedCallback; to md26369a$fabric-registry-sync-v0$lambda$init$1$3 in fabric-registry-sync-v0.mixins.json:SimpleRegistryMixin from mod fabric-registry-sync-v0
[15:32:04] [main/DEBUG] (FabricLoader/Mixin) Renaming synthetic method lambda$init$0([Lnet/fabricmc/fabric/api/event/registry/RegistryEntryAddedCallback;ILnet/minecraft/util/Identifier;Ljava/lang/Object;)V to md26369a$fabric-registry-sync-v0$lambda$init$0$4 in fabric-registry-sync-v0.mixins.json:SimpleRegistryMixin from mod fabric-registry-sync-v0
[15:32:04] [main/DEBUG] (FabricLoader/Mixin) fabric-registry-sync-v0.mixins.json:SimpleRegistryMixin from mod fabric-registry-sync-v0->@Inject::init(Lnet/minecraft/registry/RegistryKey;Lcom/mojang/serialization/Lifecycle;ZLorg/spongepowered/asm/mixin/injection/callback/CallbackInfo;)V doesn't use it's CallbackInfo
[15:32:04] [main/DEBUG] (FabricLoader/Mixin) fabric-registry-sync-v0.mixins.json:SimpleRegistryMixin from mod fabric-registry-sync-v0->@Inject::init(Lnet/minecraft/registry/RegistryKey;Lcom/mojang/serialization/Lifecycle;ZLorg/spongepowered/asm/mixin/injection/callback/CallbackInfo;)V has 0 override(s) in child classes
[15:32:04] [main/DEBUG] (FabricLoader/Mixin) fabric-registry-sync-v0.mixins.json:SimpleRegistryMixin from mod fabric-registry-sync-v0->@Inject::init(Lnet/minecraft/registry/RegistryKey;Lcom/mojang/serialization/Lifecycle;ZLorg/spongepowered/asm/mixin/injection/callback/CallbackInfo;)V won't be passed a CallbackInfo as a result
[15:32:04] [main/DEBUG] (FabricLoader/Mixin) fabric-registry-sync-v0.mixins.json:SimpleRegistryMixin from mod fabric-registry-sync-v0->@Inject::set(Lnet/minecraft/registry/RegistryKey;Ljava/lang/Object;Lnet/minecraft/registry/entry/RegistryEntryInfo;Lorg/spongepowered/asm/mixin/injection/callback/CallbackInfoReturnable;)V does use it's CallbackInfoReturnable
[15:32:04] [main/DEBUG] (FabricLoader/Mixin) Mixing RegistryKeysMixin from fabric-registry-sync-v0.mixins.json into net.minecraft.registry.RegistryKeys
[15:32:04] [Datafixer Bootstrap/INFO] (com.mojang.datafixers.DataFixerBuilder) 278 Datafixer optimizations took 345 milliseconds
[15:32:04] [main/DEBUG] (FabricLoader/Mixin) Mixing ArgumentTypesAccessor from fabric-command-api-v2.mixins.json into net.minecraft.command.argument.ArgumentTypes
[15:32:04] [main/DEBUG] (FabricLoader/Mixin) Renaming @Accessor method fabric_getClassMap()Ljava/util/Map; to fabric_getClassMap$fabric-command-api-v2_$md$26369a$0 in fabric-command-api-v2.mixins.json:ArgumentTypesAccessor from mod fabric-command-api-v2
[15:32:04] [main/DEBUG] (FabricLoader/Mixin) Mixing ItemGroupsMixin from fabric-item-group-api-v1.mixins.json into net.minecraft.item.ItemGroups
[15:32:04] [main/DEBUG] (FabricLoader/Mixin) Renaming synthetic method lambda$paginateGroups$0(Lnet/minecraft/registry/entry/RegistryEntry$Reference;Lnet/minecraft/registry/entry/RegistryEntry$Reference;)I to md26369a$fabric-item-group-api-v1$lambda$paginateGroups$0$0 in fabric-item-group-api-v1.mixins.json:ItemGroupsMixin from mod fabric-item-group-api-v1
[15:32:04] [main/DEBUG] (FabricLoader/Mixin) fabric-item-group-api-v1.mixins.json:ItemGroupsMixin from mod fabric-item-group-api-v1->@Inject::deferDuplicateCheck(Lorg/spongepowered/asm/mixin/injection/callback/CallbackInfo;)V does use it's CallbackInfo
[15:32:04] [main/DEBUG] (FabricLoader/Mixin) fabric-item-group-api-v1.mixins.json:ItemGroupsMixin from mod fabric-item-group-api-v1->@Inject::paginateGroups(Lorg/spongepowered/asm/mixin/injection/callback/CallbackInfo;)V doesn't use it's CallbackInfo
[15:32:04] [main/DEBUG] (FabricLoader/Mixin) Mixing ItemGroupAccessor from fabric-item-group-api-v1.mixins.json into net.minecraft.item.ItemGroup
[15:32:04] [main/DEBUG] (FabricLoader/Mixin) Mixing ItemGroupMixin from fabric-item-group-api-v1.mixins.json into net.minecraft.item.ItemGroup
[15:32:04] [main/DEBUG] (FabricLoader/Mixin) Renaming synthetic method lambda$getStacks$0(Lnet/minecraft/item/ItemGroup;)Ljava/lang/IllegalStateException; to md26369a$fabric-item-group-api-v1$lambda$getStacks$0$0 in fabric-item-group-api-v1.mixins.json:ItemGroupMixin from mod fabric-item-group-api-v1
[15:32:04] [main/DEBUG] (FabricLoader/Mixin) fabric-item-group-api-v1.mixins.json:ItemGroupMixin from mod fabric-item-group-api-v1->@Inject::getStacks(Lnet/minecraft/item/ItemGroup$DisplayContext;Lorg/spongepowered/asm/mixin/injection/callback/CallbackInfo;)V doesn't use it's CallbackInfo
[15:32:04] [main/DEBUG] (FabricLoader/Mixin) fabric-item-group-api-v1.mixins.json:ItemGroupMixin from mod fabric-item-group-api-v1->@Inject::getStacks(Lnet/minecraft/item/ItemGroup$DisplayContext;Lorg/spongepowered/asm/mixin/injection/callback/CallbackInfo;)V has 0 override(s) in child classes
[15:32:04] [main/DEBUG] (FabricLoader/Mixin) fabric-item-group-api-v1.mixins.json:ItemGroupMixin from mod fabric-item-group-api-v1->@Inject::getStacks(Lnet/minecraft/item/ItemGroup$DisplayContext;Lorg/spongepowered/asm/mixin/injection/callback/CallbackInfo;)V won't be passed a CallbackInfo as a result
[15:32:04] [main/DEBUG] (FabricLoader/Mixin) Mixing FireBlockMixin from fabric-content-registries-v0.mixins.json into net.minecraft.block.FireBlock
[15:32:04] [main/DEBUG] (FabricLoader/Mixin) fabric-content-registries-v0.mixins.json:FireBlockMixin from mod fabric-content-registries-v0->@Inject::afterConstruct(Lnet/minecraft/block/AbstractBlock$Settings;Lorg/spongepowered/asm/mixin/injection/callback/CallbackInfo;)V doesn't use it's CallbackInfo
[15:32:04] [main/DEBUG] (FabricLoader/Mixin) fabric-content-registries-v0.mixins.json:FireBlockMixin from mod fabric-content-registries-v0->@Inject::afterConstruct(Lnet/minecraft/block/AbstractBlock$Settings;Lorg/spongepowered/asm/mixin/injection/callback/CallbackInfo;)V has 0 override(s) in child classes
[15:32:04] [main/DEBUG] (FabricLoader/Mixin) fabric-content-registries-v0.mixins.json:FireBlockMixin from mod fabric-content-registries-v0->@Inject::afterConstruct(Lnet/minecraft/block/AbstractBlock$Settings;Lorg/spongepowered/asm/mixin/injection/callback/CallbackInfo;)V won't be passed a CallbackInfo as a result
[15:32:04] [main/DEBUG] (FabricLoader/Mixin) fabric-content-registries-v0.mixins.json:FireBlockMixin from mod fabric-content-registries-v0->@Inject::getFabricBurnChance(Lnet/minecraft/block/BlockState;Lorg/spongepowered/asm/mixin/injection/callback/CallbackInfoReturnable;)V does use it's CallbackInfoReturnable
[15:32:04] [main/DEBUG] (FabricLoader/Mixin) fabric-content-registries-v0.mixins.json:FireBlockMixin from mod fabric-content-registries-v0->@Inject::getFabricSpreadChance(Lnet/minecraft/block/BlockState;Lorg/spongepowered/asm/mixin/injection/callback/CallbackInfoReturnable;)V does use it's CallbackInfoReturnable
[15:32:04] [main/DEBUG] (FabricLoader/Mixin) Mixing BlockMixin from fabric-block-api-v1.mixins.json into net.minecraft.block.Block
[15:32:04] [main/DEBUG] (FabricLoader/Mixin) Mixing inject.MixinBlock from architectury-common.mixins.json into net.minecraft.block.Block
[15:32:04] [main/DEBUG] (FabricLoader/Mixin) architectury-common.mixins.json:inject.MixinBlock from mod architectury: Class version 65 required is higher than the class version supported by the current version of Mixin (JAVA_16 supports class version 60)
[15:32:04] [main/DEBUG] (FabricLoader/Mixin) Mixing AbstractBlockAccessor from fabric-content-registries-v0.mixins.json into net.minecraft.block.AbstractBlock
[15:32:04] [main/DEBUG] (FabricLoader/Mixin) Mixing BlockViewMixin from fabric-block-view-api-v2.mixins.json into net.minecraft.world.BlockView
[15:32:04] [main/DEBUG] (FabricLoader/Mixin) Mixing AttachmentTargetsMixin from fabric-data-attachment-api-v1.mixins.json into net.minecraft.entity.Entity
[15:32:04] [main/DEBUG] (FabricLoader/Mixin) Renaming synthetic method lambda$fabric_readAttachmentsFromNbt$3(Lnet/minecraft/storage/ReadView;Lnet/fabricmc/fabric/api/attachment/v1/AttachmentType;Ljava/lang/Object;)V to md26369a$fabric-data-attachment-api-v1$lambda$fabric_readAttachmentsFromNbt$3$0 in fabric-data-attachment-api-v1.mixins.json:AttachmentTargetsMixin from mod fabric-data-attachment-api-v1
[15:32:04] [main/DEBUG] (FabricLoader/Mixin) Renaming synthetic method lambda$onAttachedSet$2(Lnet/fabricmc/fabric/api/attachment/v1/AttachmentType;)Lnet/fabricmc/fabric/api/event/Event; to md26369a$fabric-data-attachment-api-v1$lambda$onAttachedSet$2$1 in fabric-data-attachment-api-v1.mixins.json:AttachmentTargetsMixin from mod fabric-data-attachment-api-v1
[15:32:04] [main/DEBUG] (FabricLoader/Mixin) Renaming synthetic method lambda$onAttachedSet$1([Lnet/fabricmc/fabric/api/attachment/v1/AttachmentTarget$OnAttachedSet;)Lnet/fabricmc/fabric/api/attachment/v1/AttachmentTarget$OnAttachedSet; to md26369a$fabric-data-attachment-api-v1$lambda$onAttachedSet$1$2 in fabric-data-attachment-api-v1.mixins.json:AttachmentTargetsMixin from mod fabric-data-attachment-api-v1
[15:32:04] [main/DEBUG] (FabricLoader/Mixin) Renaming synthetic method lambda$onAttachedSet$0([Lnet/fabricmc/fabric/api/attachment/v1/AttachmentTarget$OnAttachedSet;Ljava/lang/Object;Ljava/lang/Object;)V to md26369a$fabric-data-attachment-api-v1$lambda$onAttachedSet$0$3 in fabric-data-attachment-api-v1.mixins.json:AttachmentTargetsMixin from mod fabric-data-attachment-api-v1
[15:32:04] [main/DEBUG] (FabricLoader/Mixin) Mixing EntityMixin from fabric-data-attachment-api-v1.mixins.json into net.minecraft.entity.Entity
[15:32:04] [main/DEBUG] (FabricLoader/Mixin) Renaming synthetic method lambda$fabric_syncChange$0(Lnet/fabricmc/fabric/api/attachment/v1/AttachmentSyncPredicate;Lnet/fabricmc/fabric/impl/attachment/sync/s2c/AttachmentSyncPayloadS2C;Lnet/minecraft/server/network/ServerPlayerEntity;)V to md26369a$fabric-data-attachment-api-v1$lambda$fabric_syncChange$0$4 in fabric-data-attachment-api-v1.mixins.json:EntityMixin from mod fabric-data-attachment-api-v1
[15:32:04] [main/DEBUG] (FabricLoader/Mixin) Mixing EntityMixin from fabric-entity-events-v1.mixins.json into net.minecraft.entity.Entity
[15:32:04] [main/DEBUG] (FabricLoader/Mixin) Mixing EntityMixin from fabric-particles-v1.mixins.json into net.minecraft.entity.Entity
[15:32:04] [main/DEBUG] (FabricLoader/Mixin) Mixing MixinEntity from architectury.mixins.json into net.minecraft.entity.Entity
[15:32:04] [main/DEBUG] (FabricLoader/Mixin) architectury.mixins.json:MixinEntity from mod architectury: Class version 65 required is higher than the class version supported by the current version of Mixin (JAVA_16 supports class version 60)
[15:32:04] [main/DEBUG] (FabricLoader/Mixin) fabric-data-attachment-api-v1.mixins.json:EntityMixin from mod fabric-data-attachment-api-v1->@Inject::readEntityAttachments(Lnet/minecraft/storage/ReadView;Lorg/spongepowered/asm/mixin/injection/callback/CallbackInfo;)V doesn't use it's CallbackInfo
[15:32:04] [main/DEBUG] (FabricLoader/Mixin) fabric-data-attachment-api-v1.mixins.json:EntityMixin from mod fabric-data-attachment-api-v1->@Inject::readEntityAttachments(Lnet/minecraft/storage/ReadView;Lorg/spongepowered/asm/mixin/injection/callback/CallbackInfo;)V has 0 override(s) in child classes
[15:32:04] [main/DEBUG] (FabricLoader/Mixin) fabric-data-attachment-api-v1.mixins.json:EntityMixin from mod fabric-data-attachment-api-v1->@Inject::readEntityAttachments(Lnet/minecraft/storage/ReadView;Lorg/spongepowered/asm/mixin/injection/callback/CallbackInfo;)V won't be passed a CallbackInfo as a result
[15:32:04] [main/DEBUG] (FabricLoader/Mixin) fabric-data-attachment-api-v1.mixins.json:EntityMixin from mod fabric-data-attachment-api-v1->@Inject::writeEntityAttachments(Lnet/minecraft/storage/WriteView;Lorg/spongepowered/asm/mixin/injection/callback/CallbackInfo;)V doesn't use it's CallbackInfo
[15:32:04] [main/DEBUG] (FabricLoader/Mixin) fabric-data-attachment-api-v1.mixins.json:EntityMixin from mod fabric-data-attachment-api-v1->@Inject::writeEntityAttachments(Lnet/minecraft/storage/WriteView;Lorg/spongepowered/asm/mixin/injection/callback/CallbackInfo;)V has 0 override(s) in child classes
[15:32:04] [main/DEBUG] (FabricLoader/Mixin) fabric-data-attachment-api-v1.mixins.json:EntityMixin from mod fabric-data-attachment-api-v1->@Inject::writeEntityAttachments(Lnet/minecraft/storage/WriteView;Lorg/spongepowered/asm/mixin/injection/callback/CallbackInfo;)V won't be passed a CallbackInfo as a result
[15:32:04] [main/DEBUG] (FabricLoader/Mixin) architectury.mixins.json:MixinEntity from mod architectury->@Inject::hurtClient(Lnet/minecraft/entity/damage/DamageSource;Lorg/spongepowered/asm/mixin/injection/callback/CallbackInfoReturnable;)V does use it's CallbackInfoReturnable
[15:32:04] [main/DEBUG] (FabricLoader/Mixin) Mixing PlayerEntityMixin from fabric-entity-events-v1.mixins.json into net.minecraft.entity.player.PlayerEntity
[15:32:04] [main/DEBUG] (FabricLoader/Mixin) Mixing LivingDeathInvoker from architectury.mixins.json into net.minecraft.entity.player.PlayerEntity
[15:32:04] [main/DEBUG] (FabricLoader/Mixin) architectury.mixins.json:LivingDeathInvoker from mod architectury: Class version 65 required is higher than the class version supported by the current version of Mixin (JAVA_16 supports class version 60)
[15:32:04] [main/DEBUG] (FabricLoader/Mixin) Mixing MixinPlayer from architectury.mixins.json into net.minecraft.entity.player.PlayerEntity
[15:32:04] [main/DEBUG] (FabricLoader/Mixin) architectury.mixins.json:MixinPlayer from mod architectury: Class version 65 required is higher than the class version supported by the current version of Mixin (JAVA_16 supports class version 60)
[15:32:04] [main/DEBUG] (FabricLoader/Mixin) Mixing PlayerAttackInvoker from architectury.mixins.json into net.minecraft.entity.player.PlayerEntity
[15:32:04] [main/DEBUG] (FabricLoader/Mixin) architectury.mixins.json:PlayerAttackInvoker from mod architectury: Class version 65 required is higher than the class version supported by the current version of Mixin (JAVA_16 supports class version 60)
[15:32:04] [main/DEBUG] (FabricLoader/Mixin) fabric-entity-events-v1.mixins.json:PlayerEntityMixin from mod fabric-entity-events-v1->@Inject::onTrySleep(Lnet/minecraft/util/math/BlockPos;Lorg/spongepowered/asm/mixin/injection/callback/CallbackInfoReturnable;)V does use it's CallbackInfoReturnable
[15:32:04] [main/DEBUG] (FabricLoader/Mixin) fabric-entity-events-v1.mixins.json:PlayerEntityMixin from mod fabric-entity-events-v1->@Inject::onIsSleepingLongEnough(Lorg/spongepowered/asm/mixin/injection/callback/CallbackInfoReturnable;)V does use it's CallbackInfoReturnable
[15:32:04] [main/DEBUG] (FabricLoader/Mixin) architectury.mixins.json:LivingDeathInvoker from mod architectury->@Inject::die(Lnet/minecraft/entity/damage/DamageSource;Lorg/spongepowered/asm/mixin/injection/callback/CallbackInfo;)V does use it's CallbackInfo
[15:32:04] [main/DEBUG] (FabricLoader/Mixin) architectury.mixins.json:MixinPlayer from mod architectury->@Inject::preTick(Lorg/spongepowered/asm/mixin/injection/callback/CallbackInfo;)V doesn't use it's CallbackInfo
[15:32:04] [main/DEBUG] (FabricLoader/Mixin) architectury.mixins.json:MixinPlayer from mod architectury->@Inject::preTick(Lorg/spongepowered/asm/mixin/injection/callback/CallbackInfo;)V has 0 override(s) in child classes
[15:32:04] [main/DEBUG] (FabricLoader/Mixin) architectury.mixins.json:MixinPlayer from mod architectury->@Inject::preTick(Lorg/spongepowered/asm/mixin/injection/callback/CallbackInfo;)V won't be passed a CallbackInfo as a result
[15:32:04] [main/DEBUG] (FabricLoader/Mixin) architectury.mixins.json:MixinPlayer from mod architectury->@Inject::postTick(Lorg/spongepowered/asm/mixin/injection/callback/CallbackInfo;)V doesn't use it's CallbackInfo
[15:32:04] [main/DEBUG] (FabricLoader/Mixin) architectury.mixins.json:MixinPlayer from mod architectury->@Inject::postTick(Lorg/spongepowered/asm/mixin/injection/callback/CallbackInfo;)V has 0 override(s) in child classes
[15:32:04] [main/DEBUG] (FabricLoader/Mixin) architectury.mixins.json:MixinPlayer from mod architectury->@Inject::postTick(Lorg/spongepowered/asm/mixin/injection/callback/CallbackInfo;)V won't be passed a CallbackInfo as a result
[15:32:04] [main/DEBUG] (FabricLoader/Mixin) architectury.mixins.json:MixinPlayer from mod architectury->@Inject::drop(Lnet/minecraft/item/ItemStack;ZLorg/spongepowered/asm/mixin/injection/callback/CallbackInfoReturnable;)V does use it's CallbackInfoReturnable
[15:32:04] [main/DEBUG] (FabricLoader/Mixin) architectury.mixins.json:MixinPlayer from mod architectury->@Inject::entityInteract(Lnet/minecraft/entity/Entity;Lnet/minecraft/util/Hand;Lorg/spongepowered/asm/mixin/injection/callback/CallbackInfoReturnable;)V does use it's CallbackInfoReturnable
[15:32:04] [main/DEBUG] (FabricLoader/Mixin) architectury.mixins.json:PlayerAttackInvoker from mod architectury->@Inject::hurtServer(Lnet/minecraft/server/world/ServerWorld;Lnet/minecraft/entity/damage/DamageSource;FLorg/spongepowered/asm/mixin/injection/callback/CallbackInfoReturnable;)V does use it's CallbackInfoReturnable
[15:32:04] [main/DEBUG] (FabricLoader/Mixin) Mixing LivingEntityMixin from fabric-item-api-v1.mixins.json into net.minecraft.entity.LivingEntity
[15:32:04] [main/DEBUG] (FabricLoader/Mixin) Mixing LivingEntityMixin from fabric-entity-events-v1.mixins.json into net.minecraft.entity.LivingEntity
[15:32:04] [main/DEBUG] (FabricLoader/Mixin) Mixing elytra.LivingEntityMixin from fabric-entity-events-v1.mixins.json into net.minecraft.entity.LivingEntity
[15:32:04] [main/DEBUG] (FabricLoader/Mixin) Mixing LivingEntityMixin from fabric-particles-v1.mixins.json into net.minecraft.entity.LivingEntity
[15:32:04] [main/DEBUG] (FabricLoader/Mixin) Mixing LivingEntityMixin from fabric-block-api-v1.mixins.json into net.minecraft.entity.LivingEntity
[15:32:04] [main/DEBUG] (FabricLoader/Mixin) Mixing LivingEntityMixin from fabric-lifecycle-events-v1.mixins.json into net.minecraft.entity.LivingEntity
[15:32:04] [main/DEBUG] (FabricLoader/Mixin) Mixing LivingDeathInvoker from architectury.mixins.json into net.minecraft.entity.LivingEntity
[15:32:04] [main/DEBUG] (FabricLoader/Mixin) architectury.mixins.json:LivingDeathInvoker from mod architectury: Class version 65 required is higher than the class version supported by the current version of Mixin (JAVA_16 supports class version 60)
[15:32:04] [main/DEBUG] (FabricLoader/Mixin) Mixing MixinLivingEntity from architectury.mixins.json into net.minecraft.entity.LivingEntity
[15:32:04] [main/DEBUG] (FabricLoader/Mixin) architectury.mixins.json:MixinLivingEntity from mod architectury: Class version 65 required is higher than the class version supported by the current version of Mixin (JAVA_16 supports class version 60)
[15:32:05] [main/DEBUG] (FabricLoader/Mixin) fabric-item-api-v1.mixins.json:LivingEntityMixin from mod fabric-item-api-v1->@Inject::onGetPreferredEquipmentSlot(Lnet/minecraft/item/ItemStack;Lorg/spongepowered/asm/mixin/injection/callback/CallbackInfoReturnable;)V does use it's CallbackInfoReturnable
[15:32:05] [main/DEBUG] (FabricLoader/Mixin) fabric-entity-events-v1.mixins.json:LivingEntityMixin from mod fabric-entity-events-v1->@Inject::notifyDeath(Lnet/minecraft/entity/damage/DamageSource;Lorg/spongepowered/asm/mixin/injection/callback/CallbackInfo;)V doesn't use it's CallbackInfo
[15:32:05] [main/DEBUG] (FabricLoader/Mixin) fabric-entity-events-v1.mixins.json:LivingEntityMixin from mod fabric-entity-events-v1->@Inject::notifyDeath(Lnet/minecraft/entity/damage/DamageSource;Lorg/spongepowered/asm/mixin/injection/callback/CallbackInfo;)V has 0 override(s) in child classes
[15:32:05] [main/DEBUG] (FabricLoader/Mixin) fabric-entity-events-v1.mixins.json:LivingEntityMixin from mod fabric-entity-events-v1->@Inject::notifyDeath(Lnet/minecraft/entity/damage/DamageSource;Lorg/spongepowered/asm/mixin/injection/callback/CallbackInfo;)V won't be passed a CallbackInfo as a result
[15:32:05] [main/DEBUG] (FabricLoader/Mixin) fabric-entity-events-v1.mixins.json:LivingEntityMixin from mod fabric-entity-events-v1->@Inject::beforeDamage(Lnet/minecraft/server/world/ServerWorld;Lnet/minecraft/entity/damage/DamageSource;FLorg/spongepowered/asm/mixin/injection/callback/CallbackInfoReturnable;)V does use it's CallbackInfoReturnable
[15:32:05] [main/DEBUG] (FabricLoader/Mixin) fabric-entity-events-v1.mixins.json:LivingEntityMixin from mod fabric-entity-events-v1->@Inject::afterDamage(Lnet/minecraft/server/world/ServerWorld;Lnet/minecraft/entity/damage/DamageSource;FLorg/spongepowered/asm/mixin/injection/callback/CallbackInfoReturnable;)V doesn't use it's CallbackInfoReturnable
[15:32:05] [main/DEBUG] (FabricLoader/Mixin) fabric-entity-events-v1.mixins.json:LivingEntityMixin from mod fabric-entity-events-v1->@Inject::afterDamage(Lnet/minecraft/server/world/ServerWorld;Lnet/minecraft/entity/damage/DamageSource;FLorg/spongepowered/asm/mixin/injection/callback/CallbackInfoReturnable;)V has 0 override(s) in child classes
[15:32:05] [main/DEBUG] (FabricLoader/Mixin) fabric-entity-events-v1.mixins.json:LivingEntityMixin from mod fabric-entity-events-v1->@Inject::afterDamage(Lnet/minecraft/server/world/ServerWorld;Lnet/minecraft/entity/damage/DamageSource;FLorg/spongepowered/asm/mixin/injection/callback/CallbackInfoReturnable;)V won't be passed a CallbackInfoReturnable as a result
[15:32:05] [main/DEBUG] (FabricLoader/Mixin) fabric-entity-events-v1.mixins.json:LivingEntityMixin from mod fabric-entity-events-v1->@Inject::onSleep(Lnet/minecraft/util/math/BlockPos;Lorg/spongepowered/asm/mixin/injection/callback/CallbackInfo;)V doesn't use it's CallbackInfo
[15:32:05] [main/DEBUG] (FabricLoader/Mixin) fabric-entity-events-v1.mixins.json:LivingEntityMixin from mod fabric-entity-events-v1->@Inject::onSleep(Lnet/minecraft/util/math/BlockPos;Lorg/spongepowered/asm/mixin/injection/callback/CallbackInfo;)V has 0 override(s) in child classes
[15:32:05] [main/DEBUG] (FabricLoader/Mixin) fabric-entity-events-v1.mixins.json:LivingEntityMixin from mod fabric-entity-events-v1->@Inject::onSleep(Lnet/minecraft/util/math/BlockPos;Lorg/spongepowered/asm/mixin/injection/callback/CallbackInfo;)V won't be passed a CallbackInfo as a result
[15:32:05] [main/DEBUG] (FabricLoader/Mixin) fabric-entity-events-v1.mixins.json:LivingEntityMixin from mod fabric-entity-events-v1->@Inject::onWakeUp(Lorg/spongepowered/asm/mixin/injection/callback/CallbackInfo;)V doesn't use it's CallbackInfo
[15:32:05] [main/DEBUG] (FabricLoader/Mixin) fabric-entity-events-v1.mixins.json:LivingEntityMixin from mod fabric-entity-events-v1->@Inject::onWakeUp(Lorg/spongepowered/asm/mixin/injection/callback/CallbackInfo;)V has 0 override(s) in child classes
[15:32:05] [main/DEBUG] (FabricLoader/Mixin) fabric-entity-events-v1.mixins.json:LivingEntityMixin from mod fabric-entity-events-v1->@Inject::onWakeUp(Lorg/spongepowered/asm/mixin/injection/callback/CallbackInfo;)V won't be passed a CallbackInfo as a result
[15:32:05] [main/DEBUG] (FabricLoader/Mixin) fabric-entity-events-v1.mixins.json:LivingEntityMixin from mod fabric-entity-events-v1->@Inject::onIsSleepingInBed(Lnet/minecraft/util/math/BlockPos;Lorg/spongepowered/asm/mixin/injection/callback/CallbackInfoReturnable;)V does use it's CallbackInfoReturnable
[15:32:05] [main/DEBUG] (FabricLoader/Mixin) fabric-entity-events-v1.mixins.json:elytra.LivingEntityMixin from mod fabric-entity-events-v1->@Inject::injectElytraTick(Lorg/spongepowered/asm/mixin/injection/callback/CallbackInfo;)V does use it's CallbackInfo
[15:32:05] [main/DEBUG] (FabricLoader/Mixin) fabric-entity-events-v1.mixins.json:elytra.LivingEntityMixin from mod fabric-entity-events-v1->@Inject::injectElytraCheck(Lorg/spongepowered/asm/mixin/injection/callback/CallbackInfoReturnable;)V does use it's CallbackInfoReturnable
[15:32:05] [main/DEBUG] (FabricLoader/Mixin) fabric-block-api-v1.mixins.json:LivingEntityMixin from mod fabric-block-api-v1->@Inject::allowTaggedBlocksForTrapdoorClimbing(Lnet/minecraft/util/math/BlockPos;Lnet/minecraft/block/BlockState;Lorg/spongepowered/asm/mixin/injection/callback/CallbackInfoReturnable;)V does use it's CallbackInfoReturnable
[15:32:05] [main/DEBUG] (FabricLoader/Mixin) fabric-lifecycle-events-v1.mixins.json:LivingEntityMixin from mod fabric-lifecycle-events-v1->@Inject::getEquipmentChanges(Lorg/spongepowered/asm/mixin/injection/callback/CallbackInfoReturnable;)V doesn't use it's CallbackInfoReturnable
[15:32:05] [main/DEBUG] (FabricLoader/Mixin) fabric-lifecycle-events-v1.mixins.json:LivingEntityMixin from mod fabric-lifecycle-events-v1->@Inject::getEquipmentChanges(Lorg/spongepowered/asm/mixin/injection/callback/CallbackInfoReturnable;)V has 0 override(s) in child classes
[15:32:05] [main/DEBUG] (FabricLoader/Mixin) fabric-lifecycle-events-v1.mixins.json:LivingEntityMixin from mod fabric-lifecycle-events-v1->@Inject::getEquipmentChanges(Lorg/spongepowered/asm/mixin/injection/callback/CallbackInfoReturnable;)V won't be passed a CallbackInfoReturnable as a result
[15:32:05] [main/DEBUG] (FabricLoader/Mixin) architectury.mixins.json:LivingDeathInvoker from mod architectury->@Inject::die(Lnet/minecraft/entity/damage/DamageSource;Lorg/spongepowered/asm/mixin/injection/callback/CallbackInfo;)V does use it's CallbackInfo
[15:32:05] [main/DEBUG] (FabricLoader/Mixin) architectury.mixins.json:MixinLivingEntity from mod architectury->@Inject::hurtServer(Lnet/minecraft/server/world/ServerWorld;Lnet/minecraft/entity/damage/DamageSource;FLorg/spongepowered/asm/mixin/injection/callback/CallbackInfoReturnable;)V does use it's CallbackInfoReturnable
[15:32:05] [main/DEBUG] (FabricLoader/Mixin) Mixing WorldViewMixin from fabric-block-view-api-v2.mixins.json into net.minecraft.world.WorldView
[15:32:05] [main/DEBUG] (FabricLoader/Mixin) Mixing AttachmentTargetsMixin from fabric-data-attachment-api-v1.mixins.json into net.minecraft.world.World
[15:32:05] [main/DEBUG] (FabricLoader/Mixin) Mixing WorldMixin from fabric-data-attachment-api-v1.mixins.json into net.minecraft.world.World
[15:32:05] [main/DEBUG] (FabricLoader/Mixin) Mixing WorldMixin from fabric-lifecycle-events-v1.mixins.json into net.minecraft.world.World
[15:32:05] [main/DEBUG] (FabricLoader/Mixin) Mixing ServerWorldMixin from fabric-data-attachment-api-v1.mixins.json into net.minecraft.server.world.ServerWorld
[15:32:05] [main/DEBUG] (FabricLoader/Mixin) Renaming synthetic method lambda$fabric_syncChange$1(Lnet/fabricmc/fabric/api/attachment/v1/AttachmentType;Lnet/fabricmc/fabric/impl/attachment/sync/s2c/AttachmentSyncPayloadS2C;Lnet/minecraft/server/network/ServerPlayerEntity;)V to md26369a$fabric-data-attachment-api-v1$lambda$fabric_syncChange$1$0 in fabric-data-attachment-api-v1.mixins.json:ServerWorldMixin from mod fabric-data-attachment-api-v1
[15:32:05] [main/DEBUG] (FabricLoader/Mixin) Renaming synthetic method lambda$createAttachmentsPersistentState$0(Lnet/minecraft/server/world/ServerWorld;)Lnet/fabricmc/fabric/impl/attachment/AttachmentPersistentState; to md26369a$fabric-data-attachment-api-v1$lambda$createAttachmentsPersistentState$0$1 in fabric-data-attachment-api-v1.mixins.json:ServerWorldMixin from mod fabric-data-attachment-api-v1
[15:32:05] [main/DEBUG] (FabricLoader/Mixin) Mixing ServerWorldMixin from fabric-lifecycle-events-v1.mixins.json into net.minecraft.server.world.ServerWorld
[15:32:05] [main/DEBUG] (FabricLoader/Mixin) Mixing ServerWorldMixin from fabric-api-lookup-api-v1.mixins.json into net.minecraft.server.world.ServerWorld
[15:32:05] [main/DEBUG] (FabricLoader/Mixin) Renaming synthetic method lambda$fabric_invalidateCache$5(Ljava/util/Map$Entry;)Z to md26369a$fabric-api-lookup-api-v1$lambda$fabric_invalidateCache$5$2 in fabric-api-lookup-api-v1.mixins.json:ServerWorldMixin from mod fabric-api-lookup-api-v1
[15:32:05] [main/DEBUG] (FabricLoader/Mixin) Renaming synthetic method lambda$fabric_invalidateCache$4(Ljava/lang/ref/WeakReference;)Z to md26369a$fabric-api-lookup-api-v1$lambda$fabric_invalidateCache$4$3 in fabric-api-lookup-api-v1.mixins.json:ServerWorldMixin from mod fabric-api-lookup-api-v1
[15:32:05] [main/DEBUG] (FabricLoader/Mixin) Renaming synthetic method lambda$fabric_invalidateCache$3(Ljava/lang/ref/WeakReference;)V to md26369a$fabric-api-lookup-api-v1$lambda$fabric_invalidateCache$3$4 in fabric-api-lookup-api-v1.mixins.json:ServerWorldMixin from mod fabric-api-lookup-api-v1
[15:32:05] [main/DEBUG] (FabricLoader/Mixin) Renaming synthetic method lambda$fabric_invalidateCache$2(Ljava/lang/ref/WeakReference;)Z to md26369a$fabric-api-lookup-api-v1$lambda$fabric_invalidateCache$2$5 in fabric-api-lookup-api-v1.mixins.json:ServerWorldMixin from mod fabric-api-lookup-api-v1
[15:32:05] [main/DEBUG] (FabricLoader/Mixin) Renaming synthetic method lambda$fabric_registerCache$1(Ljava/lang/ref/WeakReference;)Z to md26369a$fabric-api-lookup-api-v1$lambda$fabric_registerCache$1$6 in fabric-api-lookup-api-v1.mixins.json:ServerWorldMixin from mod fabric-api-lookup-api-v1
[15:32:05] [main/DEBUG] (FabricLoader/Mixin) Renaming synthetic method lambda$fabric_registerCache$0(Lnet/minecraft/util/math/BlockPos;)Ljava/util/List; to md26369a$fabric-api-lookup-api-v1$lambda$fabric_registerCache$0$7 in fabric-api-lookup-api-v1.mixins.json:ServerWorldMixin from mod fabric-api-lookup-api-v1
[15:32:05] [main/DEBUG] (FabricLoader/Mixin) Mixing MixinServerLevel from architectury.mixins.json into net.minecraft.server.world.ServerWorld
[15:32:05] [main/DEBUG] (FabricLoader/Mixin) architectury.mixins.json:MixinServerLevel from mod architectury: Class version 65 required is higher than the class version supported by the current version of Mixin (JAVA_16 supports class version 60)
[15:32:05] [main/DEBUG] (FabricLoader/Mixin) fabric-data-attachment-api-v1.mixins.json:ServerWorldMixin from mod fabric-data-attachment-api-v1->@Inject::createAttachmentsPersistentState(Lorg/spongepowered/asm/mixin/injection/callback/CallbackInfo;)V doesn't use it's CallbackInfo
[15:32:05] [main/DEBUG] (FabricLoader/Mixin) fabric-data-attachment-api-v1.mixins.json:ServerWorldMixin from mod fabric-data-attachment-api-v1->@Inject::createAttachmentsPersistentState(Lorg/spongepowered/asm/mixin/injection/callback/CallbackInfo;)V has 0 override(s) in child classes
[15:32:05] [main/DEBUG] (FabricLoader/Mixin) fabric-data-attachment-api-v1.mixins.json:ServerWorldMixin from mod fabric-data-attachment-api-v1->@Inject::createAttachmentsPersistentState(Lorg/spongepowered/asm/mixin/injection/callback/CallbackInfo;)V won't be passed a CallbackInfo as a result
[15:32:05] [main/DEBUG] (FabricLoader/Mixin) fabric-lifecycle-events-v1.mixins.json:ServerWorldMixin from mod fabric-lifecycle-events-v1->@Inject::startWorldTick(Ljava/util/function/BooleanSupplier;Lorg/spongepowered/asm/mixin/injection/callback/CallbackInfo;)V doesn't use it's CallbackInfo
[15:32:05] [main/DEBUG] (FabricLoader/Mixin) fabric-lifecycle-events-v1.mixins.json:ServerWorldMixin from mod fabric-lifecycle-events-v1->@Inject::startWorldTick(Ljava/util/function/BooleanSupplier;Lorg/spongepowered/asm/mixin/injection/callback/CallbackInfo;)V has 0 override(s) in child classes
[15:32:05] [main/DEBUG] (FabricLoader/Mixin) fabric-lifecycle-events-v1.mixins.json:ServerWorldMixin from mod fabric-lifecycle-events-v1->@Inject::startWorldTick(Ljava/util/function/BooleanSupplier;Lorg/spongepowered/asm/mixin/injection/callback/CallbackInfo;)V won't be passed a CallbackInfo as a result
[15:32:05] [main/DEBUG] (FabricLoader/Mixin) fabric-lifecycle-events-v1.mixins.json:ServerWorldMixin from mod fabric-lifecycle-events-v1->@Inject::endWorldTick(Ljava/util/function/BooleanSupplier;Lorg/spongepowered/asm/mixin/injection/callback/CallbackInfo;)V doesn't use it's CallbackInfo
[15:32:05] [main/DEBUG] (FabricLoader/Mixin) fabric-lifecycle-events-v1.mixins.json:ServerWorldMixin from mod fabric-lifecycle-events-v1->@Inject::endWorldTick(Ljava/util/function/BooleanSupplier;Lorg/spongepowered/asm/mixin/injection/callback/CallbackInfo;)V has 0 override(s) in child classes
[15:32:05] [main/DEBUG] (FabricLoader/Mixin) fabric-lifecycle-events-v1.mixins.json:ServerWorldMixin from mod fabric-lifecycle-events-v1->@Inject::endWorldTick(Ljava/util/function/BooleanSupplier;Lorg/spongepowered/asm/mixin/injection/callback/CallbackInfo;)V won't be passed a CallbackInfo as a result
[15:32:05] [main/DEBUG] (FabricLoader/Mixin) architectury.mixins.json:MixinServerLevel from mod architectury->@Inject::save(Lnet/minecraft/util/ProgressListener;ZZLorg/spongepowered/asm/mixin/injection/callback/CallbackInfo;)V doesn't use it's CallbackInfo
[15:32:05] [main/DEBUG] (FabricLoader/Mixin) architectury.mixins.json:MixinServerLevel from mod architectury->@Inject::save(Lnet/minecraft/util/ProgressListener;ZZLorg/spongepowered/asm/mixin/injection/callback/CallbackInfo;)V has 0 override(s) in child classes
[15:32:05] [main/DEBUG] (FabricLoader/Mixin) architectury.mixins.json:MixinServerLevel from mod architectury->@Inject::save(Lnet/minecraft/util/ProgressListener;ZZLorg/spongepowered/asm/mixin/injection/callback/CallbackInfo;)V won't be passed a CallbackInfo as a result
[15:32:05] [main/DEBUG] (FabricLoader/Mixin) architectury.mixins.json:MixinServerLevel from mod architectury->@Inject::addEntity(Lnet/minecraft/entity/Entity;Lorg/spongepowered/asm/mixin/injection/callback/CallbackInfoReturnable;)V doesn't use it's CallbackInfoReturnable
[15:32:05] [main/DEBUG] (FabricLoader/Mixin) architectury.mixins.json:MixinServerLevel from mod architectury->@Inject::addEntity(Lnet/minecraft/entity/Entity;Lorg/spongepowered/asm/mixin/injection/callback/CallbackInfoReturnable;)V has 0 override(s) in child classes
[15:32:05] [main/DEBUG] (FabricLoader/Mixin) architectury.mixins.json:MixinServerLevel from mod architectury->@Inject::addEntity(Lnet/minecraft/entity/Entity;Lorg/spongepowered/asm/mixin/injection/callback/CallbackInfoReturnable;)V won't be passed a CallbackInfoReturnable as a result
[15:32:05] [main/DEBUG] (FabricLoader/Mixin) architectury.mixins.json:MixinServerLevel from mod architectury->@Inject::explodePre(Lnet/minecraft/entity/Entity;Lnet/minecraft/entity/damage/DamageSource;Lnet/minecraft/world/explosion/ExplosionBehavior;DDDFZLnet/minecraft/world/World$ExplosionSourceType;Lnet/minecraft/particle/ParticleEffect;Lnet/minecraft/particle/ParticleEffect;Lnet/minecraft/util/collection/Pool;Lnet/minecraft/registry/entry/RegistryEntry;Lorg/spongepowered/asm/mixin/injection/callback/CallbackInfo;)V does use it's CallbackInfo
[15:32:05] [main/DEBUG] (FabricLoader/Mixin) Mixing MixinItemEntity from architectury.mixins.json into net.minecraft.entity.ItemEntity
[15:32:05] [main/DEBUG] (FabricLoader/Mixin) architectury.mixins.json:MixinItemEntity from mod architectury: Class version 65 required is higher than the class version supported by the current version of Mixin (JAVA_16 supports class version 60)
[15:32:05] [main/DEBUG] (FabricLoader/Mixin) architectury.mixins.json:MixinItemEntity from mod architectury->@Inject::prePickup(Lnet/minecraft/entity/player/PlayerEntity;Lorg/spongepowered/asm/mixin/injection/callback/CallbackInfo;)V does use it's CallbackInfo
[15:32:05] [main/DEBUG] (FabricLoader/Mixin) architectury.mixins.json:MixinItemEntity from mod architectury->@Inject::pickup(Lnet/minecraft/entity/player/PlayerEntity;Lorg/spongepowered/asm/mixin/injection/callback/CallbackInfo;)V doesn't use it's CallbackInfo
[15:32:05] [main/DEBUG] (FabricLoader/Mixin) architectury.mixins.json:MixinItemEntity from mod architectury->@Inject::pickup(Lnet/minecraft/entity/player/PlayerEntity;Lorg/spongepowered/asm/mixin/injection/callback/CallbackInfo;)V has 0 override(s) in child classes
[15:32:05] [main/DEBUG] (FabricLoader/Mixin) architectury.mixins.json:MixinItemEntity from mod architectury->@Inject::pickup(Lnet/minecraft/entity/player/PlayerEntity;Lorg/spongepowered/asm/mixin/injection/callback/CallbackInfo;)V won't be passed a CallbackInfo as a result
[15:32:05] [main/DEBUG] (FabricLoader/Mixin) Mixing BlockStateMixin from fabric-block-api-v1.mixins.json into net.minecraft.block.BlockState
[15:32:05] [main/DEBUG] (FabricLoader/Mixin) Mixing AbstractBlockAbstractBlockStateMixin from fabric-content-registries-v0.mixins.json into net.minecraft.block.AbstractBlock$AbstractBlockState
[15:32:05] [main/DEBUG] (FabricLoader/Mixin) Mixing IdListMixin from fabric-registry-sync-v0.mixins.json into net.minecraft.util.collection.IdList
[15:32:05] [main/DEBUG] (FabricLoader/Mixin) Renaming synthetic method lambda$fabric_remapIds$0(Lit/unimi/dsi/fastutil/ints/Int2IntMap;Ljava/lang/Object;Ljava/lang/Integer;)Ljava/lang/Integer; to md26369a$fabric-registry-sync-v0$lambda$fabric_remapIds$0$0 in fabric-registry-sync-v0.mixins.json:IdListMixin from mod fabric-registry-sync-v0
[15:32:05] [main/DEBUG] (FabricLoader/Mixin) Mixing RegistryByteBufMixin from fabric-networking-api-v1.mixins.json into net.minecraft.network.RegistryByteBuf
[15:32:05] [main/DEBUG] (FabricLoader/Mixin) Mixing BlocksMixin from fabric-registry-sync-v0.mixins.json into net.minecraft.block.Blocks
[15:32:05] [main/DEBUG] (FabricLoader/Mixin) Renaming synthetic method lambda$initShapeCache$0(ILnet/minecraft/util/Identifier;Lnet/minecraft/block/Block;)V to md26369a$fabric-registry-sync-v0$lambda$initShapeCache$0$0 in fabric-registry-sync-v0.mixins.json:BlocksMixin from mod fabric-registry-sync-v0
[15:32:05] [main/DEBUG] (FabricLoader/Mixin) fabric-registry-sync-v0.mixins.json:BlocksMixin from mod fabric-registry-sync-v0->@Inject::initShapeCache(Lorg/spongepowered/asm/mixin/injection/callback/CallbackInfo;)V doesn't use it's CallbackInfo
[15:32:05] [main/DEBUG] (FabricLoader/Mixin) Mixing OxidizableMixin from fabric-content-registries-v0.mixins.json into net.minecraft.block.Oxidizable
[15:32:05] [main/DEBUG] (FabricLoader/Mixin) fabric-content-registries-v0.mixins.json:OxidizableMixin from mod fabric-content-registries-v0->@Inject::createOxidationLevelIncreasesMap(Lorg/spongepowered/asm/mixin/injection/callback/CallbackInfoReturnable;)V does use it's CallbackInfoReturnable
[15:32:05] [main/DEBUG] (FabricLoader/Mixin) Mixing inject.MixinLiquidBlock from architectury-common.mixins.json into net.minecraft.block.FluidBlock
[15:32:05] [main/DEBUG] (FabricLoader/Mixin) architectury-common.mixins.json:inject.MixinLiquidBlock from mod architectury: Class version 65 required is higher than the class version supported by the current version of Mixin (JAVA_16 supports class version 60)
[15:32:05] [main/DEBUG] (FabricLoader/Mixin) Mixing LiquidBlockAccessor from architectury.mixins.json into net.minecraft.block.FluidBlock
[15:32:05] [main/DEBUG] (FabricLoader/Mixin) architectury.mixins.json:LiquidBlockAccessor from mod architectury: Class version 65 required is higher than the class version supported by the current version of Mixin (JAVA_16 supports class version 60)
[15:32:05] [main/DEBUG] (FabricLoader/Mixin) Mixing inject.MixinEntityType from architectury-common.mixins.json into net.minecraft.entity.EntityType
[15:32:05] [main/DEBUG] (FabricLoader/Mixin) architectury-common.mixins.json:inject.MixinEntityType from mod architectury: Class version 65 required is higher than the class version supported by the current version of Mixin (JAVA_16 supports class version 60)
[15:32:05] [main/DEBUG] (FabricLoader/Mixin) Mixing EntityTypeMixin from fabric-object-builder-v1.mixins.json into net.minecraft.entity.EntityType
[15:32:05] [main/DEBUG] (FabricLoader/Mixin) fabric-object-builder-v1.mixins.json:EntityTypeMixin from mod fabric-object-builder-api-v1->@Inject::onAlwaysUpdateVelocity(Lorg/spongepowered/asm/mixin/injection/callback/CallbackInfoReturnable;)V does use it's CallbackInfoReturnable
[15:32:05] [main/DEBUG] (FabricLoader/Mixin) fabric-object-builder-v1.mixins.json:EntityTypeMixin from mod fabric-object-builder-api-v1->@Inject::onCanPotentiallyExecuteCommands(Lorg/spongepowered/asm/mixin/injection/callback/CallbackInfoReturnable;)V does use it's CallbackInfoReturnable
[15:32:05] [main/DEBUG] (FabricLoader/Mixin) Mixing FluidMixin from fabric-transfer-api-v1.mixins.json into net.minecraft.fluid.Fluid
[15:32:05] [main/DEBUG] (FabricLoader/Mixin) Mixing inject.MixinFluid from architectury-common.mixins.json into net.minecraft.fluid.Fluid
[15:32:05] [main/DEBUG] (FabricLoader/Mixin) architectury-common.mixins.json:inject.MixinFluid from mod architectury: Class version 65 required is higher than the class version supported by the current version of Mixin (JAVA_16 supports class version 60)
[15:32:05] [main/DEBUG] (FabricLoader/Mixin) fabric-transfer-api-v1.mixins.json:FluidMixin from mod fabric-transfer-api-v1->@Inject::hookGetBucketFillSound(Lorg/spongepowered/asm/mixin/injection/callback/CallbackInfoReturnable;)V does use it's CallbackInfoReturnable
[15:32:05] [main/DEBUG] (FabricLoader/Mixin) Mixing ComponentMapBuilderMixin from fabric-item-api-v1.mixins.json into net.minecraft.component.ComponentMap$Builder
[15:32:05] [main/DEBUG] (FabricLoader/Mixin) Mixing AttachmentTargetsMixin from fabric-data-attachment-api-v1.mixins.json into net.minecraft.block.entity.BlockEntity
[15:32:05] [main/DEBUG] (FabricLoader/Mixin) Mixing BlockEntityMixin from fabric-data-attachment-api-v1.mixins.json into net.minecraft.block.entity.BlockEntity
[15:32:05] [main/DEBUG] (FabricLoader/Mixin) Renaming synthetic method lambda$fabric_syncChange$0(Lnet/fabricmc/fabric/api/attachment/v1/AttachmentType;Lnet/fabricmc/fabric/impl/attachment/sync/s2c/AttachmentSyncPayloadS2C;Lnet/minecraft/server/network/ServerPlayerEntity;)V to md26369a$fabric-data-attachment-api-v1$lambda$fabric_syncChange$0$0 in fabric-data-attachment-api-v1.mixins.json:BlockEntityMixin from mod fabric-data-attachment-api-v1
[15:32:05] [main/DEBUG] (FabricLoader/Mixin) Mixing BlockEntityMixin from fabric-block-view-api-v2.mixins.json into net.minecraft.block.entity.BlockEntity
[15:32:05] [main/DEBUG] (FabricLoader/Mixin) fabric-data-attachment-api-v1.mixins.json:BlockEntityMixin from mod fabric-data-attachment-api-v1->@Inject::readBlockEntityAttachments(Lnet/minecraft/storage/ReadView;Lorg/spongepowered/asm/mixin/injection/callback/CallbackInfo;)V doesn't use it's CallbackInfo
[15:32:05] [main/DEBUG] (FabricLoader/Mixin) fabric-data-attachment-api-v1.mixins.json:BlockEntityMixin from mod fabric-data-attachment-api-v1->@Inject::readBlockEntityAttachments(Lnet/minecraft/storage/ReadView;Lorg/spongepowered/asm/mixin/injection/callback/CallbackInfo;)V has 0 override(s) in child classes
[15:32:05] [main/DEBUG] (FabricLoader/Mixin) fabric-data-attachment-api-v1.mixins.json:BlockEntityMixin from mod fabric-data-attachment-api-v1->@Inject::readBlockEntityAttachments(Lnet/minecraft/storage/ReadView;Lorg/spongepowered/asm/mixin/injection/callback/CallbackInfo;)V won't be passed a CallbackInfo as a result
[15:32:05] [main/DEBUG] (FabricLoader/Mixin) fabric-data-attachment-api-v1.mixins.json:BlockEntityMixin from mod fabric-data-attachment-api-v1->@Inject::writeBlockEntityAttachments(Lnet/minecraft/storage/WriteView;Lorg/spongepowered/asm/mixin/injection/callback/CallbackInfo;)V doesn't use it's CallbackInfo
[15:32:05] [main/DEBUG] (FabricLoader/Mixin) fabric-data-attachment-api-v1.mixins.json:BlockEntityMixin from mod fabric-data-attachment-api-v1->@Inject::writeBlockEntityAttachments(Lnet/minecraft/storage/WriteView;Lorg/spongepowered/asm/mixin/injection/callback/CallbackInfo;)V has 0 override(s) in child classes
[15:32:05] [main/DEBUG] (FabricLoader/Mixin) fabric-data-attachment-api-v1.mixins.json:BlockEntityMixin from mod fabric-data-attachment-api-v1->@Inject::writeBlockEntityAttachments(Lnet/minecraft/storage/WriteView;Lorg/spongepowered/asm/mixin/injection/callback/CallbackInfo;)V won't be passed a CallbackInfo as a result
[15:32:05] [main/DEBUG] (FabricLoader/Mixin) Mixing MixinFallingBlockEntity from architectury.mixins.json into net.minecraft.entity.FallingBlockEntity
[15:32:05] [main/DEBUG] (FabricLoader/Mixin) architectury.mixins.json:MixinFallingBlockEntity from mod architectury: Class version 65 required is higher than the class version supported by the current version of Mixin (JAVA_16 supports class version 60)
[15:32:05] [main/DEBUG] (FabricLoader/Mixin) architectury.mixins.json:MixinFallingBlockEntity from mod architectury->@Inject::handleLand(Lorg/spongepowered/asm/mixin/injection/callback/CallbackInfo;)V doesn't use it's CallbackInfo
[15:32:05] [main/DEBUG] (FabricLoader/Mixin) architectury.mixins.json:MixinFallingBlockEntity from mod architectury->@Inject::handleLand(Lorg/spongepowered/asm/mixin/injection/callback/CallbackInfo;)V has 0 override(s) in child classes
[15:32:05] [main/DEBUG] (FabricLoader/Mixin) architectury.mixins.json:MixinFallingBlockEntity from mod architectury->@Inject::handleLand(Lorg/spongepowered/asm/mixin/injection/callback/CallbackInfo;)V won't be passed a CallbackInfo as a result
[15:32:05] [main/DEBUG] (FabricLoader/Mixin) Mixing BlockStateParticleEffectMixin from fabric-particles-v1.mixins.json into net.minecraft.particle.BlockStateParticleEffect
[15:32:05] [main/DEBUG] (FabricLoader/Mixin) Mixing NamedScreenHandlerFactoryMixin from fabric-screen-handler-api-v1.mixins.json into net.minecraft.screen.NamedScreenHandlerFactory
[15:32:05] [main/DEBUG] (FabricLoader/Mixin) Mixing LockableContainerBlockEntityMixin from fabric-transfer-api-v1.mixins.json into net.minecraft.block.entity.LockableContainerBlockEntity
[15:32:05] [main/DEBUG] (FabricLoader/Mixin) Mixing DetectorRailBlockMixin from fabric-object-builder-v1.mixins.json into net.minecraft.block.DetectorRailBlock
[15:32:05] [main/DEBUG] (FabricLoader/Mixin) Renaming synthetic method lambda$getCustomComparatorOutput$0(Lnet/minecraft/entity/Entity;)Z to md26369a$fabric-object-builder-api-v1$lambda$getCustomComparatorOutput$0$0 in fabric-object-builder-v1.mixins.json:DetectorRailBlockMixin from mod fabric-object-builder-api-v1
[15:32:05] [main/DEBUG] (FabricLoader/Mixin) fabric-object-builder-v1.mixins.json:DetectorRailBlockMixin from mod fabric-object-builder-api-v1->@Inject::getCustomComparatorOutput(Lnet/minecraft/block/BlockState;Lnet/minecraft/world/World;Lnet/minecraft/util/math/BlockPos;Lnet/minecraft/util/math/Direction;Lorg/spongepowered/asm/mixin/injection/callback/CallbackInfoReturnable;)V does use it's CallbackInfoReturnable
[15:32:05] [main/DEBUG] (FabricLoader/Mixin) Mixing MobEntityMixin from fabric-entity-events-v1.mixins.json into net.minecraft.entity.mob.MobEntity
[15:32:05] [main/DEBUG] (FabricLoader/Mixin) Mixing ChiseledBookshelfBlockEntityMixin from fabric-transfer-api-v1.mixins.json into net.minecraft.block.entity.ChiseledBookshelfBlockEntity
[15:32:05] [main/DEBUG] (FabricLoader/Mixin) fabric-transfer-api-v1.mixins.json:ChiseledBookshelfBlockEntityMixin from mod fabric-transfer-api-v1->@Inject::setStackBypass(ILnet/minecraft/item/ItemStack;Lorg/spongepowered/asm/mixin/injection/callback/CallbackInfo;)V does use it's CallbackInfo
[15:32:05] [main/DEBUG] (FabricLoader/Mixin) Mixing ListInventoryMixin from fabric-transfer-api-v1.mixins.json into net.minecraft.inventory.ListInventory
[15:32:05] [main/DEBUG] (FabricLoader/Mixin) Mixing ShelfBlockEntityMixin from fabric-transfer-api-v1.mixins.json into net.minecraft.block.entity.ShelfBlockEntity
[15:32:05] [main/DEBUG] (FabricLoader/Mixin) Mixing BlockEntityTypeAccessor from fabric-api-lookup-api-v1.mixins.json into net.minecraft.block.entity.BlockEntityType
[15:32:05] [main/DEBUG] (FabricLoader/Mixin) Mixing BlockEntityTypeMixin from fabric-object-builder-v1.mixins.json into net.minecraft.block.entity.BlockEntityType
[15:32:05] [main/DEBUG] (FabricLoader/Mixin) fabric-object-builder-v1.mixins.json:BlockEntityTypeMixin from mod fabric-object-builder-api-v1->@Inject::mutableBlocks(Lnet/minecraft/block/entity/BlockEntityType$BlockEntityFactory;Ljava/util/Set;Lorg/spongepowered/asm/mixin/injection/callback/CallbackInfo;)V doesn't use it's CallbackInfo
[15:32:05] [main/DEBUG] (FabricLoader/Mixin) fabric-object-builder-v1.mixins.json:BlockEntityTypeMixin from mod fabric-object-builder-api-v1->@Inject::mutableBlocks(Lnet/minecraft/block/entity/BlockEntityType$BlockEntityFactory;Ljava/util/Set;Lorg/spongepowered/asm/mixin/injection/callback/CallbackInfo;)V has 0 override(s) in child classes
[15:32:05] [main/DEBUG] (FabricLoader/Mixin) fabric-object-builder-v1.mixins.json:BlockEntityTypeMixin from mod fabric-object-builder-api-v1->@Inject::mutableBlocks(Lnet/minecraft/block/entity/BlockEntityType$BlockEntityFactory;Ljava/util/Set;Lorg/spongepowered/asm/mixin/injection/callback/CallbackInfo;)V won't be passed a CallbackInfo as a result
[15:32:05] [main/DEBUG] (FabricLoader/Mixin) Mixing MixinFarmBlock from architectury.mixins.json into net.minecraft.block.FarmlandBlock
[15:32:05] [main/DEBUG] (FabricLoader/Mixin) architectury.mixins.json:MixinFarmBlock from mod architectury: Class version 65 required is higher than the class version supported by the current version of Mixin (JAVA_16 supports class version 60)
[15:32:05] [main/DEBUG] (FabricLoader/Mixin) architectury.mixins.json:MixinFarmBlock from mod architectury->@Inject::fallOn(Lnet/minecraft/world/World;Lnet/minecraft/block/BlockState;Lnet/minecraft/util/math/BlockPos;Lnet/minecraft/entity/Entity;DLorg/spongepowered/asm/mixin/injection/callback/CallbackInfo;)V doesn't use it's CallbackInfo
[15:32:05] [main/DEBUG] (FabricLoader/Mixin) architectury.mixins.json:MixinFarmBlock from mod architectury->@Inject::fallOn(Lnet/minecraft/world/World;Lnet/minecraft/block/BlockState;Lnet/minecraft/util/math/BlockPos;Lnet/minecraft/entity/Entity;DLorg/spongepowered/asm/mixin/injection/callback/CallbackInfo;)V has 0 override(s) in child classes
[15:32:05] [main/DEBUG] (FabricLoader/Mixin) architectury.mixins.json:MixinFarmBlock from mod architectury->@Inject::fallOn(Lnet/minecraft/world/World;Lnet/minecraft/block/BlockState;Lnet/minecraft/util/math/BlockPos;Lnet/minecraft/entity/Entity;DLorg/spongepowered/asm/mixin/injection/callback/CallbackInfo;)V won't be passed a CallbackInfo as a result
[15:32:05] [main/DEBUG] (FabricLoader/Mixin) architectury.mixins.json:MixinFarmBlock from mod architectury->@Inject::turnToDirt(Lnet/minecraft/entity/Entity;Lnet/minecraft/block/BlockState;Lnet/minecraft/world/World;Lnet/minecraft/util/math/BlockPos;Lorg/spongepowered/asm/mixin/injection/callback/CallbackInfo;)V does use it's CallbackInfo
[15:32:05] [main/DEBUG] (FabricLoader/Mixin) Mixing AbstractFurnaceBlockEntityMixin from fabric-transfer-api-v1.mixins.json into net.minecraft.block.entity.AbstractFurnaceBlockEntity
[15:32:05] [main/DEBUG] (FabricLoader/Mixin) Mixing AbstractFurnaceBlockEntityMixin from fabric-item-api-v1.mixins.json into net.minecraft.block.entity.AbstractFurnaceBlockEntity
[15:32:05] [main/DEBUG] (FabricLoader/Mixin) fabric-transfer-api-v1.mixins.json:AbstractFurnaceBlockEntityMixin from mod fabric-transfer-api-v1->@Inject::setStackSuppressUpdate(ILnet/minecraft/item/ItemStack;Lorg/spongepowered/asm/mixin/injection/callback/CallbackInfo;)V does use it's CallbackInfo
[15:32:05] [main/DEBUG] (FabricLoader/Mixin) fabric-item-api-v1.mixins.json:AbstractFurnaceBlockEntityMixin from mod fabric-item-api-v1->@Inject::getStackRemainder(Lnet/minecraft/server/world/ServerWorld;Lnet/minecraft/util/math/BlockPos;Lnet/minecraft/block/BlockState;Lnet/minecraft/block/entity/AbstractFurnaceBlockEntity;Lorg/spongepowered/asm/mixin/injection/callback/CallbackInfo;)V doesn't use it's CallbackInfo
[15:32:05] [main/DEBUG] (FabricLoader/Mixin) Mixing WoodTypeMixin from fabric-object-builder-v1.client.mixins.json into net.minecraft.block.WoodType
[15:32:05] [main/DEBUG] (FabricLoader/Mixin) fabric-object-builder-v1.client.mixins.json:WoodTypeMixin from mod fabric-object-builder-api-v1->@Inject::onReturnRegister(Lnet/minecraft/block/WoodType;Lorg/spongepowered/asm/mixin/injection/callback/CallbackInfoReturnable;)V doesn't use it's CallbackInfoReturnable
[15:32:05] [main/DEBUG] (FabricLoader/Mixin) Mixing JukeboxBlockEntityMixin from fabric-transfer-api-v1.mixins.json into net.minecraft.block.entity.JukeboxBlockEntity
[15:32:05] [main/DEBUG] (FabricLoader/Mixin) fabric-transfer-api-v1.mixins.json:JukeboxBlockEntityMixin from mod fabric-transfer-api-v1->@Inject::setStackBypass(Lnet/minecraft/item/ItemStack;Lorg/spongepowered/asm/mixin/injection/callback/CallbackInfo;)V does use it's CallbackInfo
[15:32:05] [main/DEBUG] (FabricLoader/Mixin) Mixing BrewingStandBlockEntityMixin from fabric-item-api-v1.mixins.json into net.minecraft.block.entity.BrewingStandBlockEntity
[15:32:05] [main/DEBUG] (FabricLoader/Mixin) fabric-item-api-v1.mixins.json:BrewingStandBlockEntityMixin from mod fabric-item-api-v1->@Inject::captureItemStack(Lnet/minecraft/world/World;Lnet/minecraft/util/math/BlockPos;Lnet/minecraft/util/collection/DefaultedList;Lorg/spongepowered/asm/mixin/injection/callback/CallbackInfo;)V doesn't use it's CallbackInfo
[15:32:05] [main/DEBUG] (FabricLoader/Mixin) Mixing ItemStackMixin from fabric-item-api-v1.mixins.json into net.minecraft.item.ItemStack
[15:32:05] [main/DEBUG] (FabricLoader/Mixin) Renaming synthetic method lambda$hookDamage$0(Lorg/apache/commons/lang3/mutable/MutableBoolean;Ljava/util/function/Consumer;)V to md26369a$fabric-item-api-v1$lambda$hookDamage$0$0 in fabric-item-api-v1.mixins.json:ItemStackMixin from mod fabric-item-api-v1
[15:32:05] [main/DEBUG] (FabricLoader/Mixin) Mixing ItemStackMixin from fabric-item-api-v1.client.mixins.json into net.minecraft.item.ItemStack
[15:32:05] [main/DEBUG] (FabricLoader/Mixin) fabric-item-api-v1.mixins.json:ItemStackMixin from mod fabric-item-api-v1->@Inject::preAttributeModifiers(Lnet/minecraft/item/Item$TooltipContext;Lnet/minecraft/component/type/TooltipDisplayComponent;Lnet/minecraft/entity/player/PlayerEntity;Lnet/minecraft/item/tooltip/TooltipType;Ljava/util/function/Consumer;Lorg/spongepowered/asm/mixin/injection/callback/CallbackInfo;)V doesn't use it's CallbackInfo
[15:32:05] [main/DEBUG] (FabricLoader/Mixin) fabric-item-api-v1.mixins.json:ItemStackMixin from mod fabric-item-api-v1->@Inject::postTooltipsAdvanced(Lnet/minecraft/item/Item$TooltipContext;Lnet/minecraft/component/type/TooltipDisplayComponent;Lnet/minecraft/entity/player/PlayerEntity;Lnet/minecraft/item/tooltip/TooltipType;Ljava/util/function/Consumer;Lorg/spongepowered/asm/mixin/injection/callback/CallbackInfo;)V doesn't use it's CallbackInfo
[15:32:05] [main/DEBUG] (FabricLoader/Mixin) fabric-item-api-v1.client.mixins.json:ItemStackMixin from mod fabric-item-api-v1->@Inject::getTooltip(Lnet/minecraft/item/Item$TooltipContext;Lnet/minecraft/entity/player/PlayerEntity;Lnet/minecraft/item/tooltip/TooltipType;Lorg/spongepowered/asm/mixin/injection/callback/CallbackInfoReturnable;)V does use it's CallbackInfoReturnable
[15:32:05] [main/DEBUG] (FabricLoader/Mixin) Mixing BiomeAccessor from architectury.mixins.json into net.minecraft.world.biome.Biome
[15:32:05] [main/DEBUG] (FabricLoader/Mixin) architectury.mixins.json:BiomeAccessor from mod architectury: Class version 65 required is higher than the class version supported by the current version of Mixin (JAVA_16 supports class version 60)
[15:32:05] [main/DEBUG] (FabricLoader/Mixin) Mixing AnvilScreenHandlerMixin from fabric-item-api-v1.mixins.json into net.minecraft.screen.AnvilScreenHandler
[15:32:06] [main/DEBUG] (FabricLoader/Mixin) Mixing HopperBlockEntityMixin from fabric-transfer-api-v1.mixins.json into net.minecraft.block.entity.HopperBlockEntity
[15:32:06] [main/DEBUG] (FabricLoader/Mixin) Renaming synthetic method lambda$hookExtract$1(Lnet/fabricmc/fabric/api/transfer/v1/item/ItemVariant;)Z to md26369a$fabric-transfer-api-v1$lambda$hookExtract$1$0 in fabric-transfer-api-v1.mixins.json:HopperBlockEntityMixin from mod fabric-transfer-api-v1
[15:32:06] [main/DEBUG] (FabricLoader/Mixin) Renaming synthetic method lambda$hookInsert$0(Lnet/fabricmc/fabric/api/transfer/v1/item/ItemVariant;)Z to md26369a$fabric-transfer-api-v1$lambda$hookInsert$0$1 in fabric-transfer-api-v1.mixins.json:HopperBlockEntityMixin from mod fabric-transfer-api-v1
[15:32:06] [main/DEBUG] (FabricLoader/Mixin) fabric-transfer-api-v1.mixins.json:HopperBlockEntityMixin from mod fabric-transfer-api-v1->@Inject::hookInsert(Lnet/minecraft/world/World;Lnet/minecraft/util/math/BlockPos;Lnet/minecraft/block/entity/HopperBlockEntity;Lorg/spongepowered/asm/mixin/injection/callback/CallbackInfoReturnable;)V does use it's CallbackInfoReturnable
[15:32:06] [main/DEBUG] (FabricLoader/Mixin) fabric-transfer-api-v1.mixins.json:HopperBlockEntityMixin from mod fabric-transfer-api-v1->@Inject::hookExtract(Lnet/minecraft/world/World;Lnet/minecraft/block/entity/Hopper;Lorg/spongepowered/asm/mixin/injection/callback/CallbackInfoReturnable;)V does use it's CallbackInfoReturnable
[15:32:06] [main/DEBUG] (FabricLoader/Mixin) Mixing DropperBlockMixin from fabric-transfer-api-v1.mixins.json into net.minecraft.block.DropperBlock
[15:32:06] [main/DEBUG] (FabricLoader/Mixin) Renaming synthetic method lambda$hookDispense$0(Lnet/fabricmc/fabric/api/transfer/v1/item/ItemVariant;)Z to md26369a$fabric-transfer-api-v1$lambda$hookDispense$0$0 in fabric-transfer-api-v1.mixins.json:DropperBlockMixin from mod fabric-transfer-api-v1
[15:32:06] [main/DEBUG] (FabricLoader/Mixin) fabric-transfer-api-v1.mixins.json:DropperBlockMixin from mod fabric-transfer-api-v1->@Inject::hookDispense(Lnet/minecraft/server/world/ServerWorld;Lnet/minecraft/block/BlockState;Lnet/minecraft/util/math/BlockPos;Lorg/spongepowered/asm/mixin/injection/callback/CallbackInfo;)V does use it's CallbackInfo
[15:32:06] [main/DEBUG] (FabricLoader/Mixin) Mixing BannerBlockEntityMixin from fabric-data-attachment-api-v1.mixins.json into net.minecraft.block.entity.BannerBlockEntity
[15:32:06] [main/DEBUG] (FabricLoader/Mixin) Mixing CrafterBlockMixin from fabric-transfer-api-v1.mixins.json into net.minecraft.block.CrafterBlock
[15:32:06] [main/DEBUG] (FabricLoader/Mixin) fabric-transfer-api-v1.mixins.json:CrafterBlockMixin from mod fabric-transfer-api-v1->@Inject::transferOrSpawnStack(Lnet/minecraft/server/world/ServerWorld;Lnet/minecraft/util/math/BlockPos;Lnet/minecraft/block/entity/CrafterBlockEntity;Lnet/minecraft/item/ItemStack;Lnet/minecraft/block/BlockState;Lnet/minecraft/recipe/RecipeEntry;Lorg/spongepowered/asm/mixin/injection/callback/CallbackInfo;)V doesn't use it's CallbackInfo
[15:32:06] [main/DEBUG] (FabricLoader/Mixin) fabric-transfer-api-v1.mixins.json:CrafterBlockMixin from mod fabric-transfer-api-v1->@Inject::transferOrSpawnStack(Lnet/minecraft/server/world/ServerWorld;Lnet/minecraft/util/math/BlockPos;Lnet/minecraft/block/entity/CrafterBlockEntity;Lnet/minecraft/item/ItemStack;Lnet/minecraft/block/BlockState;Lnet/minecraft/recipe/RecipeEntry;Lorg/spongepowered/asm/mixin/injection/callback/CallbackInfo;)V has 0 override(s) in child classes
[15:32:06] [main/DEBUG] (FabricLoader/Mixin) fabric-transfer-api-v1.mixins.json:CrafterBlockMixin from mod fabric-transfer-api-v1->@Inject::transferOrSpawnStack(Lnet/minecraft/server/world/ServerWorld;Lnet/minecraft/util/math/BlockPos;Lnet/minecraft/block/entity/CrafterBlockEntity;Lnet/minecraft/item/ItemStack;Lnet/minecraft/block/BlockState;Lnet/minecraft/recipe/RecipeEntry;Lorg/spongepowered/asm/mixin/injection/callback/CallbackInfo;)V won't be passed a CallbackInfo as a result
[15:32:06] [main/DEBUG] (FabricLoader/Mixin) fabric-transfer-api-v1.mixins.json:CrafterBlockMixin from mod fabric-transfer-api-v1->@Inject::transferOrSpawnStack(Lnet/minecraft/server/world/ServerWorld;Lnet/minecraft/util/math/BlockPos;Lnet/minecraft/block/entity/CrafterBlockEntity;Lnet/minecraft/item/ItemStack;Lnet/minecraft/block/BlockState;Lnet/minecraft/recipe/RecipeEntry;Lorg/spongepowered/asm/mixin/injection/callback/CallbackInfo;)V doesn't use it's CallbackInfo
[15:32:06] [main/DEBUG] (FabricLoader/Mixin) fabric-transfer-api-v1.mixins.json:CrafterBlockMixin from mod fabric-transfer-api-v1->@Inject::transferOrSpawnStack(Lnet/minecraft/server/world/ServerWorld;Lnet/minecraft/util/math/BlockPos;Lnet/minecraft/block/entity/CrafterBlockEntity;Lnet/minecraft/item/ItemStack;Lnet/minecraft/block/BlockState;Lnet/minecraft/recipe/RecipeEntry;Lorg/spongepowered/asm/mixin/injection/callback/CallbackInfo;)V has 0 override(s) in child classes
[15:32:06] [main/DEBUG] (FabricLoader/Mixin) fabric-transfer-api-v1.mixins.json:CrafterBlockMixin from mod fabric-transfer-api-v1->@Inject::transferOrSpawnStack(Lnet/minecraft/server/world/ServerWorld;Lnet/minecraft/util/math/BlockPos;Lnet/minecraft/block/entity/CrafterBlockEntity;Lnet/minecraft/item/ItemStack;Lnet/minecraft/block/BlockState;Lnet/minecraft/recipe/RecipeEntry;Lorg/spongepowered/asm/mixin/injection/callback/CallbackInfo;)V won't be passed a CallbackInfo as a result
[15:32:06] [main/DEBUG] (FabricLoader/Mixin) fabric-transfer-api-v1.mixins.json:CrafterBlockMixin from mod fabric-transfer-api-v1->@Inject::transferOrSpawnStack(Lnet/minecraft/server/world/ServerWorld;Lnet/minecraft/util/math/BlockPos;Lnet/minecraft/block/entity/CrafterBlockEntity;Lnet/minecraft/item/ItemStack;Lnet/minecraft/block/BlockState;Lnet/minecraft/recipe/RecipeEntry;Lorg/spongepowered/asm/mixin/injection/callback/CallbackInfo;)V doesn't use it's CallbackInfo
[15:32:06] [main/DEBUG] (FabricLoader/Mixin) fabric-transfer-api-v1.mixins.json:CrafterBlockMixin from mod fabric-transfer-api-v1->@Inject::transferOrSpawnStack(Lnet/minecraft/server/world/ServerWorld;Lnet/minecraft/util/math/BlockPos;Lnet/minecraft/block/entity/CrafterBlockEntity;Lnet/minecraft/item/ItemStack;Lnet/minecraft/block/BlockState;Lnet/minecraft/recipe/RecipeEntry;Lorg/spongepowered/asm/mixin/injection/callback/CallbackInfo;)V has 0 override(s) in child classes
[15:32:06] [main/DEBUG] (FabricLoader/Mixin) fabric-transfer-api-v1.mixins.json:CrafterBlockMixin from mod fabric-transfer-api-v1->@Inject::transferOrSpawnStack(Lnet/minecraft/server/world/ServerWorld;Lnet/minecraft/util/math/BlockPos;Lnet/minecraft/block/entity/CrafterBlockEntity;Lnet/minecraft/item/ItemStack;Lnet/minecraft/block/BlockState;Lnet/minecraft/recipe/RecipeEntry;Lorg/spongepowered/asm/mixin/injection/callback/CallbackInfo;)V won't be passed a CallbackInfo as a result
[15:32:06] [main/DEBUG] (FabricLoader/Mixin) fabric-transfer-api-v1.mixins.json:CrafterBlockMixin from mod fabric-transfer-api-v1->@Inject::transferOrSpawnStack(Lnet/minecraft/server/world/ServerWorld;Lnet/minecraft/util/math/BlockPos;Lnet/minecraft/block/entity/CrafterBlockEntity;Lnet/minecraft/item/ItemStack;Lnet/minecraft/block/BlockState;Lnet/minecraft/recipe/RecipeEntry;Lorg/spongepowered/asm/mixin/injection/callback/CallbackInfo;)V doesn't use it's CallbackInfo
[15:32:06] [main/DEBUG] (FabricLoader/Mixin) fabric-transfer-api-v1.mixins.json:CrafterBlockMixin from mod fabric-transfer-api-v1->@Inject::transferOrSpawnStack(Lnet/minecraft/server/world/ServerWorld;Lnet/minecraft/util/math/BlockPos;Lnet/minecraft/block/entity/CrafterBlockEntity;Lnet/minecraft/item/ItemStack;Lnet/minecraft/block/BlockState;Lnet/minecraft/recipe/RecipeEntry;Lorg/spongepowered/asm/mixin/injection/callback/CallbackInfo;)V has 0 override(s) in child classes
[15:32:06] [main/DEBUG] (FabricLoader/Mixin) fabric-transfer-api-v1.mixins.json:CrafterBlockMixin from mod fabric-transfer-api-v1->@Inject::transferOrSpawnStack(Lnet/minecraft/server/world/ServerWorld;Lnet/minecraft/util/math/BlockPos;Lnet/minecraft/block/entity/CrafterBlockEntity;Lnet/minecraft/item/ItemStack;Lnet/minecraft/block/BlockState;Lnet/minecraft/recipe/RecipeEntry;Lorg/spongepowered/asm/mixin/injection/callback/CallbackInfo;)V won't be passed a CallbackInfo as a result
[15:32:06] [main/DEBUG] (FabricLoader/Mixin) Mixing ItemMixin from fabric-transfer-api-v1.mixins.json into net.minecraft.item.Item
[15:32:06] [main/DEBUG] (FabricLoader/Mixin) Mixing ItemAccessor from fabric-item-api-v1.mixins.json into net.minecraft.item.Item
[15:32:06] [main/DEBUG] (FabricLoader/Mixin) Mixing ItemMixin from fabric-item-api-v1.mixins.json into net.minecraft.item.Item
[15:32:06] [main/DEBUG] (FabricLoader/Mixin) Mixing inject.MixinItem from architectury-common.mixins.json into net.minecraft.item.Item
[15:32:06] [main/DEBUG] (FabricLoader/Mixin) architectury-common.mixins.json:inject.MixinItem from mod architectury: Class version 65 required is higher than the class version supported by the current version of Mixin (JAVA_16 supports class version 60)
[15:32:06] [main/DEBUG] (FabricLoader/Mixin) fabric-item-api-v1.mixins.json:ItemMixin from mod fabric-item-api-v1->@Inject::onConstruct(Lnet/minecraft/item/Item$Settings;Lorg/spongepowered/asm/mixin/injection/callback/CallbackInfo;)V doesn't use it's CallbackInfo
[15:32:06] [main/DEBUG] (FabricLoader/Mixin) fabric-item-api-v1.mixins.json:ItemMixin from mod fabric-item-api-v1->@Inject::onConstruct(Lnet/minecraft/item/Item$Settings;Lorg/spongepowered/asm/mixin/injection/callback/CallbackInfo;)V has 0 override(s) in child classes
[15:32:06] [main/DEBUG] (FabricLoader/Mixin) fabric-item-api-v1.mixins.json:ItemMixin from mod fabric-item-api-v1->@Inject::onConstruct(Lnet/minecraft/item/Item$Settings;Lorg/spongepowered/asm/mixin/injection/callback/CallbackInfo;)V won't be passed a CallbackInfo as a result
[15:32:06] [main/DEBUG] (FabricLoader/Mixin) architectury-common.mixins.json:inject.MixinItem from mod architectury->@Inject::init(Lnet/minecraft/item/Item$Settings;Lorg/spongepowered/asm/mixin/injection/callback/CallbackInfo;)V doesn't use it's CallbackInfo
[15:32:06] [main/DEBUG] (FabricLoader/Mixin) architectury-common.mixins.json:inject.MixinItem from mod architectury->@Inject::init(Lnet/minecraft/item/Item$Settings;Lorg/spongepowered/asm/mixin/injection/callback/CallbackInfo;)V has 0 override(s) in child classes
[15:32:06] [main/DEBUG] (FabricLoader/Mixin) architectury-common.mixins.json:inject.MixinItem from mod architectury->@Inject::init(Lnet/minecraft/item/Item$Settings;Lorg/spongepowered/asm/mixin/injection/callback/CallbackInfo;)V won't be passed a CallbackInfo as a result
[15:32:06] [main/DEBUG] (FabricLoader/Mixin) Mixing MixinBlockItem from architectury.mixins.json into net.minecraft.item.BlockItem
[15:32:06] [main/DEBUG] (FabricLoader/Mixin) architectury.mixins.json:MixinBlockItem from mod architectury: Class version 65 required is higher than the class version supported by the current version of Mixin (JAVA_16 supports class version 60)
[15:32:06] [main/DEBUG] (FabricLoader/Mixin) architectury.mixins.json:MixinBlockItem from mod architectury->@Inject::place(Lnet/minecraft/item/ItemPlacementContext;Lorg/spongepowered/asm/mixin/injection/callback/CallbackInfoReturnable;Lnet/minecraft/item/ItemPlacementContext;Lnet/minecraft/block/BlockState;)V does use it's CallbackInfoReturnable
[15:32:06] [main/DEBUG] (FabricLoader/Mixin) Mixing HoeItemAccessor from fabric-content-registries-v0.mixins.json into net.minecraft.item.HoeItem
[15:32:06] [main/DEBUG] (FabricLoader/Mixin) Renaming @Accessor method getTillingActions()Ljava/util/Map; to getTillingActions$fabric-content-registries-v0_$md$26369a$0 in fabric-content-registries-v0.mixins.json:HoeItemAccessor from mod fabric-content-registries-v0
[15:32:06] [main/DEBUG] (FabricLoader/Mixin) Mixing AxeItemAccessor from fabric-content-registries-v0.mixins.json into net.minecraft.item.AxeItem
[15:32:06] [main/DEBUG] (FabricLoader/Mixin) Renaming @Accessor method getStrippedBlocks()Ljava/util/Map; to getStrippedBlocks$fabric-content-registries-v0_$md$26369a$0 in fabric-content-registries-v0.mixins.json:AxeItemAccessor from mod fabric-content-registries-v0
[15:32:06] [main/DEBUG] (FabricLoader/Mixin) Renaming @Accessor method setStrippedBlocks(Ljava/util/Map;)V to setStrippedBlocks$fabric-content-registries-v0_$md$26369a$1 in fabric-content-registries-v0.mixins.json:AxeItemAccessor from mod fabric-content-registries-v0
[15:32:06] [main/DEBUG] (FabricLoader/Mixin) Mixing AxeItemMixin from fabric-content-registries-v0.mixins.json into net.minecraft.item.AxeItem
[15:32:06] [main/DEBUG] (FabricLoader/Mixin) Renaming synthetic method lambda$handleCustomStrippingBehavior$0(Lnet/fabricmc/fabric/api/registry/StrippableBlockRegistry$StrippingTransformer;Lnet/minecraft/block/BlockState;Lnet/minecraft/block/Block;)Lnet/minecraft/block/BlockState; to md26369a$fabric-content-registries-v0$lambda$handleCustomStrippingBehavior$0$2 in fabric-content-registries-v0.mixins.json:AxeItemMixin from mod fabric-content-registries-v0
[15:32:06] [main/DEBUG] (FabricLoader/Mixin) Mixing ShovelItemAccessor from fabric-content-registries-v0.mixins.json into net.minecraft.item.ShovelItem
[15:32:06] [main/DEBUG] (FabricLoader/Mixin) Renaming @Accessor method getPathStates()Ljava/util/Map; to getPathStates$fabric-content-registries-v0_$md$26369a$0 in fabric-content-registries-v0.mixins.json:ShovelItemAccessor from mod fabric-content-registries-v0
[15:32:06] [main/DEBUG] (FabricLoader/Mixin) Mixing BucketItemAccessor from fabric-transfer-api-v1.mixins.json into net.minecraft.item.BucketItem
[15:32:06] [main/DEBUG] (FabricLoader/Mixin) Mixing BucketItemMixin from fabric-transfer-api-v1.mixins.json into net.minecraft.item.BucketItem
[15:32:06] [main/DEBUG] (FabricLoader/Mixin) Mixing inject.MixinBucketItem from architectury-common.mixins.json into net.minecraft.item.BucketItem
[15:32:06] [main/DEBUG] (FabricLoader/Mixin) architectury-common.mixins.json:inject.MixinBucketItem from mod architectury: Class version 65 required is higher than the class version supported by the current version of Mixin (JAVA_16 supports class version 60)
[15:32:06] [main/DEBUG] (FabricLoader/Mixin) Mixing BucketItemAccessor from architectury.mixins.json into net.minecraft.item.BucketItem
[15:32:06] [main/DEBUG] (FabricLoader/Mixin) architectury.mixins.json:BucketItemAccessor from mod architectury: Class version 65 required is higher than the class version supported by the current version of Mixin (JAVA_16 supports class version 60)
[15:32:06] [main/DEBUG] (FabricLoader/Mixin) Mixing MixinBucketItem from architectury.mixins.json into net.minecraft.item.BucketItem
[15:32:06] [main/DEBUG] (FabricLoader/Mixin) architectury.mixins.json:MixinBucketItem from mod architectury: Class version 65 required is higher than the class version supported by the current version of Mixin (JAVA_16 supports class version 60)
[15:32:06] [main/DEBUG] (FabricLoader/Mixin) architectury.mixins.json:MixinBucketItem from mod architectury->@Inject::fillBucket(Lnet/minecraft/world/World;Lnet/minecraft/entity/player/PlayerEntity;Lnet/minecraft/util/Hand;Lorg/spongepowered/asm/mixin/injection/callback/CallbackInfoReturnable;Lnet/minecraft/item/ItemStack;Lnet/minecraft/util/hit/BlockHitResult;)V does use it's CallbackInfoReturnable
[15:32:06] [main/DEBUG] (FabricLoader/Mixin) Mixing ItemSettingsMixin from fabric-item-api-v1.mixins.json into net.minecraft.item.Item$Settings
[15:32:06] [main/DEBUG] (FabricLoader/Mixin) Mixing inject.MixinItemProperties from architectury-common.mixins.json into net.minecraft.item.Item$Settings
[15:32:06] [main/DEBUG] (FabricLoader/Mixin) architectury-common.mixins.json:inject.MixinItemProperties from mod architectury: Class version 65 required is higher than the class version supported by the current version of Mixin (JAVA_16 supports class version 60)
[15:32:06] [main/DEBUG] (FabricLoader/Mixin) Mixing TagKeyMixin from fabric-convention-tags-api-v2.mixins.json into net.minecraft.registry.tag.TagKey
[15:32:06] [main/DEBUG] (FabricLoader/Mixin) Mixing WriteViewMixin from fabric-serialization-api-v1.mixins.json into net.minecraft.storage.WriteView
[15:32:06] [main/DEBUG] (FabricLoader/Mixin) Mixing BundleContentsComponentAccessor from fabric-transfer-api-v1.mixins.json into net.minecraft.component.type.BundleContentsComponent
[15:32:06] [main/DEBUG] (FabricLoader/Mixin) Renaming @Invoker method getOccupancy(Lnet/minecraft/item/ItemStack;)Lorg/apache/commons/lang3/math/Fraction; to getOccupancy$fabric-transfer-api-v1_$md$26369a$0 in fabric-transfer-api-v1.mixins.json:BundleContentsComponentAccessor from mod fabric-transfer-api-v1
[15:32:06] [main/DEBUG] (FabricLoader/Mixin) Mixing EntityTypeBuilderMixin from fabric-object-builder-v1.mixins.json into net.minecraft.entity.EntityType$Builder
[15:32:06] [main/DEBUG] (FabricLoader/Mixin) fabric-object-builder-v1.mixins.json:EntityTypeBuilderMixin from mod fabric-object-builder-api-v1->@Inject::applyChildBuilders(Lnet/minecraft/registry/RegistryKey;Lorg/spongepowered/asm/mixin/injection/callback/CallbackInfoReturnable;)V does use it's CallbackInfoReturnable
[15:32:06] [main/DEBUG] (FabricLoader/Mixin) Mixing ServerPlayerEntityMixin from fabric-entity-events-v1.mixins.json into net.minecraft.server.network.ServerPlayerEntity
[15:32:06] [main/DEBUG] (FabricLoader/Mixin) Mixing ServerPlayerEntityMixin from fabric-particles-v1.mixins.json into net.minecraft.server.network.ServerPlayerEntity
[15:32:06] [main/DEBUG] (FabricLoader/Mixin) Mixing ServerPlayerEntityMixin from fabric-screen-handler-api-v1.mixins.json into net.minecraft.server.network.ServerPlayerEntity
[15:32:06] [main/DEBUG] (FabricLoader/Mixin) Mixing LivingDeathInvoker from architectury.mixins.json into net.minecraft.server.network.ServerPlayerEntity
[15:32:06] [main/DEBUG] (FabricLoader/Mixin) architectury.mixins.json:LivingDeathInvoker from mod architectury: Class version 65 required is higher than the class version supported by the current version of Mixin (JAVA_16 supports class version 60)
[15:32:06] [main/DEBUG] (FabricLoader/Mixin) Mixing MixinServerPlayer from architectury.mixins.json into net.minecraft.server.network.ServerPlayerEntity
[15:32:06] [main/DEBUG] (FabricLoader/Mixin) architectury.mixins.json:MixinServerPlayer from mod architectury: Class version 65 required is higher than the class version supported by the current version of Mixin (JAVA_16 supports class version 60)
[15:32:06] [main/DEBUG] (FabricLoader/Mixin) Mixing ServerPlayerEntityMixin from fabric-events-interaction-v0.mixins.json into net.minecraft.server.network.ServerPlayerEntity
[15:32:06] [main/DEBUG] (FabricLoader/Mixin) fabric-entity-events-v1.mixins.json:ServerPlayerEntityMixin from mod fabric-entity-events-v1->@Inject::callOnKillForPlayer(Lnet/minecraft/entity/damage/DamageSource;Lorg/spongepowered/asm/mixin/injection/callback/CallbackInfo;)V doesn't use it's CallbackInfo
[15:32:06] [main/DEBUG] (FabricLoader/Mixin) fabric-entity-events-v1.mixins.json:ServerPlayerEntityMixin from mod fabric-entity-events-v1->@Inject::callOnKillForPlayer(Lnet/minecraft/entity/damage/DamageSource;Lorg/spongepowered/asm/mixin/injection/callback/CallbackInfo;)V has 0 override(s) in child classes
[15:32:06] [main/DEBUG] (FabricLoader/Mixin) fabric-entity-events-v1.mixins.json:ServerPlayerEntityMixin from mod fabric-entity-events-v1->@Inject::callOnKillForPlayer(Lnet/minecraft/entity/damage/DamageSource;Lorg/spongepowered/asm/mixin/injection/callback/CallbackInfo;)V won't be passed a CallbackInfo as a result
[15:32:06] [main/DEBUG] (FabricLoader/Mixin) fabric-entity-events-v1.mixins.json:ServerPlayerEntityMixin from mod fabric-entity-events-v1->@Inject::notifyDeath(Lnet/minecraft/entity/damage/DamageSource;Lorg/spongepowered/asm/mixin/injection/callback/CallbackInfo;)V doesn't use it's CallbackInfo
[15:32:06] [main/DEBUG] (FabricLoader/Mixin) fabric-entity-events-v1.mixins.json:ServerPlayerEntityMixin from mod fabric-entity-events-v1->@Inject::notifyDeath(Lnet/minecraft/entity/damage/DamageSource;Lorg/spongepowered/asm/mixin/injection/callback/CallbackInfo;)V has 0 override(s) in child classes
[15:32:06] [main/DEBUG] (FabricLoader/Mixin) fabric-entity-events-v1.mixins.json:ServerPlayerEntityMixin from mod fabric-entity-events-v1->@Inject::notifyDeath(Lnet/minecraft/entity/damage/DamageSource;Lorg/spongepowered/asm/mixin/injection/callback/CallbackInfo;)V won't be passed a CallbackInfo as a result
[15:32:06] [main/DEBUG] (FabricLoader/Mixin) fabric-entity-events-v1.mixins.json:ServerPlayerEntityMixin from mod fabric-entity-events-v1->@Inject::afterWorldChanged(Lnet/minecraft/server/world/ServerWorld;Lorg/spongepowered/asm/mixin/injection/callback/CallbackInfo;)V doesn't use it's CallbackInfo
[15:32:06] [main/DEBUG] (FabricLoader/Mixin) fabric-entity-events-v1.mixins.json:ServerPlayerEntityMixin from mod fabric-entity-events-v1->@Inject::afterWorldChanged(Lnet/minecraft/server/world/ServerWorld;Lorg/spongepowered/asm/mixin/injection/callback/CallbackInfo;)V has 0 override(s) in child classes
[15:32:06] [main/DEBUG] (FabricLoader/Mixin) fabric-entity-events-v1.mixins.json:ServerPlayerEntityMixin from mod fabric-entity-events-v1->@Inject::afterWorldChanged(Lnet/minecraft/server/world/ServerWorld;Lorg/spongepowered/asm/mixin/injection/callback/CallbackInfo;)V won't be passed a CallbackInfo as a result
[15:32:06] [main/DEBUG] (FabricLoader/Mixin) fabric-entity-events-v1.mixins.json:ServerPlayerEntityMixin from mod fabric-entity-events-v1->@Inject::onCopyFrom(Lnet/minecraft/server/network/ServerPlayerEntity;ZLorg/spongepowered/asm/mixin/injection/callback/CallbackInfo;)V doesn't use it's CallbackInfo
[15:32:06] [main/DEBUG] (FabricLoader/Mixin) fabric-entity-events-v1.mixins.json:ServerPlayerEntityMixin from mod fabric-entity-events-v1->@Inject::onCopyFrom(Lnet/minecraft/server/network/ServerPlayerEntity;ZLorg/spongepowered/asm/mixin/injection/callback/CallbackInfo;)V has 0 override(s) in child classes
[15:32:06] [main/DEBUG] (FabricLoader/Mixin) fabric-entity-events-v1.mixins.json:ServerPlayerEntityMixin from mod fabric-entity-events-v1->@Inject::onCopyFrom(Lnet/minecraft/server/network/ServerPlayerEntity;ZLorg/spongepowered/asm/mixin/injection/callback/CallbackInfo;)V won't be passed a CallbackInfo as a result
[15:32:06] [main/DEBUG] (FabricLoader/Mixin) fabric-screen-handler-api-v1.mixins.json:ServerPlayerEntityMixin from mod fabric-screen-handler-api-v1->@Inject::fabric_storeOpenedScreenHandler(Lnet/minecraft/screen/NamedScreenHandlerFactory;Lorg/spongepowered/asm/mixin/injection/callback/CallbackInfoReturnable;)V doesn't use it's CallbackInfoReturnable
[15:32:06] [main/DEBUG] (FabricLoader/Mixin) fabric-screen-handler-api-v1.mixins.json:ServerPlayerEntityMixin from mod fabric-screen-handler-api-v1->@Inject::fabric_storeOpenedScreenHandler(Lnet/minecraft/screen/NamedScreenHandlerFactory;Lorg/spongepowered/asm/mixin/injection/callback/CallbackInfoReturnable;)V has 0 override(s) in child classes
[15:32:06] [main/DEBUG] (FabricLoader/Mixin) fabric-screen-handler-api-v1.mixins.json:ServerPlayerEntityMixin from mod fabric-screen-handler-api-v1->@Inject::fabric_storeOpenedScreenHandler(Lnet/minecraft/screen/NamedScreenHandlerFactory;Lorg/spongepowered/asm/mixin/injection/callback/CallbackInfoReturnable;)V won't be passed a CallbackInfoReturnable as a result
[15:32:06] [main/DEBUG] (FabricLoader/Mixin) architectury.mixins.json:LivingDeathInvoker from mod architectury->@Inject::die(Lnet/minecraft/entity/damage/DamageSource;Lorg/spongepowered/asm/mixin/injection/callback/CallbackInfo;)V does use it's CallbackInfo
[15:32:06] [main/DEBUG] (FabricLoader/Mixin) architectury.mixins.json:MixinServerPlayer from mod architectury->@Inject::restoreFrom(Lnet/minecraft/server/network/ServerPlayerEntity;ZLorg/spongepowered/asm/mixin/injection/callback/CallbackInfo;)V doesn't use it's CallbackInfo
[15:32:06] [main/DEBUG] (FabricLoader/Mixin) architectury.mixins.json:MixinServerPlayer from mod architectury->@Inject::restoreFrom(Lnet/minecraft/server/network/ServerPlayerEntity;ZLorg/spongepowered/asm/mixin/injection/callback/CallbackInfo;)V has 0 override(s) in child classes
[15:32:06] [main/DEBUG] (FabricLoader/Mixin) architectury.mixins.json:MixinServerPlayer from mod architectury->@Inject::restoreFrom(Lnet/minecraft/server/network/ServerPlayerEntity;ZLorg/spongepowered/asm/mixin/injection/callback/CallbackInfo;)V won't be passed a CallbackInfo as a result
[15:32:06] [main/DEBUG] (FabricLoader/Mixin) architectury.mixins.json:MixinServerPlayer from mod architectury->@Inject::openMenu(Lnet/minecraft/screen/NamedScreenHandlerFactory;Lorg/spongepowered/asm/mixin/injection/callback/CallbackInfoReturnable;)V does use it's CallbackInfoReturnable
[15:32:06] [main/DEBUG] (FabricLoader/Mixin) architectury.mixins.json:MixinServerPlayer from mod architectury->@Inject::openMenu(Lnet/minecraft/screen/NamedScreenHandlerFactory;Lorg/spongepowered/asm/mixin/injection/callback/CallbackInfoReturnable;)V does use it's CallbackInfoReturnable
[15:32:06] [main/DEBUG] (FabricLoader/Mixin) architectury.mixins.json:MixinServerPlayer from mod architectury->@Inject::openMenu(Lnet/minecraft/screen/NamedScreenHandlerFactory;Lorg/spongepowered/asm/mixin/injection/callback/CallbackInfoReturnable;)V does use it's CallbackInfoReturnable
[15:32:06] [main/DEBUG] (FabricLoader/Mixin) architectury.mixins.json:MixinServerPlayer from mod architectury->@Inject::openHorseInventory(Lnet/minecraft/entity/passive/AbstractHorseEntity;Lnet/minecraft/inventory/Inventory;Lorg/spongepowered/asm/mixin/injection/callback/CallbackInfo;)V doesn't use it's CallbackInfo
[15:32:06] [main/DEBUG] (FabricLoader/Mixin) architectury.mixins.json:MixinServerPlayer from mod architectury->@Inject::openHorseInventory(Lnet/minecraft/entity/passive/AbstractHorseEntity;Lnet/minecraft/inventory/Inventory;Lorg/spongepowered/asm/mixin/injection/callback/CallbackInfo;)V has 0 override(s) in child classes
[15:32:06] [main/DEBUG] (FabricLoader/Mixin) architectury.mixins.json:MixinServerPlayer from mod architectury->@Inject::openHorseInventory(Lnet/minecraft/entity/passive/AbstractHorseEntity;Lnet/minecraft/inventory/Inventory;Lorg/spongepowered/asm/mixin/injection/callback/CallbackInfo;)V won't be passed a CallbackInfo as a result
[15:32:06] [main/DEBUG] (FabricLoader/Mixin) architectury.mixins.json:MixinServerPlayer from mod architectury->@Inject::doCloseContainer(Lorg/spongepowered/asm/mixin/injection/callback/CallbackInfo;)V doesn't use it's CallbackInfo
[15:32:06] [main/DEBUG] (FabricLoader/Mixin) architectury.mixins.json:MixinServerPlayer from mod architectury->@Inject::doCloseContainer(Lorg/spongepowered/asm/mixin/injection/callback/CallbackInfo;)V has 0 override(s) in child classes
[15:32:06] [main/DEBUG] (FabricLoader/Mixin) architectury.mixins.json:MixinServerPlayer from mod architectury->@Inject::doCloseContainer(Lorg/spongepowered/asm/mixin/injection/callback/CallbackInfo;)V won't be passed a CallbackInfo as a result
[15:32:06] [main/DEBUG] (FabricLoader/Mixin) architectury.mixins.json:MixinServerPlayer from mod architectury->@Inject::changeDimension(Lnet/minecraft/server/world/ServerWorld;Lorg/spongepowered/asm/mixin/injection/callback/CallbackInfo;)V doesn't use it's CallbackInfo
[15:32:06] [main/DEBUG] (FabricLoader/Mixin) architectury.mixins.json:MixinServerPlayer from mod architectury->@Inject::changeDimension(Lnet/minecraft/server/world/ServerWorld;Lorg/spongepowered/asm/mixin/injection/callback/CallbackInfo;)V has 0 override(s) in child classes
[15:32:06] [main/DEBUG] (FabricLoader/Mixin) architectury.mixins.json:MixinServerPlayer from mod architectury->@Inject::changeDimension(Lnet/minecraft/server/world/ServerWorld;Lorg/spongepowered/asm/mixin/injection/callback/CallbackInfo;)V won't be passed a CallbackInfo as a result
[15:32:06] [main/DEBUG] (FabricLoader/Mixin) fabric-events-interaction-v0.mixins.json:ServerPlayerEntityMixin from mod fabric-events-interaction-v0->@Inject::onPlayerInteractEntity(Lnet/minecraft/entity/Entity;Lorg/spongepowered/asm/mixin/injection/callback/CallbackInfo;)V does use it's CallbackInfo
[15:32:06] [main/DEBUG] (FabricLoader/Mixin) fabric-events-interaction-v0.mixins.json:ServerPlayerEntityMixin from mod fabric-events-interaction-v0->@Inject::fakePlayerGameMode(Lnet/minecraft/world/GameMode;Lorg/spongepowered/asm/mixin/injection/callback/CallbackInfoReturnable;)V does use it's CallbackInfoReturnable
[15:32:06] [main/DEBUG] (FabricLoader/Mixin) Mixing BreezeEntityMixin from fabric-particles-v1.mixins.json into net.minecraft.entity.mob.BreezeEntity
[15:32:06] [main/DEBUG] (FabricLoader/Mixin) Mixing HorseTameInvoker from architectury.mixins.json into net.minecraft.entity.ai.goal.HorseBondWithPlayerGoal
[15:32:06] [main/DEBUG] (FabricLoader/Mixin) architectury.mixins.json:HorseTameInvoker from mod architectury: Class version 65 required is higher than the class version supported by the current version of Mixin (JAVA_16 supports class version 60)
[15:32:06] [main/DEBUG] (FabricLoader/Mixin) architectury.mixins.json:HorseTameInvoker from mod architectury->@Inject::tick(Lorg/spongepowered/asm/mixin/injection/callback/CallbackInfo;)V does use it's CallbackInfo
[15:32:06] [main/DEBUG] (FabricLoader/Mixin) Mixing MixinTamableAnimal from architectury.mixins.json into net.minecraft.entity.passive.TameableEntity
[15:32:06] [main/DEBUG] (FabricLoader/Mixin) architectury.mixins.json:MixinTamableAnimal from mod architectury: Class version 65 required is higher than the class version supported by the current version of Mixin (JAVA_16 supports class version 60)
[15:32:06] [main/DEBUG] (FabricLoader/Mixin) architectury.mixins.json:MixinTamableAnimal from mod architectury->@Inject::tame(Lnet/minecraft/entity/player/PlayerEntity;Lorg/spongepowered/asm/mixin/injection/callback/CallbackInfo;)V does use it's CallbackInfo
[15:32:07] [main/DEBUG] (FabricLoader/Mixin) Mixing VillagerEntityAccessor from fabric-content-registries-v0.mixins.json into net.minecraft.entity.passive.VillagerEntity
[15:32:07] [main/DEBUG] (FabricLoader/Mixin) Renaming @Accessor method fabric_setItemFoodValues(Ljava/util/Map;)V to fabric_setItemFoodValues$fabric-content-registries-v0_$md$26369a$0 in fabric-content-registries-v0.mixins.json:VillagerEntityAccessor from mod fabric-content-registries-v0
[15:32:07] [main/DEBUG] (FabricLoader/Mixin) Mixing VillagerEntityMixin from fabric-content-registries-v0.mixins.json into net.minecraft.entity.passive.VillagerEntity
[15:32:07] [main/DEBUG] (FabricLoader/Mixin) Mixing MixinLightningBolt from architectury-common.mixins.json into net.minecraft.entity.LightningEntity
[15:32:07] [main/DEBUG] (FabricLoader/Mixin) architectury-common.mixins.json:MixinLightningBolt from mod architectury: Class version 65 required is higher than the class version supported by the current version of Mixin (JAVA_16 supports class version 60)
[15:32:07] [main/DEBUG] (FabricLoader/Mixin) architectury-common.mixins.json:MixinLightningBolt from mod architectury->@Inject::handleLightning(Lorg/spongepowered/asm/mixin/injection/callback/CallbackInfo;Ljava/util/List;)V doesn't use it's CallbackInfo
[15:32:07] [main/DEBUG] (FabricLoader/Mixin) architectury-common.mixins.json:MixinLightningBolt from mod architectury->@Inject::handleLightning(Lorg/spongepowered/asm/mixin/injection/callback/CallbackInfo;Ljava/util/List;)V has 0 override(s) in child classes
[15:32:07] [main/DEBUG] (FabricLoader/Mixin) architectury-common.mixins.json:MixinLightningBolt from mod architectury->@Inject::handleLightning(Lorg/spongepowered/asm/mixin/injection/callback/CallbackInfo;Ljava/util/List;)V won't be passed a CallbackInfo as a result
[15:32:07] [main/DEBUG] (FabricLoader/Mixin) Mixing TrackedDataHandlerRegistryAccessor from fabric-object-builder-v1.mixins.json into net.minecraft.entity.data.TrackedDataHandlerRegistry
[15:32:07] [main/DEBUG] (FabricLoader/Mixin) Renaming @Accessor method fabric_getDataHandlers()Lnet/minecraft/util/collection/Int2ObjectBiMap; to fabric_getDataHandlers$fabric-object-builder-api-v1_$md$26369a$0 in fabric-object-builder-v1.mixins.json:TrackedDataHandlerRegistryAccessor from mod fabric-object-builder-api-v1
[15:32:07] [main/DEBUG] (FabricLoader/Mixin) Mixing TrackedDataHandlerRegistryMixin from fabric-object-builder-v1.mixins.json into net.minecraft.entity.data.TrackedDataHandlerRegistry
[15:32:07] [main/DEBUG] (FabricLoader/Mixin) fabric-object-builder-v1.mixins.json:TrackedDataHandlerRegistryMixin from mod fabric-object-builder-api-v1->@Inject::storeVanillaHandlers(Lorg/spongepowered/asm/mixin/injection/callback/CallbackInfo;)V doesn't use it's CallbackInfo
[15:32:07] [main/DEBUG] (FabricLoader/Mixin) fabric-object-builder-v1.mixins.json:TrackedDataHandlerRegistryMixin from mod fabric-object-builder-api-v1->@Inject::onHeadRegister(Lnet/minecraft/entity/data/TrackedDataHandler;Lorg/spongepowered/asm/mixin/injection/callback/CallbackInfo;)V doesn't use it's CallbackInfo
[15:32:07] [main/DEBUG] (FabricLoader/Mixin) Mixing AttachmentTargetsMixin from fabric-data-attachment-api-v1.mixins.json into net.minecraft.world.chunk.Chunk
[15:32:07] [main/DEBUG] (FabricLoader/Mixin) Mixing ChunkMixin from fabric-data-attachment-api-v1.mixins.json into net.minecraft.world.chunk.Chunk
[15:32:07] [main/DEBUG] (FabricLoader/Mixin) Mixing WorldChunkMixin from fabric-data-attachment-api-v1.mixins.json into net.minecraft.world.chunk.WorldChunk
[15:32:07] [main/DEBUG] (FabricLoader/Mixin) Renaming synthetic method lambda$fabric_syncChange$0(Lnet/fabricmc/fabric/api/attachment/v1/AttachmentType;Lnet/fabricmc/fabric/impl/attachment/sync/s2c/AttachmentSyncPayloadS2C;Lnet/minecraft/server/network/ServerPlayerEntity;)V to md26369a$fabric-data-attachment-api-v1$lambda$fabric_syncChange$0$0 in fabric-data-attachment-api-v1.mixins.json:WorldChunkMixin from mod fabric-data-attachment-api-v1
[15:32:07] [main/DEBUG] (FabricLoader/Mixin) Mixing WorldChunkMixin from fabric-lifecycle-events-v1.client.mixins.json into net.minecraft.world.chunk.WorldChunk
[15:32:07] [main/DEBUG] (FabricLoader/Mixin) fabric-data-attachment-api-v1.mixins.json:WorldChunkMixin from mod fabric-data-attachment-api-v1->@Inject::transferProtoChunkAttachment(Lnet/minecraft/server/world/ServerWorld;Lnet/minecraft/world/chunk/ProtoChunk;Lnet/minecraft/world/chunk/WorldChunk$EntityLoader;Lorg/spongepowered/asm/mixin/injection/callback/CallbackInfo;)V doesn't use it's CallbackInfo
[15:32:07] [main/DEBUG] (FabricLoader/Mixin) fabric-data-attachment-api-v1.mixins.json:WorldChunkMixin from mod fabric-data-attachment-api-v1->@Inject::transferProtoChunkAttachment(Lnet/minecraft/server/world/ServerWorld;Lnet/minecraft/world/chunk/ProtoChunk;Lnet/minecraft/world/chunk/WorldChunk$EntityLoader;Lorg/spongepowered/asm/mixin/injection/callback/CallbackInfo;)V has 0 override(s) in child classes
[15:32:07] [main/DEBUG] (FabricLoader/Mixin) fabric-data-attachment-api-v1.mixins.json:WorldChunkMixin from mod fabric-data-attachment-api-v1->@Inject::transferProtoChunkAttachment(Lnet/minecraft/server/world/ServerWorld;Lnet/minecraft/world/chunk/ProtoChunk;Lnet/minecraft/world/chunk/WorldChunk$EntityLoader;Lorg/spongepowered/asm/mixin/injection/callback/CallbackInfo;)V won't be passed a CallbackInfo as a result
[15:32:07] [main/DEBUG] (FabricLoader/Mixin) fabric-lifecycle-events-v1.client.mixins.json:WorldChunkMixin from mod fabric-lifecycle-events-v1->@Inject::onRemoveBlockEntity(Lnet/minecraft/block/entity/BlockEntity;Lorg/spongepowered/asm/mixin/injection/callback/CallbackInfo;)V doesn't use it's CallbackInfo
[15:32:07] [main/DEBUG] (FabricLoader/Mixin) fabric-lifecycle-events-v1.client.mixins.json:WorldChunkMixin from mod fabric-lifecycle-events-v1->@Inject::onRemoveBlockEntity(Lnet/minecraft/block/entity/BlockEntity;Lorg/spongepowered/asm/mixin/injection/callback/CallbackInfo;)V has 0 override(s) in child classes
[15:32:07] [main/DEBUG] (FabricLoader/Mixin) fabric-lifecycle-events-v1.client.mixins.json:WorldChunkMixin from mod fabric-lifecycle-events-v1->@Inject::onRemoveBlockEntity(Lnet/minecraft/block/entity/BlockEntity;Lorg/spongepowered/asm/mixin/injection/callback/CallbackInfo;)V won't be passed a CallbackInfo as a result
[15:32:07] [main/DEBUG] (FabricLoader/Mixin) fabric-lifecycle-events-v1.client.mixins.json:WorldChunkMixin from mod fabric-lifecycle-events-v1->@Inject::onRemoveBlockEntity(Lnet/minecraft/util/math/BlockPos;Lorg/spongepowered/asm/mixin/injection/callback/CallbackInfo;)V doesn't use it's CallbackInfo
[15:32:07] [main/DEBUG] (FabricLoader/Mixin) fabric-lifecycle-events-v1.client.mixins.json:WorldChunkMixin from mod fabric-lifecycle-events-v1->@Inject::onRemoveBlockEntity(Lnet/minecraft/util/math/BlockPos;Lorg/spongepowered/asm/mixin/injection/callback/CallbackInfo;)V has 0 override(s) in child classes
[15:32:07] [main/DEBUG] (FabricLoader/Mixin) fabric-lifecycle-events-v1.client.mixins.json:WorldChunkMixin from mod fabric-lifecycle-events-v1->@Inject::onRemoveBlockEntity(Lnet/minecraft/util/math/BlockPos;Lorg/spongepowered/asm/mixin/injection/callback/CallbackInfo;)V won't be passed a CallbackInfo as a result
[15:32:07] [main/DEBUG] (net.fabricmc.fabric.impl.object.builder.FabricTrackedDataRegistryImpl) Stored 37 vanilla handlers
[15:32:07] [main/DEBUG] (FabricLoader/Mixin) Mixing MixinOcelot from architectury.mixins.json into net.minecraft.entity.passive.OcelotEntity
[15:32:07] [main/DEBUG] (FabricLoader/Mixin) architectury.mixins.json:MixinOcelot from mod architectury: Class version 65 required is higher than the class version supported by the current version of Mixin (JAVA_16 supports class version 60)
[15:32:07] [main/DEBUG] (FabricLoader/Mixin) architectury.mixins.json:MixinOcelot from mod architectury->@Inject::mobInteract(Lnet/minecraft/entity/player/PlayerEntity;Lnet/minecraft/util/Hand;Lorg/spongepowered/asm/mixin/injection/callback/CallbackInfoReturnable;)V does use it's CallbackInfoReturnable
[15:32:07] [main/DEBUG] (FabricLoader/Mixin) Mixing MixinBaseSpawner from architectury.mixins.json into net.minecraft.block.spawner.MobSpawnerLogic
[15:32:07] [main/DEBUG] (FabricLoader/Mixin) architectury.mixins.json:MixinBaseSpawner from mod architectury: Class version 65 required is higher than the class version supported by the current version of Mixin (JAVA_16 supports class version 60)
[15:32:07] [main/DEBUG] (FabricLoader/Mixin) Mixing WardenEntityMixin from fabric-particles-v1.mixins.json into net.minecraft.entity.mob.WardenEntity
[15:32:07] [main/DEBUG] (FabricLoader/Mixin) Mixing ContainerComponentAccessor from fabric-transfer-api-v1.mixins.json into net.minecraft.component.type.ContainerComponent
[15:32:07] [main/DEBUG] (FabricLoader/Mixin) Mixing LootTableAccessor from fabric-loot-api-v3.mixins.json into net.minecraft.loot.LootTable
[15:32:07] [main/DEBUG] (FabricLoader/Mixin) Mixing LootTableMixin from fabric-loot-api-v3.mixins.json into net.minecraft.loot.LootTable
[15:32:07] [main/DEBUG] (FabricLoader/Mixin) Mixing EnchantRandomlyLootFunctionMixin from fabric-item-api-v1.mixins.json into net.minecraft.loot.function.EnchantRandomlyLootFunction
[15:32:07] [main/DEBUG] (FabricLoader/Mixin) Mixing HoneycombItemMixin from fabric-content-registries-v0.mixins.json into net.minecraft.item.HoneycombItem
[15:32:07] [main/DEBUG] (FabricLoader/Mixin) fabric-content-registries-v0.mixins.json:HoneycombItemMixin from mod fabric-content-registries-v0->@Inject::createUnwaxedToWaxedMap(Lorg/spongepowered/asm/mixin/injection/callback/CallbackInfoReturnable;)V does use it's CallbackInfoReturnable
[15:32:07] [main/DEBUG] (FabricLoader/Mixin) Mixing BrushItemMixin from fabric-particles-v1.mixins.json into net.minecraft.item.BrushItem
[15:32:07] [main/DEBUG] (FabricLoader/Mixin) Mixing EntitySelectorOptionsAccessor from fabric-command-api-v2.mixins.json into net.minecraft.command.EntitySelectorOptions
[15:32:07] [main/DEBUG] (FabricLoader/Mixin) Renaming @Invoker method callPutOption(Ljava/lang/String;Lnet/minecraft/command/EntitySelectorOptions$SelectorHandler;Ljava/util/function/Predicate;Lnet/minecraft/text/Text;)V to callPutOption$fabric-command-api-v2_$md$26369a$0 in fabric-command-api-v2.mixins.json:EntitySelectorOptionsAccessor from mod fabric-command-api-v2
[15:32:07] [main/DEBUG] (FabricLoader/Mixin) Mixing EntitySelectorReaderMixin from fabric-command-api-v2.mixins.json into net.minecraft.command.EntitySelectorReader
[15:32:07] [main/DEBUG] (FabricLoader/Mixin) Generating mapped inner class net/minecraft/block/entity/ChiseledBookshelfBlockEntity$Anonymous$74e393b370c746fc9e389977db94e023 (originally net/fabricmc/fabric/mixin/transfer/ChiseledBookshelfBlockEntityMixin$1)
[15:32:07] [main/DEBUG] (FabricLoader/Mixin) Mixing SimpleInventoryMixin from fabric-transfer-api-v1.mixins.json into net.minecraft.inventory.SimpleInventory
[15:32:07] [main/DEBUG] (FabricLoader/Mixin) Mixing MixinFurnaceResultSlot from architectury.mixins.json into net.minecraft.screen.slot.FurnaceOutputSlot
[15:32:07] [main/DEBUG] (FabricLoader/Mixin) architectury.mixins.json:MixinFurnaceResultSlot from mod architectury: Class version 65 required is higher than the class version supported by the current version of Mixin (JAVA_16 supports class version 60)
[15:32:07] [main/DEBUG] (FabricLoader/Mixin) architectury.mixins.json:MixinFurnaceResultSlot from mod architectury->@Inject::checkTakeAchievements(Lnet/minecraft/item/ItemStack;Lorg/spongepowered/asm/mixin/injection/callback/CallbackInfo;)V doesn't use it's CallbackInfo
[15:32:07] [main/DEBUG] (FabricLoader/Mixin) architectury.mixins.json:MixinFurnaceResultSlot from mod architectury->@Inject::checkTakeAchievements(Lnet/minecraft/item/ItemStack;Lorg/spongepowered/asm/mixin/injection/callback/CallbackInfo;)V has 0 override(s) in child classes
[15:32:07] [main/DEBUG] (FabricLoader/Mixin) architectury.mixins.json:MixinFurnaceResultSlot from mod architectury->@Inject::checkTakeAchievements(Lnet/minecraft/item/ItemStack;Lorg/spongepowered/asm/mixin/injection/callback/CallbackInfo;)V won't be passed a CallbackInfo as a result
[15:32:07] [main/DEBUG] (FabricLoader/Mixin) Mixing MixinResultSlot from architectury.mixins.json into net.minecraft.screen.slot.CraftingResultSlot
[15:32:07] [main/DEBUG] (FabricLoader/Mixin) architectury.mixins.json:MixinResultSlot from mod architectury: Class version 65 required is higher than the class version supported by the current version of Mixin (JAVA_16 supports class version 60)
[15:32:07] [main/DEBUG] (FabricLoader/Mixin) architectury.mixins.json:MixinResultSlot from mod architectury->@Inject::craft(Lnet/minecraft/item/ItemStack;Lorg/spongepowered/asm/mixin/injection/callback/CallbackInfo;)V doesn't use it's CallbackInfo
[15:32:07] [main/DEBUG] (FabricLoader/Mixin) architectury.mixins.json:MixinResultSlot from mod architectury->@Inject::craft(Lnet/minecraft/item/ItemStack;Lorg/spongepowered/asm/mixin/injection/callback/CallbackInfo;)V has 0 override(s) in child classes
[15:32:07] [main/DEBUG] (FabricLoader/Mixin) architectury.mixins.json:MixinResultSlot from mod architectury->@Inject::craft(Lnet/minecraft/item/ItemStack;Lorg/spongepowered/asm/mixin/injection/callback/CallbackInfo;)V won't be passed a CallbackInfo as a result
[15:32:07] [main/DEBUG] (FabricLoader/Mixin) Mixing CraftingRecipeMixin from fabric-item-api-v1.mixins.json into net.minecraft.recipe.CraftingRecipe
[15:32:07] [main/DEBUG] (FabricLoader/Mixin) Mixing ingredient.IngredientMixin from fabric-recipe-api-v1.mixins.json into net.minecraft.recipe.Ingredient
[15:32:07] [main/DEBUG] (FabricLoader/Mixin) Renaming synthetic method lambda$injectCodec$2(Lnet/minecraft/recipe/Ingredient;)Lcom/mojang/datafixers/util/Either; to md26369a$fabric-recipe-api-v1$lambda$injectCodec$2$0 in fabric-recipe-api-v1.mixins.json:ingredient.IngredientMixin from mod fabric-recipe-api-v1
[15:32:07] [main/DEBUG] (FabricLoader/Mixin) Renaming synthetic method lambda$injectCodec$1(Lcom/mojang/datafixers/util/Either;)Lnet/minecraft/recipe/Ingredient; to md26369a$fabric-recipe-api-v1$lambda$injectCodec$1$1 in fabric-recipe-api-v1.mixins.json:ingredient.IngredientMixin from mod fabric-recipe-api-v1
[15:32:07] [main/DEBUG] (FabricLoader/Mixin) Renaming synthetic method lambda$injectCodec$0(Lnet/minecraft/recipe/Ingredient;)Lnet/minecraft/recipe/Ingredient; to md26369a$fabric-recipe-api-v1$lambda$injectCodec$0$2 in fabric-recipe-api-v1.mixins.json:ingredient.IngredientMixin from mod fabric-recipe-api-v1
[15:32:07] [main/DEBUG] (FabricLoader/Mixin) fabric-recipe-api-v1.mixins.json:ingredient.IngredientMixin from mod fabric-recipe-api-v1->@Inject::injectCodec(Lorg/spongepowered/asm/mixin/injection/callback/CallbackInfo;)V doesn't use it's CallbackInfo
[15:32:07] [main/DEBUG] (FabricLoader/Mixin) fabric-recipe-api-v1.mixins.json:ingredient.IngredientMixin from mod fabric-recipe-api-v1->@Inject::onGetEntries(Lnet/minecraft/recipe/Ingredient;Lorg/spongepowered/asm/mixin/injection/callback/CallbackInfoReturnable;)V does use it's CallbackInfoReturnable
[15:32:07] [main/DEBUG] (FabricLoader/Mixin) fabric-recipe-api-v1.mixins.json:ingredient.IngredientMixin from mod fabric-recipe-api-v1->@Inject::onGetEntries(Lnet/minecraft/recipe/Ingredient;Lorg/spongepowered/asm/mixin/injection/callback/CallbackInfoReturnable;)V does use it's CallbackInfoReturnable
[15:32:07] [main/DEBUG] (FabricLoader/Mixin) fabric-recipe-api-v1.mixins.json:ingredient.IngredientMixin from mod fabric-recipe-api-v1->@Inject::onGetEntries(Lnet/minecraft/recipe/Ingredient;Lorg/spongepowered/asm/mixin/injection/callback/CallbackInfoReturnable;)V does use it's CallbackInfoReturnable
[15:32:07] [main/DEBUG] (FabricLoader/Mixin) fabric-recipe-api-v1.mixins.json:ingredient.IngredientMixin from mod fabric-recipe-api-v1->@Inject::onHeadEquals(Ljava/lang/Object;Lorg/spongepowered/asm/mixin/injection/callback/CallbackInfoReturnable;)V does use it's CallbackInfoReturnable
[15:32:07] [main/DEBUG] (FabricLoader/Mixin) Mixing ingredient.ShapelessRecipeMixin from fabric-recipe-api-v1.mixins.json into net.minecraft.recipe.ShapelessRecipe
[15:32:07] [main/DEBUG] (FabricLoader/Mixin) fabric-recipe-api-v1.mixins.json:ingredient.ShapelessRecipeMixin from mod fabric-recipe-api-v1->@Inject::cacheRequiresTesting(Ljava/lang/String;Lnet/minecraft/recipe/book/CraftingRecipeCategory;Lnet/minecraft/item/ItemStack;Ljava/util/List;Lorg/spongepowered/asm/mixin/injection/callback/CallbackInfo;)V doesn't use it's CallbackInfo
[15:32:07] [main/DEBUG] (FabricLoader/Mixin) fabric-recipe-api-v1.mixins.json:ingredient.ShapelessRecipeMixin from mod fabric-recipe-api-v1->@Inject::cacheRequiresTesting(Ljava/lang/String;Lnet/minecraft/recipe/book/CraftingRecipeCategory;Lnet/minecraft/item/ItemStack;Ljava/util/List;Lorg/spongepowered/asm/mixin/injection/callback/CallbackInfo;)V has 0 override(s) in child classes
[15:32:07] [main/DEBUG] (FabricLoader/Mixin) fabric-recipe-api-v1.mixins.json:ingredient.ShapelessRecipeMixin from mod fabric-recipe-api-v1->@Inject::cacheRequiresTesting(Ljava/lang/String;Lnet/minecraft/recipe/book/CraftingRecipeCategory;Lnet/minecraft/item/ItemStack;Ljava/util/List;Lorg/spongepowered/asm/mixin/injection/callback/CallbackInfo;)V won't be passed a CallbackInfo as a result
[15:32:07] [main/DEBUG] (FabricLoader/Mixin) fabric-recipe-api-v1.mixins.json:ingredient.ShapelessRecipeMixin from mod fabric-recipe-api-v1->@Inject::customIngredientMatch(Lnet/minecraft/recipe/input/CraftingRecipeInput;Lnet/minecraft/world/World;Lorg/spongepowered/asm/mixin/injection/callback/CallbackInfoReturnable;)V does use it's CallbackInfoReturnable
[15:32:08] [main/DEBUG] (FabricLoader/Mixin) Mixing ChunkGeneratingMixin from fabric-lifecycle-events-v1.mixins.json into net.minecraft.world.chunk.ChunkGenerating
[15:32:08] [main/DEBUG] (FabricLoader/Mixin) fabric-lifecycle-events-v1.mixins.json:ChunkGeneratingMixin from mod fabric-lifecycle-events-v1->@Inject::onChunkLoad(Lnet/minecraft/world/chunk/Chunk;Lnet/minecraft/world/chunk/ChunkGenerationContext;Lnet/minecraft/world/chunk/AbstractChunkHolder;Lorg/spongepowered/asm/mixin/injection/callback/CallbackInfoReturnable;)V does use it's CallbackInfoReturnable
[15:32:08] [main/DEBUG] (FabricLoader/Mixin) Mixing StructureTemplateManagerMixin from fabric-gametest-api-v1.mixins.json into net.minecraft.structure.StructureTemplateManager
[15:32:08] [main/DEBUG] (FabricLoader/Mixin) Renaming @Unique method streamTemplatesFromResource()Ljava/util/stream/Stream; to md26369a$fabric-gametest-api-v1$streamTemplatesFromResource$0 in fabric-gametest-api-v1.mixins.json:StructureTemplateManagerMixin from mod fabric-gametest-api-v1
[15:32:08] [main/DEBUG] (FabricLoader/Mixin) fabric-gametest-api-v1.mixins.json:StructureTemplateManagerMixin from mod fabric-gametest-api-v1->@Inject::addFabricTemplateProvider(Lnet/minecraft/resource/ResourceManager;Lnet/minecraft/world/level/storage/LevelStorage$Session;Lcom/mojang/datafixers/DataFixer;Lnet/minecraft/registry/RegistryEntryLookup;Lorg/spongepowered/asm/mixin/injection/callback/CallbackInfo;)V doesn't use it's CallbackInfo
[15:32:08] [main/DEBUG] (FabricLoader/Mixin) fabric-gametest-api-v1.mixins.json:StructureTemplateManagerMixin from mod fabric-gametest-api-v1->@Inject::addFabricTemplateProvider(Lnet/minecraft/resource/ResourceManager;Lnet/minecraft/world/level/storage/LevelStorage$Session;Lcom/mojang/datafixers/DataFixer;Lnet/minecraft/registry/RegistryEntryLookup;Lorg/spongepowered/asm/mixin/injection/callback/CallbackInfo;)V has 0 override(s) in child classes
[15:32:08] [main/DEBUG] (FabricLoader/Mixin) fabric-gametest-api-v1.mixins.json:StructureTemplateManagerMixin from mod fabric-gametest-api-v1->@Inject::addFabricTemplateProvider(Lnet/minecraft/resource/ResourceManager;Lnet/minecraft/world/level/storage/LevelStorage$Session;Lcom/mojang/datafixers/DataFixer;Lnet/minecraft/registry/RegistryEntryLookup;Lorg/spongepowered/asm/mixin/injection/callback/CallbackInfo;)V won't be passed a CallbackInfo as a result
[15:32:08] [main/DEBUG] (FabricLoader/Mixin) Mixing BiomeSourceMixin from fabric-biome-api-v1.mixins.json into net.minecraft.world.biome.source.BiomeSource
[15:32:08] [main/DEBUG] (FabricLoader/Mixin) Mixing MultiNoiseBiomeSourceMixin from fabric-biome-api-v1.mixins.json into net.minecraft.world.biome.source.MultiNoiseBiomeSource
[15:32:08] [main/DEBUG] (FabricLoader/Mixin) Mixing NetherBiomePresetMixin from fabric-biome-api-v1.mixins.json into net.minecraft.world.biome.source.MultiNoiseBiomeSourceParameterList$Preset$1
[15:32:08] [main/DEBUG] (FabricLoader/Mixin) fabric-biome-api-v1.mixins.json:NetherBiomePresetMixin from mod fabric-biome-api-v1->@Inject::apply(Ljava/util/function/Function;Lorg/spongepowered/asm/mixin/injection/callback/CallbackInfoReturnable;)V does use it's CallbackInfoReturnable
[15:32:08] [main/DEBUG] (FabricLoader/Mixin) Mixing RegistryOpsAccessor from fabric-resource-conditions-api-v1.mixins.json into net.minecraft.registry.RegistryOps
[15:32:08] [main/DEBUG] (FabricLoader/Mixin) Mixing TheEndBiomeSourceMixin from fabric-biome-api-v1.mixins.json into net.minecraft.world.biome.source.TheEndBiomeSource
[15:32:08] [main/DEBUG] (FabricLoader/Mixin) Renaming synthetic method lambda$init$1(Lnet/minecraft/registry/RegistryEntryLookup;)Lnet/fabricmc/fabric/impl/biome/TheEndBiomeData$Overrides; to md26369a$fabric-biome-api-v1$lambda$init$1$0 in fabric-biome-api-v1.mixins.json:TheEndBiomeSourceMixin from mod fabric-biome-api-v1
[15:32:08] [main/DEBUG] (FabricLoader/Mixin) Renaming synthetic method lambda$modifyCodec$0(Lcom/mojang/serialization/codecs/RecordCodecBuilder$Instance;)Lcom/mojang/datafixers/kinds/App; to md26369a$fabric-biome-api-v1$lambda$modifyCodec$0$1 in fabric-biome-api-v1.mixins.json:TheEndBiomeSourceMixin from mod fabric-biome-api-v1
[15:32:08] [main/DEBUG] (FabricLoader/Mixin) fabric-biome-api-v1.mixins.json:TheEndBiomeSourceMixin from mod fabric-biome-api-v1->@Inject::modifyCodec(Lorg/spongepowered/asm/mixin/injection/callback/CallbackInfo;)V doesn't use it's CallbackInfo
[15:32:08] [main/DEBUG] (FabricLoader/Mixin) fabric-biome-api-v1.mixins.json:TheEndBiomeSourceMixin from mod fabric-biome-api-v1->@Inject::rememberLookup(Lnet/minecraft/registry/RegistryEntryLookup;Lorg/spongepowered/asm/mixin/injection/callback/CallbackInfoReturnable;)V doesn't use it's CallbackInfoReturnable
[15:32:08] [main/DEBUG] (FabricLoader/Mixin) fabric-biome-api-v1.mixins.json:TheEndBiomeSourceMixin from mod fabric-biome-api-v1->@Inject::clearLookup(Lnet/minecraft/registry/RegistryEntryLookup;Lorg/spongepowered/asm/mixin/injection/callback/CallbackInfoReturnable;)V doesn't use it's CallbackInfoReturnable
[15:32:08] [main/DEBUG] (FabricLoader/Mixin) fabric-biome-api-v1.mixins.json:TheEndBiomeSourceMixin from mod fabric-biome-api-v1->@Inject::init(Lnet/minecraft/registry/entry/RegistryEntry;Lnet/minecraft/registry/entry/RegistryEntry;Lnet/minecraft/registry/entry/RegistryEntry;Lnet/minecraft/registry/entry/RegistryEntry;Lnet/minecraft/registry/entry/RegistryEntry;Lorg/spongepowered/asm/mixin/injection/callback/CallbackInfo;)V doesn't use it's CallbackInfo
[15:32:08] [main/DEBUG] (FabricLoader/Mixin) fabric-biome-api-v1.mixins.json:TheEndBiomeSourceMixin from mod fabric-biome-api-v1->@Inject::init(Lnet/minecraft/registry/entry/RegistryEntry;Lnet/minecraft/registry/entry/RegistryEntry;Lnet/minecraft/registry/entry/RegistryEntry;Lnet/minecraft/registry/entry/RegistryEntry;Lnet/minecraft/registry/entry/RegistryEntry;Lorg/spongepowered/asm/mixin/injection/callback/CallbackInfo;)V has 0 override(s) in child classes
[15:32:08] [main/DEBUG] (FabricLoader/Mixin) fabric-biome-api-v1.mixins.json:TheEndBiomeSourceMixin from mod fabric-biome-api-v1->@Inject::init(Lnet/minecraft/registry/entry/RegistryEntry;Lnet/minecraft/registry/entry/RegistryEntry;Lnet/minecraft/registry/entry/RegistryEntry;Lnet/minecraft/registry/entry/RegistryEntry;Lnet/minecraft/registry/entry/RegistryEntry;Lorg/spongepowered/asm/mixin/injection/callback/CallbackInfo;)V won't be passed a CallbackInfo as a result
[15:32:08] [main/DEBUG] (FabricLoader/Mixin) fabric-biome-api-v1.mixins.json:TheEndBiomeSourceMixin from mod fabric-biome-api-v1->@Inject::getWeightedEndBiome(IIILnet/minecraft/world/biome/source/util/MultiNoiseUtil$MultiNoiseSampler;Lorg/spongepowered/asm/mixin/injection/callback/CallbackInfoReturnable;)V does use it's CallbackInfoReturnable
[15:32:08] [main/DEBUG] (FabricLoader/Mixin) fabric-biome-api-v1.mixins.json:TheEndBiomeSourceMixin from mod fabric-biome-api-v1->@Inject::getWeightedEndBiome(IIILnet/minecraft/world/biome/source/util/MultiNoiseUtil$MultiNoiseSampler;Lorg/spongepowered/asm/mixin/injection/callback/CallbackInfoReturnable;)V does use it's CallbackInfoReturnable
[15:32:08] [main/DEBUG] (FabricLoader/Mixin) fabric-biome-api-v1.mixins.json:TheEndBiomeSourceMixin from mod fabric-biome-api-v1->@Inject::getWeightedEndBiome(IIILnet/minecraft/world/biome/source/util/MultiNoiseUtil$MultiNoiseSampler;Lorg/spongepowered/asm/mixin/injection/callback/CallbackInfoReturnable;)V does use it's CallbackInfoReturnable
[15:32:08] [main/DEBUG] (FabricLoader/Mixin) fabric-biome-api-v1.mixins.json:TheEndBiomeSourceMixin from mod fabric-biome-api-v1->@Inject::getWeightedEndBiome(IIILnet/minecraft/world/biome/source/util/MultiNoiseUtil$MultiNoiseSampler;Lorg/spongepowered/asm/mixin/injection/callback/CallbackInfoReturnable;)V does use it's CallbackInfoReturnable
[15:32:08] [main/DEBUG] (FabricLoader/Mixin) fabric-biome-api-v1.mixins.json:TheEndBiomeSourceMixin from mod fabric-biome-api-v1->@Inject::getWeightedEndBiome(IIILnet/minecraft/world/biome/source/util/MultiNoiseUtil$MultiNoiseSampler;Lorg/spongepowered/asm/mixin/injection/callback/CallbackInfoReturnable;)V does use it's CallbackInfoReturnable
[15:32:08] [main/DEBUG] (FabricLoader/Mixin) Mixing DebugChunkGeneratorAccessor from fabric-registry-sync-v0.mixins.json into net.minecraft.world.gen.chunk.DebugChunkGenerator
[15:32:08] [main/DEBUG] (FabricLoader/Mixin) Renaming @Accessor method setBLOCK_STATES(Ljava/util/List;)V to setBLOCK_STATES$fabric-registry-sync-v0_$md$26369a$0 in fabric-registry-sync-v0.mixins.json:DebugChunkGeneratorAccessor from mod fabric-registry-sync-v0
[15:32:08] [main/DEBUG] (FabricLoader/Mixin) Renaming @Accessor method setX_SIDE_LENGTH(I)V to setX_SIDE_LENGTH$fabric-registry-sync-v0_$md$26369a$1 in fabric-registry-sync-v0.mixins.json:DebugChunkGeneratorAccessor from mod fabric-registry-sync-v0
[15:32:08] [main/DEBUG] (FabricLoader/Mixin) Renaming @Accessor method setZ_SIDE_LENGTH(I)V to setZ_SIDE_LENGTH$fabric-registry-sync-v0_$md$26369a$2 in fabric-registry-sync-v0.mixins.json:DebugChunkGeneratorAccessor from mod fabric-registry-sync-v0
[15:32:08] [main/DEBUG] (FabricLoader/Mixin) Mixing GameRuleRpcDispatcherTypedRuleMixin from fabric-game-rule-api-v1.mixins.json into net.minecraft.server.dedicated.management.dispatch.GameRuleRpcDispatcher$TypedRule
[15:32:08] [main/DEBUG] (FabricLoader/Mixin) Renaming synthetic method lambda$static$3(Lnet/minecraft/server/dedicated/management/dispatch/GameRuleRpcDispatcher$TypedRule;)Lcom/mojang/datafixers/util/Either; to md26369a$fabric-game-rule-api-v1$lambda$static$3$0 in fabric-game-rule-api-v1.mixins.json:GameRuleRpcDispatcherTypedRuleMixin from mod fabric-game-rule-api-v1
[15:32:08] [main/DEBUG] (FabricLoader/Mixin) Renaming synthetic method lambda$static$2(Lcom/mojang/datafixers/util/Either;)Lnet/minecraft/server/dedicated/management/dispatch/GameRuleRpcDispatcher$TypedRule; to md26369a$fabric-game-rule-api-v1$lambda$static$2$1 in fabric-game-rule-api-v1.mixins.json:GameRuleRpcDispatcherTypedRuleMixin from mod fabric-game-rule-api-v1
[15:32:08] [main/DEBUG] (FabricLoader/Mixin) Renaming synthetic method lambda$static$1(Lcom/mojang/serialization/codecs/RecordCodecBuilder$Instance;)Lcom/mojang/datafixers/kinds/App; to md26369a$fabric-game-rule-api-v1$lambda$static$1$2 in fabric-game-rule-api-v1.mixins.json:GameRuleRpcDispatcherTypedRuleMixin from mod fabric-game-rule-api-v1
[15:32:08] [main/DEBUG] (FabricLoader/Mixin) Renaming synthetic method lambda$static$0(Lnet/minecraft/server/dedicated/management/dispatch/GameRuleRpcDispatcher$TypedRule;)Lnet/fabricmc/fabric/impl/gamerule/rpc/FabricGameRuleType; to md26369a$fabric-game-rule-api-v1$lambda$static$0$3 in fabric-game-rule-api-v1.mixins.json:GameRuleRpcDispatcherTypedRuleMixin from mod fabric-game-rule-api-v1
[15:32:08] [main/DEBUG] (FabricLoader/Mixin) Mixing GameRulesBooleanRuleAccessor from fabric-game-rule-api-v1.mixins.json into net.minecraft.world.GameRules$BooleanRule
[15:32:08] [main/DEBUG] (FabricLoader/Mixin) Renaming @Invoker method invokeCreate(ZLjava/util/function/BiConsumer;)Lnet/minecraft/world/GameRules$Type; to invokeCreate$fabric-game-rule-api-v1_$md$26369a$0 in fabric-game-rule-api-v1.mixins.json:GameRulesBooleanRuleAccessor from mod fabric-game-rule-api-v1
[15:32:08] [main/DEBUG] (FabricLoader/Mixin) Mixing GameRulesAccessor from fabric-game-rule-api-v1.mixins.json into net.minecraft.world.GameRules
[15:32:08] [main/DEBUG] (FabricLoader/Mixin) Renaming @Invoker method callRegister(Ljava/lang/String;Lnet/minecraft/world/GameRules$Category;Lnet/minecraft/world/GameRules$Type;)Lnet/minecraft/world/GameRules$Key; to callRegister$fabric-game-rule-api-v1_$md$26369a$0 in fabric-game-rule-api-v1.mixins.json:GameRulesAccessor from mod fabric-game-rule-api-v1
[15:32:08] [main/DEBUG] (FabricLoader/Mixin) Renaming @Accessor method getRuleTypes()Ljava/util/Map; to getRuleTypes$fabric-game-rule-api-v1_$md$26369a$1 in fabric-game-rule-api-v1.mixins.json:GameRulesAccessor from mod fabric-game-rule-api-v1
[15:32:08] [main/DEBUG] (FabricLoader/Mixin) Mixing GameRulesKeyMixin from fabric-game-rule-api-v1.mixins.json into net.minecraft.world.GameRules$Key
[15:32:08] [main/DEBUG] (FabricLoader/Mixin) Mixing modification.MinecraftServerMixin from fabric-biome-api-v1.mixins.json into net.minecraft.server.MinecraftServer
[15:32:08] [main/DEBUG] (FabricLoader/Mixin) Mixing MinecraftServerMixin from fabric-lifecycle-events-v1.mixins.json into net.minecraft.server.MinecraftServer
[15:32:08] [main/DEBUG] (FabricLoader/Mixin) Renaming synthetic method lambda$endResourceReload$0(Ljava/lang/Void;Ljava/lang/Throwable;)Ljava/lang/Void; to md26369a$fabric-lifecycle-events-v1$lambda$endResourceReload$0$0 in fabric-lifecycle-events-v1.mixins.json:MinecraftServerMixin from mod fabric-lifecycle-events-v1
[15:32:08] [main/DEBUG] (FabricLoader/Mixin) Mixing MinecraftServerMixin from fabric-resource-loader-v0.mixins.json into net.minecraft.server.MinecraftServer
[15:32:08] [main/DEBUG] (FabricLoader/Mixin) Renaming synthetic method lambda$init$0(Lnet/minecraft/resource/ResourcePack;)Ljava/util/stream/Stream; to md26369a$fabric-resource-loader-v0$lambda$init$0$1 in fabric-resource-loader-v0.mixins.json:MinecraftServerMixin from mod fabric-resource-loader-v0
[15:32:08] [main/DEBUG] (FabricLoader/Mixin) Mixing MinecraftServerMixin from fabric-message-api-v1.mixins.json into net.minecraft.server.MinecraftServer
[15:32:08] [main/DEBUG] (FabricLoader/Mixin) Renaming synthetic method lambda$onGetChatDecorator$0(Lnet/minecraft/server/network/ServerPlayerEntity;Lnet/minecraft/text/Text;)Lnet/minecraft/text/Text; to md26369a$fabric-message-api-v1$lambda$onGetChatDecorator$0$2 in fabric-message-api-v1.mixins.json:MinecraftServerMixin from mod fabric-message-api-v1
[15:32:08] [main/DEBUG] (FabricLoader/Mixin) fabric-biome-api-v1.mixins.json:modification.MinecraftServerMixin from mod fabric-biome-api-v1->@Inject::finalizeWorldGen(Lorg/spongepowered/asm/mixin/injection/callback/CallbackInfo;)V doesn't use it's CallbackInfo
[15:32:08] [main/DEBUG] (FabricLoader/Mixin) fabric-biome-api-v1.mixins.json:modification.MinecraftServerMixin from mod fabric-biome-api-v1->@Inject::finalizeWorldGen(Lorg/spongepowered/asm/mixin/injection/callback/CallbackInfo;)V has 0 override(s) in child classes
[15:32:08] [main/DEBUG] (FabricLoader/Mixin) fabric-biome-api-v1.mixins.json:modification.MinecraftServerMixin from mod fabric-biome-api-v1->@Inject::finalizeWorldGen(Lorg/spongepowered/asm/mixin/injection/callback/CallbackInfo;)V won't be passed a CallbackInfo as a result
[15:32:08] [main/DEBUG] (FabricLoader/Mixin) fabric-lifecycle-events-v1.mixins.json:MinecraftServerMixin from mod fabric-lifecycle-events-v1->@Inject::beforeSetupServer(Lorg/spongepowered/asm/mixin/injection/callback/CallbackInfo;)V doesn't use it's CallbackInfo
[15:32:08] [main/DEBUG] (FabricLoader/Mixin) fabric-lifecycle-events-v1.mixins.json:MinecraftServerMixin from mod fabric-lifecycle-events-v1->@Inject::beforeSetupServer(Lorg/spongepowered/asm/mixin/injection/callback/CallbackInfo;)V has 0 override(s) in child classes
[15:32:08] [main/DEBUG] (FabricLoader/Mixin) fabric-lifecycle-events-v1.mixins.json:MinecraftServerMixin from mod fabric-lifecycle-events-v1->@Inject::beforeSetupServer(Lorg/spongepowered/asm/mixin/injection/callback/CallbackInfo;)V won't be passed a CallbackInfo as a result
[15:32:08] [main/DEBUG] (FabricLoader/Mixin) fabric-lifecycle-events-v1.mixins.json:MinecraftServerMixin from mod fabric-lifecycle-events-v1->@Inject::afterSetupServer(Lorg/spongepowered/asm/mixin/injection/callback/CallbackInfo;)V doesn't use it's CallbackInfo
[15:32:08] [main/DEBUG] (FabricLoader/Mixin) fabric-lifecycle-events-v1.mixins.json:MinecraftServerMixin from mod fabric-lifecycle-events-v1->@Inject::afterSetupServer(Lorg/spongepowered/asm/mixin/injection/callback/CallbackInfo;)V has 0 override(s) in child classes
[15:32:08] [main/DEBUG] (FabricLoader/Mixin) fabric-lifecycle-events-v1.mixins.json:MinecraftServerMixin from mod fabric-lifecycle-events-v1->@Inject::afterSetupServer(Lorg/spongepowered/asm/mixin/injection/callback/CallbackInfo;)V won't be passed a CallbackInfo as a result
[15:32:08] [main/DEBUG] (FabricLoader/Mixin) fabric-lifecycle-events-v1.mixins.json:MinecraftServerMixin from mod fabric-lifecycle-events-v1->@Inject::beforeShutdownServer(Lorg/spongepowered/asm/mixin/injection/callback/CallbackInfo;)V doesn't use it's CallbackInfo
[15:32:08] [main/DEBUG] (FabricLoader/Mixin) fabric-lifecycle-events-v1.mixins.json:MinecraftServerMixin from mod fabric-lifecycle-events-v1->@Inject::beforeShutdownServer(Lorg/spongepowered/asm/mixin/injection/callback/CallbackInfo;)V has 0 override(s) in child classes
[15:32:08] [main/DEBUG] (FabricLoader/Mixin) fabric-lifecycle-events-v1.mixins.json:MinecraftServerMixin from mod fabric-lifecycle-events-v1->@Inject::beforeShutdownServer(Lorg/spongepowered/asm/mixin/injection/callback/CallbackInfo;)V won't be passed a CallbackInfo as a result
[15:32:08] [main/DEBUG] (FabricLoader/Mixin) fabric-lifecycle-events-v1.mixins.json:MinecraftServerMixin from mod fabric-lifecycle-events-v1->@Inject::afterShutdownServer(Lorg/spongepowered/asm/mixin/injection/callback/CallbackInfo;)V doesn't use it's CallbackInfo
[15:32:08] [main/DEBUG] (FabricLoader/Mixin) fabric-lifecycle-events-v1.mixins.json:MinecraftServerMixin from mod fabric-lifecycle-events-v1->@Inject::afterShutdownServer(Lorg/spongepowered/asm/mixin/injection/callback/CallbackInfo;)V has 0 override(s) in child classes
[15:32:08] [main/DEBUG] (FabricLoader/Mixin) fabric-lifecycle-events-v1.mixins.json:MinecraftServerMixin from mod fabric-lifecycle-events-v1->@Inject::afterShutdownServer(Lorg/spongepowered/asm/mixin/injection/callback/CallbackInfo;)V won't be passed a CallbackInfo as a result
[15:32:08] [main/DEBUG] (FabricLoader/Mixin) fabric-lifecycle-events-v1.mixins.json:MinecraftServerMixin from mod fabric-lifecycle-events-v1->@Inject::onStartTick(Ljava/util/function/BooleanSupplier;Lorg/spongepowered/asm/mixin/injection/callback/CallbackInfo;)V doesn't use it's CallbackInfo
[15:32:08] [main/DEBUG] (FabricLoader/Mixin) fabric-lifecycle-events-v1.mixins.json:MinecraftServerMixin from mod fabric-lifecycle-events-v1->@Inject::onStartTick(Ljava/util/function/BooleanSupplier;Lorg/spongepowered/asm/mixin/injection/callback/CallbackInfo;)V has 0 override(s) in child classes
[15:32:08] [main/DEBUG] (FabricLoader/Mixin) fabric-lifecycle-events-v1.mixins.json:MinecraftServerMixin from mod fabric-lifecycle-events-v1->@Inject::onStartTick(Ljava/util/function/BooleanSupplier;Lorg/spongepowered/asm/mixin/injection/callback/CallbackInfo;)V won't be passed a CallbackInfo as a result
[15:32:08] [main/DEBUG] (FabricLoader/Mixin) fabric-lifecycle-events-v1.mixins.json:MinecraftServerMixin from mod fabric-lifecycle-events-v1->@Inject::onEndTick(Ljava/util/function/BooleanSupplier;Lorg/spongepowered/asm/mixin/injection/callback/CallbackInfo;)V doesn't use it's CallbackInfo
[15:32:08] [main/DEBUG] (FabricLoader/Mixin) fabric-lifecycle-events-v1.mixins.json:MinecraftServerMixin from mod fabric-lifecycle-events-v1->@Inject::onEndTick(Ljava/util/function/BooleanSupplier;Lorg/spongepowered/asm/mixin/injection/callback/CallbackInfo;)V has 0 override(s) in child classes
[15:32:08] [main/DEBUG] (FabricLoader/Mixin) fabric-lifecycle-events-v1.mixins.json:MinecraftServerMixin from mod fabric-lifecycle-events-v1->@Inject::onEndTick(Ljava/util/function/BooleanSupplier;Lorg/spongepowered/asm/mixin/injection/callback/CallbackInfo;)V won't be passed a CallbackInfo as a result
[15:32:08] [main/DEBUG] (FabricLoader/Mixin) fabric-lifecycle-events-v1.mixins.json:MinecraftServerMixin from mod fabric-lifecycle-events-v1->@Inject::onUnloadWorldAtShutdown(Lorg/spongepowered/asm/mixin/injection/callback/CallbackInfo;)V doesn't use it's CallbackInfo
[15:32:08] [main/DEBUG] (FabricLoader/Mixin) fabric-lifecycle-events-v1.mixins.json:MinecraftServerMixin from mod fabric-lifecycle-events-v1->@Inject::onUnloadWorldAtShutdown(Lorg/spongepowered/asm/mixin/injection/callback/CallbackInfo;)V has 0 override(s) in child classes
[15:32:08] [main/DEBUG] (FabricLoader/Mixin) fabric-lifecycle-events-v1.mixins.json:MinecraftServerMixin from mod fabric-lifecycle-events-v1->@Inject::onUnloadWorldAtShutdown(Lorg/spongepowered/asm/mixin/injection/callback/CallbackInfo;)V won't be passed a CallbackInfo as a result
[15:32:08] [main/DEBUG] (FabricLoader/Mixin) fabric-lifecycle-events-v1.mixins.json:MinecraftServerMixin from mod fabric-lifecycle-events-v1->@Inject::startResourceReload(Ljava/util/Collection;Lorg/spongepowered/asm/mixin/injection/callback/CallbackInfoReturnable;)V doesn't use it's CallbackInfoReturnable
[15:32:08] [main/DEBUG] (FabricLoader/Mixin) fabric-lifecycle-events-v1.mixins.json:MinecraftServerMixin from mod fabric-lifecycle-events-v1->@Inject::startResourceReload(Ljava/util/Collection;Lorg/spongepowered/asm/mixin/injection/callback/CallbackInfoReturnable;)V has 0 override(s) in child classes
[15:32:08] [main/DEBUG] (FabricLoader/Mixin) fabric-lifecycle-events-v1.mixins.json:MinecraftServerMixin from mod fabric-lifecycle-events-v1->@Inject::startResourceReload(Ljava/util/Collection;Lorg/spongepowered/asm/mixin/injection/callback/CallbackInfoReturnable;)V won't be passed a CallbackInfoReturnable as a result
[15:32:08] [main/DEBUG] (FabricLoader/Mixin) fabric-lifecycle-events-v1.mixins.json:MinecraftServerMixin from mod fabric-lifecycle-events-v1->@Inject::endResourceReload(Ljava/util/Collection;Lorg/spongepowered/asm/mixin/injection/callback/CallbackInfoReturnable;)V does use it's CallbackInfoReturnable
[15:32:08] [main/DEBUG] (FabricLoader/Mixin) fabric-lifecycle-events-v1.mixins.json:MinecraftServerMixin from mod fabric-lifecycle-events-v1->@Inject::startSave(ZZZLorg/spongepowered/asm/mixin/injection/callback/CallbackInfoReturnable;)V doesn't use it's CallbackInfoReturnable
[15:32:08] [main/DEBUG] (FabricLoader/Mixin) fabric-lifecycle-events-v1.mixins.json:MinecraftServerMixin from mod fabric-lifecycle-events-v1->@Inject::startSave(ZZZLorg/spongepowered/asm/mixin/injection/callback/CallbackInfoReturnable;)V has 0 override(s) in child classes
[15:32:08] [main/DEBUG] (FabricLoader/Mixin) fabric-lifecycle-events-v1.mixins.json:MinecraftServerMixin from mod fabric-lifecycle-events-v1->@Inject::startSave(ZZZLorg/spongepowered/asm/mixin/injection/callback/CallbackInfoReturnable;)V won't be passed a CallbackInfoReturnable as a result
[15:32:08] [main/DEBUG] (FabricLoader/Mixin) fabric-lifecycle-events-v1.mixins.json:MinecraftServerMixin from mod fabric-lifecycle-events-v1->@Inject::endSave(ZZZLorg/spongepowered/asm/mixin/injection/callback/CallbackInfoReturnable;)V doesn't use it's CallbackInfoReturnable
[15:32:08] [main/DEBUG] (FabricLoader/Mixin) fabric-lifecycle-events-v1.mixins.json:MinecraftServerMixin from mod fabric-lifecycle-events-v1->@Inject::endSave(ZZZLorg/spongepowered/asm/mixin/injection/callback/CallbackInfoReturnable;)V has 0 override(s) in child classes
[15:32:08] [main/DEBUG] (FabricLoader/Mixin) fabric-lifecycle-events-v1.mixins.json:MinecraftServerMixin from mod fabric-lifecycle-events-v1->@Inject::endSave(ZZZLorg/spongepowered/asm/mixin/injection/callback/CallbackInfoReturnable;)V won't be passed a CallbackInfoReturnable as a result
[15:32:08] [main/DEBUG] (FabricLoader/Mixin) fabric-resource-loader-v0.mixins.json:MinecraftServerMixin from mod fabric-resource-loader-v0->@Inject::init(Ljava/lang/Thread;Lnet/minecraft/world/level/storage/LevelStorage$Session;Lnet/minecraft/resource/ResourcePackManager;Lnet/minecraft/server/SaveLoader;Ljava/net/Proxy;Lcom/mojang/datafixers/DataFixer;Lnet/minecraft/util/ApiServices;Lnet/minecraft/world/chunk/ChunkLoadProgress;Lorg/spongepowered/asm/mixin/injection/callback/CallbackInfo;)V doesn't use it's CallbackInfo
[15:32:08] [main/DEBUG] (FabricLoader/Mixin) fabric-resource-loader-v0.mixins.json:MinecraftServerMixin from mod fabric-resource-loader-v0->@Inject::init(Ljava/lang/Thread;Lnet/minecraft/world/level/storage/LevelStorage$Session;Lnet/minecraft/resource/ResourcePackManager;Lnet/minecraft/server/SaveLoader;Ljava/net/Proxy;Lcom/mojang/datafixers/DataFixer;Lnet/minecraft/util/ApiServices;Lnet/minecraft/world/chunk/ChunkLoadProgress;Lorg/spongepowered/asm/mixin/injection/callback/CallbackInfo;)V has 0 override(s) in child classes
[15:32:08] [main/DEBUG] (FabricLoader/Mixin) fabric-resource-loader-v0.mixins.json:MinecraftServerMixin from mod fabric-resource-loader-v0->@Inject::init(Ljava/lang/Thread;Lnet/minecraft/world/level/storage/LevelStorage$Session;Lnet/minecraft/resource/ResourcePackManager;Lnet/minecraft/server/SaveLoader;Ljava/net/Proxy;Lcom/mojang/datafixers/DataFixer;Lnet/minecraft/util/ApiServices;Lnet/minecraft/world/chunk/ChunkLoadProgress;Lorg/spongepowered/asm/mixin/injection/callback/CallbackInfo;)V won't be passed a CallbackInfo as a result
[15:32:08] [main/DEBUG] (FabricLoader/Mixin) fabric-message-api-v1.mixins.json:MinecraftServerMixin from mod fabric-message-api-v1->@Inject::onGetChatDecorator(Lorg/spongepowered/asm/mixin/injection/callback/CallbackInfoReturnable;)V does use it's CallbackInfoReturnable
[15:32:08] [main/DEBUG] (FabricLoader/Mixin) Mixing client.item.BasicItemModelUnbakedMixin from fabric-renderer-api-v1.mixins.json into net.minecraft.client.render.item.model.BasicItemModel$Unbaked
[15:32:08] [main/DEBUG] (FabricLoader/Mixin) Mixing client.item.BasicItemModelMixin from fabric-renderer-api-v1.mixins.json into net.minecraft.client.render.item.model.BasicItemModel
[15:32:08] [main/DEBUG] (FabricLoader/Mixin) Renaming synthetic method lambda$fabric_setMesh$0(Lnet/fabricmc/fabric/api/renderer/v1/model/SpriteFinder;Lnet/fabricmc/fabric/api/renderer/v1/mesh/QuadView;)V to md26369a$fabric-renderer-api-v1$lambda$fabric_setMesh$0$0 in fabric-renderer-api-v1.mixins.json:client.item.BasicItemModelMixin from mod fabric-renderer-api-v1
[15:32:08] [main/DEBUG] (FabricLoader/Mixin) fabric-renderer-api-v1.mixins.json:client.item.BasicItemModelMixin from mod fabric-renderer-api-v1->@Inject::onReturnUpdate(Lorg/spongepowered/asm/mixin/injection/callback/CallbackInfo;)V doesn't use it's CallbackInfo
[15:32:08] [main/DEBUG] (FabricLoader/Mixin) fabric-renderer-api-v1.mixins.json:client.item.BasicItemModelMixin from mod fabric-renderer-api-v1->@Inject::onReturnUpdate(Lorg/spongepowered/asm/mixin/injection/callback/CallbackInfo;)V has 0 override(s) in child classes
[15:32:08] [main/DEBUG] (FabricLoader/Mixin) fabric-renderer-api-v1.mixins.json:client.item.BasicItemModelMixin from mod fabric-renderer-api-v1->@Inject::onReturnUpdate(Lorg/spongepowered/asm/mixin/injection/callback/CallbackInfo;)V won't be passed a CallbackInfo as a result
[15:32:08] [main/DEBUG] (FabricLoader/Mixin) Mixing SpecialModelTypesMixin from fabric-rendering-v1.mixins.json into net.minecraft.client.render.item.model.special.SpecialModelTypes
[15:32:08] [main/DEBUG] (FabricLoader/Mixin) fabric-rendering-v1.mixins.json:SpecialModelTypesMixin from mod fabric-rendering-v1->@Inject::onReturnClinit(Lorg/spongepowered/asm/mixin/injection/callback/CallbackInfo;)V doesn't use it's CallbackInfo
[15:32:08] [main/DEBUG] (FabricLoader/Mixin) Mixing TexturedRenderLayersMixin from fabric-object-builder-v1.client.mixins.json into net.minecraft.client.render.TexturedRenderLayers
[15:32:08] [main/DEBUG] (FabricLoader/Mixin) fabric-object-builder-v1.client.mixins.json:TexturedRenderLayersMixin from mod fabric-object-builder-api-v1->@Inject::onReturnClinit(Lorg/spongepowered/asm/mixin/injection/callback/CallbackInfo;)V doesn't use it's CallbackInfo
[15:32:08] [main/DEBUG] (FabricLoader/Mixin) Mixing client.sprite.SpriteAtlasTextureMixin from fabric-renderer-api-v1.mixins.json into net.minecraft.client.texture.SpriteAtlasTexture
[15:32:08] [main/DEBUG] (FabricLoader/Mixin) fabric-renderer-api-v1.mixins.json:client.sprite.SpriteAtlasTextureMixin from mod fabric-renderer-api-v1->@Inject::uploadHook(Lnet/minecraft/client/texture/SpriteLoader$StitchResult;Lorg/spongepowered/asm/mixin/injection/callback/CallbackInfo;)V doesn't use it's CallbackInfo
[15:32:08] [main/DEBUG] (FabricLoader/Mixin) fabric-renderer-api-v1.mixins.json:client.sprite.SpriteAtlasTextureMixin from mod fabric-renderer-api-v1->@Inject::uploadHook(Lnet/minecraft/client/texture/SpriteLoader$StitchResult;Lorg/spongepowered/asm/mixin/injection/callback/CallbackInfo;)V has 0 override(s) in child classes
[15:32:08] [main/DEBUG] (FabricLoader/Mixin) fabric-renderer-api-v1.mixins.json:client.sprite.SpriteAtlasTextureMixin from mod fabric-renderer-api-v1->@Inject::uploadHook(Lnet/minecraft/client/texture/SpriteLoader$StitchResult;Lorg/spongepowered/asm/mixin/injection/callback/CallbackInfo;)V won't be passed a CallbackInfo as a result
[15:32:08] [main/DEBUG] (FabricLoader/Mixin) Mixing RenderPipelineSnippetMixin from fabric-rendering-v1.mixins.json into com.mojang.blaze3d.pipeline.RenderPipeline$Snippet
[15:32:08] [main/DEBUG] (FabricLoader/Mixin) Mixing RenderPipelineMixin from fabric-rendering-v1.mixins.json into com.mojang.blaze3d.pipeline.RenderPipeline
[15:32:08] [main/DEBUG] (FabricLoader/Mixin) Mixing RenderPipelineBuilderMixin from fabric-rendering-v1.mixins.json into com.mojang.blaze3d.pipeline.RenderPipeline$Builder
[15:32:08] [main/DEBUG] (FabricLoader/Mixin) Renaming synthetic method lambda$copyUsePipelineDrawModeForGuiToSnippet$1(Lcom/llamalad7/mixinextras/injector/wrapoperation/Operation;Ljava/util/Optional;Ljava/util/Optional;Ljava/util/Optional;Ljava/util/Optional;Ljava/util/Optional;Ljava/util/Optional;Ljava/util/Optional;Ljava/util/Optional;Ljava/util/Optional;Ljava/util/Optional;Ljava/util/Optional;Ljava/util/Optional;Ljava/util/Optional;Ljava/util/Optional;Ljava/util/Optional;)Lcom/mojang/blaze3d/pipeline/RenderPipeline$Snippet; to md26369a$fabric-rendering-v1$lambda$copyUsePipelineDrawModeForGuiToSnippet$1$0 in fabric-rendering-v1.mixins.json:RenderPipelineBuilderMixin from mod fabric-rendering-v1
[15:32:08] [main/DEBUG] (FabricLoader/Mixin) Renaming synthetic method lambda$copyUsePipelineDrawModeForGuiFromSnippet$0(Ljava/lang/Boolean;)V to md26369a$fabric-rendering-v1$lambda$copyUsePipelineDrawModeForGuiFromSnippet$0$1 in fabric-rendering-v1.mixins.json:RenderPipelineBuilderMixin from mod fabric-rendering-v1
[15:32:08] [main/DEBUG] (FabricLoader/Mixin) fabric-rendering-v1.mixins.json:RenderPipelineBuilderMixin from mod fabric-rendering-v1->@Inject::copyUsePipelineDrawModeForGuiFromSnippet(Lcom/mojang/blaze3d/pipeline/RenderPipeline$Snippet;Lorg/spongepowered/asm/mixin/injection/callback/CallbackInfo;)V doesn't use it's CallbackInfo
[15:32:08] [main/DEBUG] (FabricLoader/Mixin) fabric-rendering-v1.mixins.json:RenderPipelineBuilderMixin from mod fabric-rendering-v1->@Inject::copyUsePipelineDrawModeForGuiFromSnippet(Lcom/mojang/blaze3d/pipeline/RenderPipeline$Snippet;Lorg/spongepowered/asm/mixin/injection/callback/CallbackInfo;)V has 0 override(s) in child classes
[15:32:08] [main/DEBUG] (FabricLoader/Mixin) fabric-rendering-v1.mixins.json:RenderPipelineBuilderMixin from mod fabric-rendering-v1->@Inject::copyUsePipelineDrawModeForGuiFromSnippet(Lcom/mojang/blaze3d/pipeline/RenderPipeline$Snippet;Lorg/spongepowered/asm/mixin/injection/callback/CallbackInfo;)V won't be passed a CallbackInfo as a result
[15:32:08] [main/DEBUG] (FabricLoader/Mixin) Mixing ItemRendererAccessor from fabric-renderer-indigo.mixins.json into net.minecraft.client.render.item.ItemRenderer
[15:32:08] [main/DEBUG] (FabricLoader/Mixin) Renaming @Invoker method fabric_getDynamicDisplayGlintConsumer(Lnet/minecraft/client/render/VertexConsumerProvider;Lnet/minecraft/client/render/RenderLayer;Lnet/minecraft/client/util/math/MatrixStack$Entry;)Lnet/minecraft/client/render/VertexConsumer; to fabric_getDynamicDisplayGlintConsumer$fabric-renderer-indigo_$md$26369a$0 in fabric-renderer-indigo.mixins.json:ItemRendererAccessor from mod fabric-renderer-indigo
[15:32:08] [main/DEBUG] (FabricLoader/Mixin) Mixing RenderStateMixin from fabric-rendering-v1.mixins.json into net.minecraft.client.render.block.entity.state.BlockEntityRenderState
[15:32:08] [main/DEBUG] (FabricLoader/Mixin) Mixing KeyBindingAccessor from fabric-key-binding-api-v1.mixins.json into net.minecraft.client.option.KeyBinding
[15:32:08] [main/DEBUG] (FabricLoader/Mixin) Mixing KeyBindingAccessor from fabric-events-interaction-v0.client.mixins.json into net.minecraft.client.option.KeyBinding
[15:32:08] [main/DEBUG] (FabricLoader/Mixin) Mixing AtlasSourceManagerAccessor from fabric-rendering-v1.mixins.json into net.minecraft.client.texture.atlas.AtlasSourceManager
[15:32:08] [main/DEBUG] (FabricLoader/Mixin) Renaming @Accessor method getAtlasSourceCodecs()Lnet/minecraft/util/dynamic/Codecs$IdMapper; to getAtlasSourceCodecs$fabric-rendering-v1_$md$26369a$0 in fabric-rendering-v1.mixins.json:AtlasSourceManagerAccessor from mod fabric-rendering-v1
[15:32:08] [main/DEBUG] (FabricLoader/Mixin) Mixing ScreenAccessor from fabric-screen-api-v1.mixins.json into net.minecraft.client.gui.screen.Screen
[15:32:08] [main/DEBUG] (FabricLoader/Mixin) Mixing ScreenMixin from fabric-screen-api-v1.mixins.json into net.minecraft.client.gui.screen.Screen
[15:32:08] [main/DEBUG] (FabricLoader/Mixin) Mixing client.MixinScreen from architectury.mixins.json into net.minecraft.client.gui.screen.Screen
[15:32:08] [main/DEBUG] (FabricLoader/Mixin) architectury.mixins.json:client.MixinScreen from mod architectury: Class version 65 required is higher than the class version supported by the current version of Mixin (JAVA_16 supports class version 60)
[15:32:08] [main/DEBUG] (FabricLoader/Mixin) fabric-screen-api-v1.mixins.json:ScreenMixin from mod fabric-screen-api-v1->@Inject::renderWithTooltip(Lnet/minecraft/client/gui/DrawContext;IIFLorg/spongepowered/asm/mixin/injection/callback/CallbackInfo;)V doesn't use it's CallbackInfo
[15:32:08] [main/DEBUG] (FabricLoader/Mixin) fabric-screen-api-v1.mixins.json:ScreenMixin from mod fabric-screen-api-v1->@Inject::beforeInitScreen(Lnet/minecraft/client/MinecraftClient;IILorg/spongepowered/asm/mixin/injection/callback/CallbackInfo;)V doesn't use it's CallbackInfo
[15:32:08] [main/DEBUG] (FabricLoader/Mixin) fabric-screen-api-v1.mixins.json:ScreenMixin from mod fabric-screen-api-v1->@Inject::beforeInitScreen(Lnet/minecraft/client/MinecraftClient;IILorg/spongepowered/asm/mixin/injection/callback/CallbackInfo;)V has 0 override(s) in child classes
[15:32:08] [main/DEBUG] (FabricLoader/Mixin) fabric-screen-api-v1.mixins.json:ScreenMixin from mod fabric-screen-api-v1->@Inject::beforeInitScreen(Lnet/minecraft/client/MinecraftClient;IILorg/spongepowered/asm/mixin/injection/callback/CallbackInfo;)V won't be passed a CallbackInfo as a result
[15:32:08] [main/DEBUG] (FabricLoader/Mixin) fabric-screen-api-v1.mixins.json:ScreenMixin from mod fabric-screen-api-v1->@Inject::afterInitScreen(Lnet/minecraft/client/MinecraftClient;IILorg/spongepowered/asm/mixin/injection/callback/CallbackInfo;)V doesn't use it's CallbackInfo
[15:32:08] [main/DEBUG] (FabricLoader/Mixin) fabric-screen-api-v1.mixins.json:ScreenMixin from mod fabric-screen-api-v1->@Inject::afterInitScreen(Lnet/minecraft/client/MinecraftClient;IILorg/spongepowered/asm/mixin/injection/callback/CallbackInfo;)V has 0 override(s) in child classes
[15:32:08] [main/DEBUG] (FabricLoader/Mixin) fabric-screen-api-v1.mixins.json:ScreenMixin from mod fabric-screen-api-v1->@Inject::afterInitScreen(Lnet/minecraft/client/MinecraftClient;IILorg/spongepowered/asm/mixin/injection/callback/CallbackInfo;)V won't be passed a CallbackInfo as a result
[15:32:08] [main/DEBUG] (FabricLoader/Mixin) fabric-screen-api-v1.mixins.json:ScreenMixin from mod fabric-screen-api-v1->@Inject::beforeResizeScreen(Lnet/minecraft/client/MinecraftClient;IILorg/spongepowered/asm/mixin/injection/callback/CallbackInfo;)V doesn't use it's CallbackInfo
[15:32:08] [main/DEBUG] (FabricLoader/Mixin) fabric-screen-api-v1.mixins.json:ScreenMixin from mod fabric-screen-api-v1->@Inject::beforeResizeScreen(Lnet/minecraft/client/MinecraftClient;IILorg/spongepowered/asm/mixin/injection/callback/CallbackInfo;)V has 0 override(s) in child classes
[15:32:08] [main/DEBUG] (FabricLoader/Mixin) fabric-screen-api-v1.mixins.json:ScreenMixin from mod fabric-screen-api-v1->@Inject::beforeResizeScreen(Lnet/minecraft/client/MinecraftClient;IILorg/spongepowered/asm/mixin/injection/callback/CallbackInfo;)V won't be passed a CallbackInfo as a result
[15:32:08] [main/DEBUG] (FabricLoader/Mixin) fabric-screen-api-v1.mixins.json:ScreenMixin from mod fabric-screen-api-v1->@Inject::afterResizeScreen(Lnet/minecraft/client/MinecraftClient;IILorg/spongepowered/asm/mixin/injection/callback/CallbackInfo;)V doesn't use it's CallbackInfo
[15:32:08] [main/DEBUG] (FabricLoader/Mixin) fabric-screen-api-v1.mixins.json:ScreenMixin from mod fabric-screen-api-v1->@Inject::afterResizeScreen(Lnet/minecraft/client/MinecraftClient;IILorg/spongepowered/asm/mixin/injection/callback/CallbackInfo;)V has 0 override(s) in child classes
[15:32:08] [main/DEBUG] (FabricLoader/Mixin) fabric-screen-api-v1.mixins.json:ScreenMixin from mod fabric-screen-api-v1->@Inject::afterResizeScreen(Lnet/minecraft/client/MinecraftClient;IILorg/spongepowered/asm/mixin/injection/callback/CallbackInfo;)V won't be passed a CallbackInfo as a result
[15:32:08] [main/DEBUG] (FabricLoader/Mixin) architectury.mixins.json:client.MixinScreen from mod architectury->@Inject::preInit(Lnet/minecraft/client/MinecraftClient;IILorg/spongepowered/asm/mixin/injection/callback/CallbackInfo;)V does use it's CallbackInfo
[15:32:08] [main/DEBUG] (FabricLoader/Mixin) architectury.mixins.json:client.MixinScreen from mod architectury->@Inject::postInit(Lorg/spongepowered/asm/mixin/injection/callback/CallbackInfo;)V doesn't use it's CallbackInfo
[15:32:08] [main/DEBUG] (FabricLoader/Mixin) architectury.mixins.json:client.MixinScreen from mod architectury->@Inject::postInit(Lorg/spongepowered/asm/mixin/injection/callback/CallbackInfo;)V has 0 override(s) in child classes
[15:32:08] [main/DEBUG] (FabricLoader/Mixin) architectury.mixins.json:client.MixinScreen from mod architectury->@Inject::postInit(Lorg/spongepowered/asm/mixin/injection/callback/CallbackInfo;)V won't be passed a CallbackInfo as a result
[15:32:08] [main/DEBUG] (FabricLoader/Mixin) architectury.mixins.json:client.MixinScreen from mod architectury->@Inject::preInit2(Lorg/spongepowered/asm/mixin/injection/callback/CallbackInfo;)V does use it's CallbackInfo
[15:32:08] [main/DEBUG] (FabricLoader/Mixin) architectury.mixins.json:client.MixinScreen from mod architectury->@Inject::postInit2(Lorg/spongepowered/asm/mixin/injection/callback/CallbackInfo;)V doesn't use it's CallbackInfo
[15:32:08] [main/DEBUG] (FabricLoader/Mixin) architectury.mixins.json:client.MixinScreen from mod architectury->@Inject::postInit2(Lorg/spongepowered/asm/mixin/injection/callback/CallbackInfo;)V has 0 override(s) in child classes
[15:32:08] [main/DEBUG] (FabricLoader/Mixin) architectury.mixins.json:client.MixinScreen from mod architectury->@Inject::postInit2(Lorg/spongepowered/asm/mixin/injection/callback/CallbackInfo;)V won't be passed a CallbackInfo as a result
[15:32:08] [main/DEBUG] (FabricLoader/Mixin) Mixing ClientWorldMixin from fabric-lifecycle-events-v1.client.mixins.json into net.minecraft.client.world.ClientWorld
[15:32:08] [main/DEBUG] (FabricLoader/Mixin) Mixing ClientWorldMixin from fabric-rendering-v1.mixins.json into net.minecraft.client.world.ClientWorld
[15:32:08] [main/DEBUG] (FabricLoader/Mixin) Renaming synthetic method lambda$new$1(Lnet/minecraft/world/biome/ColorResolver;)Lnet/minecraft/client/world/BiomeColorCache; to md26369a$fabric-rendering-v1$lambda$new$1$0 in fabric-rendering-v1.mixins.json:ClientWorldMixin from mod fabric-rendering-v1
[15:32:08] [main/DEBUG] (FabricLoader/Mixin) Renaming synthetic method lambda$new$0(Lnet/minecraft/world/biome/ColorResolver;Lnet/minecraft/util/math/BlockPos;)I to md26369a$fabric-rendering-v1$lambda$new$0$1 in fabric-rendering-v1.mixins.json:ClientWorldMixin from mod fabric-rendering-v1
[15:32:08] [main/DEBUG] (FabricLoader/Mixin) Mixing client.MixinClientLevel from architectury.mixins.json into net.minecraft.client.world.ClientWorld
[15:32:08] [main/DEBUG] (FabricLoader/Mixin) architectury.mixins.json:client.MixinClientLevel from mod architectury: Class version 65 required is higher than the class version supported by the current version of Mixin (JAVA_16 supports class version 60)
[15:32:08] [main/DEBUG] (FabricLoader/Mixin) fabric-lifecycle-events-v1.client.mixins.json:ClientWorldMixin from mod fabric-lifecycle-events-v1->@Inject::tickWorldAfterBlockEntities(Lorg/spongepowered/asm/mixin/injection/callback/CallbackInfo;)V doesn't use it's CallbackInfo
[15:32:08] [main/DEBUG] (FabricLoader/Mixin) fabric-lifecycle-events-v1.client.mixins.json:ClientWorldMixin from mod fabric-lifecycle-events-v1->@Inject::tickWorldAfterBlockEntities(Lorg/spongepowered/asm/mixin/injection/callback/CallbackInfo;)V has 0 override(s) in child classes
[15:32:08] [main/DEBUG] (FabricLoader/Mixin) fabric-lifecycle-events-v1.client.mixins.json:ClientWorldMixin from mod fabric-lifecycle-events-v1->@Inject::tickWorldAfterBlockEntities(Lorg/spongepowered/asm/mixin/injection/callback/CallbackInfo;)V won't be passed a CallbackInfo as a result
[15:32:08] [main/DEBUG] (FabricLoader/Mixin) fabric-lifecycle-events-v1.client.mixins.json:ClientWorldMixin from mod fabric-lifecycle-events-v1->@Inject::startWorldTick(Lorg/spongepowered/asm/mixin/injection/callback/CallbackInfo;)V doesn't use it's CallbackInfo
[15:32:08] [main/DEBUG] (FabricLoader/Mixin) fabric-lifecycle-events-v1.client.mixins.json:ClientWorldMixin from mod fabric-lifecycle-events-v1->@Inject::startWorldTick(Lorg/spongepowered/asm/mixin/injection/callback/CallbackInfo;)V has 0 override(s) in child classes
[15:32:08] [main/DEBUG] (FabricLoader/Mixin) fabric-lifecycle-events-v1.client.mixins.json:ClientWorldMixin from mod fabric-lifecycle-events-v1->@Inject::startWorldTick(Lorg/spongepowered/asm/mixin/injection/callback/CallbackInfo;)V won't be passed a CallbackInfo as a result
[15:32:08] [main/DEBUG] (FabricLoader/Mixin) fabric-rendering-v1.mixins.json:ClientWorldMixin from mod fabric-rendering-v1->@Inject::onResetChunkColor(Lnet/minecraft/util/math/ChunkPos;Lorg/spongepowered/asm/mixin/injection/callback/CallbackInfo;)V doesn't use it's CallbackInfo
[15:32:08] [main/DEBUG] (FabricLoader/Mixin) fabric-rendering-v1.mixins.json:ClientWorldMixin from mod fabric-rendering-v1->@Inject::onResetChunkColor(Lnet/minecraft/util/math/ChunkPos;Lorg/spongepowered/asm/mixin/injection/callback/CallbackInfo;)V has 0 override(s) in child classes
[15:32:08] [main/DEBUG] (FabricLoader/Mixin) fabric-rendering-v1.mixins.json:ClientWorldMixin from mod fabric-rendering-v1->@Inject::onResetChunkColor(Lnet/minecraft/util/math/ChunkPos;Lorg/spongepowered/asm/mixin/injection/callback/CallbackInfo;)V won't be passed a CallbackInfo as a result
[15:32:08] [main/DEBUG] (FabricLoader/Mixin) fabric-rendering-v1.mixins.json:ClientWorldMixin from mod fabric-rendering-v1->@Inject::onReloadColor(Lorg/spongepowered/asm/mixin/injection/callback/CallbackInfo;)V doesn't use it's CallbackInfo
[15:32:08] [main/DEBUG] (FabricLoader/Mixin) fabric-rendering-v1.mixins.json:ClientWorldMixin from mod fabric-rendering-v1->@Inject::onReloadColor(Lorg/spongepowered/asm/mixin/injection/callback/CallbackInfo;)V has 0 override(s) in child classes
[15:32:08] [main/DEBUG] (FabricLoader/Mixin) fabric-rendering-v1.mixins.json:ClientWorldMixin from mod fabric-rendering-v1->@Inject::onReloadColor(Lorg/spongepowered/asm/mixin/injection/callback/CallbackInfo;)V won't be passed a CallbackInfo as a result
[15:32:08] [main/DEBUG] (FabricLoader/Mixin) architectury.mixins.json:client.MixinClientLevel from mod architectury->@Inject::construct(Lnet/minecraft/client/network/ClientPlayNetworkHandler;Lnet/minecraft/client/world/ClientWorld$Properties;Lnet/minecraft/registry/RegistryKey;Lnet/minecraft/registry/entry/RegistryEntry;IILnet/minecraft/client/render/WorldRenderer;ZJILorg/spongepowered/asm/mixin/injection/callback/CallbackInfo;)V doesn't use it's CallbackInfo
[15:32:08] [main/DEBUG] (FabricLoader/Mixin) architectury.mixins.json:client.MixinClientLevel from mod architectury->@Inject::construct(Lnet/minecraft/client/network/ClientPlayNetworkHandler;Lnet/minecraft/client/world/ClientWorld$Properties;Lnet/minecraft/registry/RegistryKey;Lnet/minecraft/registry/entry/RegistryEntry;IILnet/minecraft/client/render/WorldRenderer;ZJILorg/spongepowered/asm/mixin/injection/callback/CallbackInfo;)V has 0 override(s) in child classes
[15:32:08] [main/DEBUG] (FabricLoader/Mixin) architectury.mixins.json:client.MixinClientLevel from mod architectury->@Inject::construct(Lnet/minecraft/client/network/ClientPlayNetworkHandler;Lnet/minecraft/client/world/ClientWorld$Properties;Lnet/minecraft/registry/RegistryKey;Lnet/minecraft/registry/entry/RegistryEntry;IILnet/minecraft/client/render/WorldRenderer;ZJILorg/spongepowered/asm/mixin/injection/callback/CallbackInfo;)V won't be passed a CallbackInfo as a result
[15:32:08] [main/DEBUG] (FabricLoader/Mixin) architectury.mixins.json:client.MixinClientLevel from mod architectury->@Inject::addEntity(Lnet/minecraft/entity/Entity;Lorg/spongepowered/asm/mixin/injection/callback/CallbackInfo;)V does use it's CallbackInfo
[15:32:08] [main/DEBUG] (FabricLoader/Mixin) Mixing DefaultAttributeRegistryAccessor from fabric-object-builder-v1.mixins.json into net.minecraft.entity.attribute.DefaultAttributeRegistry
[15:32:08] [main/DEBUG] (FabricLoader/Mixin) Renaming @Accessor method getRegistry()Ljava/util/Map; to getRegistry$fabric-object-builder-api-v1_$md$26369a$0 in fabric-object-builder-v1.mixins.json:DefaultAttributeRegistryAccessor from mod fabric-object-builder-api-v1
[15:32:08] [main/DEBUG] (FabricLoader/Mixin) Mixing DefaultAttributeRegistryMixin from fabric-object-builder-v1.mixins.json into net.minecraft.entity.attribute.DefaultAttributeRegistry
[15:32:08] [main/DEBUG] (FabricLoader/Mixin) fabric-object-builder-v1.mixins.json:DefaultAttributeRegistryMixin from mod fabric-object-builder-api-v1->@Inject::injectAttributes(Lorg/spongepowered/asm/mixin/injection/callback/CallbackInfo;)V doesn't use it's CallbackInfo
[15:32:08] [Render thread/DEBUG] (FabricLoader/Mixin) Mixing accessor.MinecraftClientAccessor from fabric-networking-api-v1.client.mixins.json into net.minecraft.client.MinecraftClient
[15:32:08] [Render thread/DEBUG] (FabricLoader/Mixin) Mixing MinecraftClientMixin from fabric-lifecycle-events-v1.client.mixins.json into net.minecraft.client.MinecraftClient
[15:32:08] [Render thread/DEBUG] (FabricLoader/Mixin) Mixing MinecraftClientMixin from fabric-data-generation-api-v1.client.mixins.json into net.minecraft.client.MinecraftClient
[15:32:08] [Render thread/DEBUG] (FabricLoader/Mixin) Mixing MinecraftClientMixin from fabric-screen-api-v1.mixins.json into net.minecraft.client.MinecraftClient
[15:32:08] [Render thread/DEBUG] (FabricLoader/Mixin) Renaming @Unique field LOGGERLorg/slf4j/Logger; to fd26369a$fabric-screen-api-v1$LOGGER$0 in fabric-screen-api-v1.mixins.json:MinecraftClientMixin from mod fabric-screen-api-v1
[15:32:08] [Render thread/DEBUG] (FabricLoader/Mixin) Mixing MinecraftClientMixin from fabric-registry-sync-v0.client.mixins.json into net.minecraft.client.MinecraftClient
[15:32:08] [Render thread/DEBUG] (FabricLoader/Mixin) Mixing client.MixinMinecraft from architectury.mixins.json into net.minecraft.client.MinecraftClient
[15:32:08] [Render thread/DEBUG] (FabricLoader/Mixin) architectury.mixins.json:client.MixinMinecraft from mod architectury: Class version 65 required is higher than the class version supported by the current version of Mixin (JAVA_16 supports class version 60)
[15:32:08] [Render thread/DEBUG] (FabricLoader/Mixin) Mixing MinecraftClientMixin from fabric-events-interaction-v0.client.mixins.json into net.minecraft.client.MinecraftClient
[15:32:08] [Render thread/DEBUG] (FabricLoader/Mixin) fabric-lifecycle-events-v1.client.mixins.json:MinecraftClientMixin from mod fabric-lifecycle-events-v1->@Inject::onStartTick(Lorg/spongepowered/asm/mixin/injection/callback/CallbackInfo;)V doesn't use it's CallbackInfo
[15:32:08] [Render thread/DEBUG] (FabricLoader/Mixin) fabric-lifecycle-events-v1.client.mixins.json:MinecraftClientMixin from mod fabric-lifecycle-events-v1->@Inject::onStartTick(Lorg/spongepowered/asm/mixin/injection/callback/CallbackInfo;)V has 0 override(s) in child classes
[15:32:08] [Render thread/DEBUG] (FabricLoader/Mixin) fabric-lifecycle-events-v1.client.mixins.json:MinecraftClientMixin from mod fabric-lifecycle-events-v1->@Inject::onStartTick(Lorg/spongepowered/asm/mixin/injection/callback/CallbackInfo;)V won't be passed a CallbackInfo as a result
[15:32:08] [Render thread/DEBUG] (FabricLoader/Mixin) fabric-lifecycle-events-v1.client.mixins.json:MinecraftClientMixin from mod fabric-lifecycle-events-v1->@Inject::onEndTick(Lorg/spongepowered/asm/mixin/injection/callback/CallbackInfo;)V doesn't use it's CallbackInfo
[15:32:08] [Render thread/DEBUG] (FabricLoader/Mixin) fabric-lifecycle-events-v1.client.mixins.json:MinecraftClientMixin from mod fabric-lifecycle-events-v1->@Inject::onEndTick(Lorg/spongepowered/asm/mixin/injection/callback/CallbackInfo;)V has 0 override(s) in child classes
[15:32:08] [Render thread/DEBUG] (FabricLoader/Mixin) fabric-lifecycle-events-v1.client.mixins.json:MinecraftClientMixin from mod fabric-lifecycle-events-v1->@Inject::onEndTick(Lorg/spongepowered/asm/mixin/injection/callback/CallbackInfo;)V won't be passed a CallbackInfo as a result
[15:32:08] [Render thread/DEBUG] (FabricLoader/Mixin) fabric-lifecycle-events-v1.client.mixins.json:MinecraftClientMixin from mod fabric-lifecycle-events-v1->@Inject::onStopping(Lorg/spongepowered/asm/mixin/injection/callback/CallbackInfo;)V doesn't use it's CallbackInfo
[15:32:08] [Render thread/DEBUG] (FabricLoader/Mixin) fabric-lifecycle-events-v1.client.mixins.json:MinecraftClientMixin from mod fabric-lifecycle-events-v1->@Inject::onStopping(Lorg/spongepowered/asm/mixin/injection/callback/CallbackInfo;)V has 0 override(s) in child classes
[15:32:08] [Render thread/DEBUG] (FabricLoader/Mixin) fabric-lifecycle-events-v1.client.mixins.json:MinecraftClientMixin from mod fabric-lifecycle-events-v1->@Inject::onStopping(Lorg/spongepowered/asm/mixin/injection/callback/CallbackInfo;)V won't be passed a CallbackInfo as a result
[15:32:08] [Render thread/DEBUG] (FabricLoader/Mixin) fabric-lifecycle-events-v1.client.mixins.json:MinecraftClientMixin from mod fabric-lifecycle-events-v1->@Inject::onStart(Lorg/spongepowered/asm/mixin/injection/callback/CallbackInfo;)V doesn't use it's CallbackInfo
[15:32:08] [Render thread/DEBUG] (FabricLoader/Mixin) fabric-lifecycle-events-v1.client.mixins.json:MinecraftClientMixin from mod fabric-lifecycle-events-v1->@Inject::onStart(Lorg/spongepowered/asm/mixin/injection/callback/CallbackInfo;)V has 0 override(s) in child classes
[15:32:08] [Render thread/DEBUG] (FabricLoader/Mixin) fabric-lifecycle-events-v1.client.mixins.json:MinecraftClientMixin from mod fabric-lifecycle-events-v1->@Inject::onStart(Lorg/spongepowered/asm/mixin/injection/callback/CallbackInfo;)V won't be passed a CallbackInfo as a result
[15:32:08] [Render thread/DEBUG] (FabricLoader/Mixin) fabric-lifecycle-events-v1.client.mixins.json:MinecraftClientMixin from mod fabric-lifecycle-events-v1->@Inject::afterClientWorldChange(Lnet/minecraft/client/world/ClientWorld;Lorg/spongepowered/asm/mixin/injection/callback/CallbackInfo;)V doesn't use it's CallbackInfo
[15:32:08] [Render thread/DEBUG] (FabricLoader/Mixin) fabric-lifecycle-events-v1.client.mixins.json:MinecraftClientMixin from mod fabric-lifecycle-events-v1->@Inject::afterClientWorldChange(Lnet/minecraft/client/world/ClientWorld;Lorg/spongepowered/asm/mixin/injection/callback/CallbackInfo;)V has 0 override(s) in child classes
[15:32:08] [Render thread/DEBUG] (FabricLoader/Mixin) fabric-lifecycle-events-v1.client.mixins.json:MinecraftClientMixin from mod fabric-lifecycle-events-v1->@Inject::afterClientWorldChange(Lnet/minecraft/client/world/ClientWorld;Lorg/spongepowered/asm/mixin/injection/callback/CallbackInfo;)V won't be passed a CallbackInfo as a result
[15:32:08] [Render thread/DEBUG] (FabricLoader/Mixin) fabric-data-generation-api-v1.client.mixins.json:MinecraftClientMixin from mod fabric-data-generation-api-v1->@Inject::main(Lorg/spongepowered/asm/mixin/injection/callback/CallbackInfo;)V doesn't use it's CallbackInfo
[15:32:08] [Render thread/DEBUG] (FabricLoader/Mixin) fabric-data-generation-api-v1.client.mixins.json:MinecraftClientMixin from mod fabric-data-generation-api-v1->@Inject::main(Lorg/spongepowered/asm/mixin/injection/callback/CallbackInfo;)V has 0 override(s) in child classes
[15:32:08] [Render thread/DEBUG] (FabricLoader/Mixin) fabric-data-generation-api-v1.client.mixins.json:MinecraftClientMixin from mod fabric-data-generation-api-v1->@Inject::main(Lorg/spongepowered/asm/mixin/injection/callback/CallbackInfo;)V won't be passed a CallbackInfo as a result
[15:32:08] [Render thread/DEBUG] (FabricLoader/Mixin) fabric-screen-api-v1.mixins.json:MinecraftClientMixin from mod fabric-screen-api-v1->@Inject::checkThreadOnDev(Lnet/minecraft/client/gui/screen/Screen;Lorg/spongepowered/asm/mixin/injection/callback/CallbackInfo;)V doesn't use it's CallbackInfo
[15:32:08] [Render thread/DEBUG] (FabricLoader/Mixin) fabric-screen-api-v1.mixins.json:MinecraftClientMixin from mod fabric-screen-api-v1->@Inject::checkThreadOnDev(Lnet/minecraft/client/gui/screen/Screen;Lorg/spongepowered/asm/mixin/injection/callback/CallbackInfo;)V has 0 override(s) in child classes
[15:32:08] [Render thread/DEBUG] (FabricLoader/Mixin) fabric-screen-api-v1.mixins.json:MinecraftClientMixin from mod fabric-screen-api-v1->@Inject::checkThreadOnDev(Lnet/minecraft/client/gui/screen/Screen;Lorg/spongepowered/asm/mixin/injection/callback/CallbackInfo;)V won't be passed a CallbackInfo as a result
[15:32:08] [Render thread/DEBUG] (FabricLoader/Mixin) fabric-screen-api-v1.mixins.json:MinecraftClientMixin from mod fabric-screen-api-v1->@Inject::onScreenRemove(Lnet/minecraft/client/gui/screen/Screen;Lorg/spongepowered/asm/mixin/injection/callback/CallbackInfo;)V doesn't use it's CallbackInfo
[15:32:08] [Render thread/DEBUG] (FabricLoader/Mixin) fabric-screen-api-v1.mixins.json:MinecraftClientMixin from mod fabric-screen-api-v1->@Inject::onScreenRemove(Lnet/minecraft/client/gui/screen/Screen;Lorg/spongepowered/asm/mixin/injection/callback/CallbackInfo;)V has 0 override(s) in child classes
[15:32:08] [Render thread/DEBUG] (FabricLoader/Mixin) fabric-screen-api-v1.mixins.json:MinecraftClientMixin from mod fabric-screen-api-v1->@Inject::onScreenRemove(Lnet/minecraft/client/gui/screen/Screen;Lorg/spongepowered/asm/mixin/injection/callback/CallbackInfo;)V won't be passed a CallbackInfo as a result
[15:32:08] [Render thread/DEBUG] (FabricLoader/Mixin) fabric-screen-api-v1.mixins.json:MinecraftClientMixin from mod fabric-screen-api-v1->@Inject::onScreenRemoveBecauseStopping(Lorg/spongepowered/asm/mixin/injection/callback/CallbackInfo;)V doesn't use it's CallbackInfo
[15:32:08] [Render thread/DEBUG] (FabricLoader/Mixin) fabric-screen-api-v1.mixins.json:MinecraftClientMixin from mod fabric-screen-api-v1->@Inject::onScreenRemoveBecauseStopping(Lorg/spongepowered/asm/mixin/injection/callback/CallbackInfo;)V has 0 override(s) in child classes
[15:32:08] [Render thread/DEBUG] (FabricLoader/Mixin) fabric-screen-api-v1.mixins.json:MinecraftClientMixin from mod fabric-screen-api-v1->@Inject::onScreenRemoveBecauseStopping(Lorg/spongepowered/asm/mixin/injection/callback/CallbackInfo;)V won't be passed a CallbackInfo as a result
[15:32:08] [Render thread/DEBUG] (FabricLoader/Mixin) fabric-screen-api-v1.mixins.json:MinecraftClientMixin from mod fabric-screen-api-v1->@Inject::beforeScreenTick(Lorg/spongepowered/asm/mixin/injection/callback/CallbackInfo;)V doesn't use it's CallbackInfo
[15:32:08] [Render thread/DEBUG] (FabricLoader/Mixin) fabric-screen-api-v1.mixins.json:MinecraftClientMixin from mod fabric-screen-api-v1->@Inject::beforeScreenTick(Lorg/spongepowered/asm/mixin/injection/callback/CallbackInfo;)V has 0 override(s) in child classes
[15:32:08] [Render thread/DEBUG] (FabricLoader/Mixin) fabric-screen-api-v1.mixins.json:MinecraftClientMixin from mod fabric-screen-api-v1->@Inject::beforeScreenTick(Lorg/spongepowered/asm/mixin/injection/callback/CallbackInfo;)V won't be passed a CallbackInfo as a result
[15:32:08] [Render thread/DEBUG] (FabricLoader/Mixin) fabric-screen-api-v1.mixins.json:MinecraftClientMixin from mod fabric-screen-api-v1->@Inject::afterScreenTick(Lorg/spongepowered/asm/mixin/injection/callback/CallbackInfo;)V doesn't use it's CallbackInfo
[15:32:08] [Render thread/DEBUG] (FabricLoader/Mixin) fabric-screen-api-v1.mixins.json:MinecraftClientMixin from mod fabric-screen-api-v1->@Inject::afterScreenTick(Lorg/spongepowered/asm/mixin/injection/callback/CallbackInfo;)V has 0 override(s) in child classes
[15:32:08] [Render thread/DEBUG] (FabricLoader/Mixin) fabric-screen-api-v1.mixins.json:MinecraftClientMixin from mod fabric-screen-api-v1->@Inject::afterScreenTick(Lorg/spongepowered/asm/mixin/injection/callback/CallbackInfo;)V won't be passed a CallbackInfo as a result
[15:32:08] [Render thread/DEBUG] (FabricLoader/Mixin) fabric-screen-api-v1.mixins.json:MinecraftClientMixin from mod fabric-screen-api-v1->@Inject::beforeLoadingScreenTick(Lorg/spongepowered/asm/mixin/injection/callback/CallbackInfo;)V doesn't use it's CallbackInfo
[15:32:08] [Render thread/DEBUG] (FabricLoader/Mixin) fabric-screen-api-v1.mixins.json:MinecraftClientMixin from mod fabric-screen-api-v1->@Inject::beforeLoadingScreenTick(Lorg/spongepowered/asm/mixin/injection/callback/CallbackInfo;)V has 0 override(s) in child classes
[15:32:08] [Render thread/DEBUG] (FabricLoader/Mixin) fabric-screen-api-v1.mixins.json:MinecraftClientMixin from mod fabric-screen-api-v1->@Inject::beforeLoadingScreenTick(Lorg/spongepowered/asm/mixin/injection/callback/CallbackInfo;)V won't be passed a CallbackInfo as a result
[15:32:08] [Render thread/DEBUG] (FabricLoader/Mixin) fabric-screen-api-v1.mixins.json:MinecraftClientMixin from mod fabric-screen-api-v1->@Inject::afterLoadingScreenTick(Lorg/spongepowered/asm/mixin/injection/callback/CallbackInfo;)V doesn't use it's CallbackInfo
[15:32:08] [Render thread/DEBUG] (FabricLoader/Mixin) fabric-screen-api-v1.mixins.json:MinecraftClientMixin from mod fabric-screen-api-v1->@Inject::afterLoadingScreenTick(Lorg/spongepowered/asm/mixin/injection/callback/CallbackInfo;)V has 0 override(s) in child classes
[15:32:08] [Render thread/DEBUG] (FabricLoader/Mixin) fabric-screen-api-v1.mixins.json:MinecraftClientMixin from mod fabric-screen-api-v1->@Inject::afterLoadingScreenTick(Lorg/spongepowered/asm/mixin/injection/callback/CallbackInfo;)V won't be passed a CallbackInfo as a result
[15:32:08] [Render thread/DEBUG] (FabricLoader/Mixin) fabric-registry-sync-v0.client.mixins.json:MinecraftClientMixin from mod fabric-registry-sync-v0->@Inject::disconnectAfter(Lnet/minecraft/client/gui/screen/Screen;ZLorg/spongepowered/asm/mixin/injection/callback/CallbackInfo;)V doesn't use it's CallbackInfo
[15:32:08] [Render thread/DEBUG] (FabricLoader/Mixin) fabric-registry-sync-v0.client.mixins.json:MinecraftClientMixin from mod fabric-registry-sync-v0->@Inject::disconnectAfter(Lnet/minecraft/client/gui/screen/Screen;ZLorg/spongepowered/asm/mixin/injection/callback/CallbackInfo;)V has 0 override(s) in child classes
[15:32:08] [Render thread/DEBUG] (FabricLoader/Mixin) fabric-registry-sync-v0.client.mixins.json:MinecraftClientMixin from mod fabric-registry-sync-v0->@Inject::disconnectAfter(Lnet/minecraft/client/gui/screen/Screen;ZLorg/spongepowered/asm/mixin/injection/callback/CallbackInfo;)V won't be passed a CallbackInfo as a result
[15:32:08] [Render thread/DEBUG] (FabricLoader/Mixin) fabric-registry-sync-v0.client.mixins.json:MinecraftClientMixin from mod fabric-registry-sync-v0->@Inject::afterModInit(Lorg/spongepowered/asm/mixin/injection/callback/CallbackInfo;)V doesn't use it's CallbackInfo
[15:32:08] [Render thread/DEBUG] (FabricLoader/Mixin) fabric-registry-sync-v0.client.mixins.json:MinecraftClientMixin from mod fabric-registry-sync-v0->@Inject::afterModInit(Lorg/spongepowered/asm/mixin/injection/callback/CallbackInfo;)V has 0 override(s) in child classes
[15:32:08] [Render thread/DEBUG] (FabricLoader/Mixin) fabric-registry-sync-v0.client.mixins.json:MinecraftClientMixin from mod fabric-registry-sync-v0->@Inject::afterModInit(Lorg/spongepowered/asm/mixin/injection/callback/CallbackInfo;)V won't be passed a CallbackInfo as a result
[15:32:08] [Render thread/DEBUG] (FabricLoader/Mixin) architectury.mixins.json:client.MixinMinecraft from mod architectury->@Inject::handleLogin(Lnet/minecraft/client/gui/screen/Screen;ZLorg/spongepowered/asm/mixin/injection/callback/CallbackInfo;)V doesn't use it's CallbackInfo
[15:32:08] [Render thread/DEBUG] (FabricLoader/Mixin) architectury.mixins.json:client.MixinMinecraft from mod architectury->@Inject::handleLogin(Lnet/minecraft/client/gui/screen/Screen;ZLorg/spongepowered/asm/mixin/injection/callback/CallbackInfo;)V has 0 override(s) in child classes
[15:32:08] [Render thread/DEBUG] (FabricLoader/Mixin) architectury.mixins.json:client.MixinMinecraft from mod architectury->@Inject::handleLogin(Lnet/minecraft/client/gui/screen/Screen;ZLorg/spongepowered/asm/mixin/injection/callback/CallbackInfo;)V won't be passed a CallbackInfo as a result
[15:32:08] [Render thread/DEBUG] (FabricLoader/Mixin) architectury.mixins.json:client.MixinMinecraft from mod architectury->@Inject::rightClickAir(Lorg/spongepowered/asm/mixin/injection/callback/CallbackInfo;[Lnet/minecraft/util/Hand;IILnet/minecraft/util/Hand;Lnet/minecraft/item/ItemStack;)V doesn't use it's CallbackInfo
[15:32:08] [Render thread/DEBUG] (FabricLoader/Mixin) architectury.mixins.json:client.MixinMinecraft from mod architectury->@Inject::rightClickAir(Lorg/spongepowered/asm/mixin/injection/callback/CallbackInfo;[Lnet/minecraft/util/Hand;IILnet/minecraft/util/Hand;Lnet/minecraft/item/ItemStack;)V has 0 override(s) in child classes
[15:32:08] [Render thread/DEBUG] (FabricLoader/Mixin) architectury.mixins.json:client.MixinMinecraft from mod architectury->@Inject::rightClickAir(Lorg/spongepowered/asm/mixin/injection/callback/CallbackInfo;[Lnet/minecraft/util/Hand;IILnet/minecraft/util/Hand;Lnet/minecraft/item/ItemStack;)V won't be passed a CallbackInfo as a result
[15:32:08] [Render thread/DEBUG] (FabricLoader/Mixin) architectury.mixins.json:client.MixinMinecraft from mod architectury->@Inject::leftClickAir(Lorg/spongepowered/asm/mixin/injection/callback/CallbackInfoReturnable;)V doesn't use it's CallbackInfoReturnable
[15:32:08] [Render thread/DEBUG] (FabricLoader/Mixin) architectury.mixins.json:client.MixinMinecraft from mod architectury->@Inject::leftClickAir(Lorg/spongepowered/asm/mixin/injection/callback/CallbackInfoReturnable;)V has 0 override(s) in child classes
[15:32:08] [Render thread/DEBUG] (FabricLoader/Mixin) architectury.mixins.json:client.MixinMinecraft from mod architectury->@Inject::leftClickAir(Lorg/spongepowered/asm/mixin/injection/callback/CallbackInfoReturnable;)V won't be passed a CallbackInfoReturnable as a result
[15:32:08] [Render thread/DEBUG] (FabricLoader/Mixin) architectury.mixins.json:client.MixinMinecraft from mod architectury->@Inject::cancelSetScreen(Lnet/minecraft/client/gui/screen/Screen;Lorg/spongepowered/asm/mixin/injection/callback/CallbackInfo;)V does use it's CallbackInfo
[15:32:08] [Render thread/DEBUG] (FabricLoader/Mixin) fabric-events-interaction-v0.client.mixins.json:MinecraftClientMixin from mod fabric-events-interaction-v0->@Inject::injectUseEntityCallback(Lorg/spongepowered/asm/mixin/injection/callback/CallbackInfo;)V does use it's CallbackInfo
[15:32:08] [Render thread/DEBUG] (FabricLoader/Mixin) fabric-events-interaction-v0.client.mixins.json:MinecraftClientMixin from mod fabric-events-interaction-v0->@Inject::injectHandleInputEventsForPreAttackCallback(Lorg/spongepowered/asm/mixin/injection/callback/CallbackInfo;)V doesn't use it's CallbackInfo
[15:32:08] [Render thread/DEBUG] (FabricLoader/Mixin) fabric-events-interaction-v0.client.mixins.json:MinecraftClientMixin from mod fabric-events-interaction-v0->@Inject::injectHandleInputEventsForPreAttackCallback(Lorg/spongepowered/asm/mixin/injection/callback/CallbackInfo;)V has 0 override(s) in child classes
[15:32:08] [Render thread/DEBUG] (FabricLoader/Mixin) fabric-events-interaction-v0.client.mixins.json:MinecraftClientMixin from mod fabric-events-interaction-v0->@Inject::injectHandleInputEventsForPreAttackCallback(Lorg/spongepowered/asm/mixin/injection/callback/CallbackInfo;)V won't be passed a CallbackInfo as a result
[15:32:08] [Render thread/DEBUG] (FabricLoader/Mixin) fabric-events-interaction-v0.client.mixins.json:MinecraftClientMixin from mod fabric-events-interaction-v0->@Inject::injectDoAttackForCancelling(Lorg/spongepowered/asm/mixin/injection/callback/CallbackInfoReturnable;)V does use it's CallbackInfoReturnable
[15:32:08] [Render thread/DEBUG] (FabricLoader/Mixin) fabric-events-interaction-v0.client.mixins.json:MinecraftClientMixin from mod fabric-events-interaction-v0->@Inject::injectHandleBlockBreakingForCancelling(ZLorg/spongepowered/asm/mixin/injection/callback/CallbackInfo;)V does use it's CallbackInfo
[15:32:08] [Render thread/DEBUG] (FabricLoader/Mixin) Mixing HandledScreenMixin from fabric-screen-api-v1.mixins.json into net.minecraft.client.gui.screen.ingame.HandledScreen
[15:32:08] [Render thread/DEBUG] (FabricLoader/Mixin) Mixing client.MixinAbstractContainerScreen from architectury.mixins.json into net.minecraft.client.gui.screen.ingame.HandledScreen
[15:32:08] [Render thread/DEBUG] (FabricLoader/Mixin) architectury.mixins.json:client.MixinAbstractContainerScreen from mod architectury: Class version 65 required is higher than the class version supported by the current version of Mixin (JAVA_16 supports class version 60)
[15:32:08] [Render thread/DEBUG] (FabricLoader/Mixin) fabric-screen-api-v1.mixins.json:HandledScreenMixin from mod fabric-screen-api-v1->@Inject::callSuperMouseReleased(Lnet/minecraft/client/gui/Click;Lorg/spongepowered/asm/mixin/injection/callback/CallbackInfoReturnable;)V does use it's CallbackInfoReturnable
[15:32:08] [Render thread/DEBUG] (FabricLoader/Mixin) fabric-screen-api-v1.mixins.json:HandledScreenMixin from mod fabric-screen-api-v1->@Inject::callSuperMouseReleased(Lnet/minecraft/client/gui/Click;DDLorg/spongepowered/asm/mixin/injection/callback/CallbackInfoReturnable;)V does use it's CallbackInfoReturnable
[15:32:08] [Render thread/DEBUG] (FabricLoader/Mixin) architectury.mixins.json:client.MixinAbstractContainerScreen from mod architectury->@Inject::renderBackground(Lnet/minecraft/client/gui/DrawContext;IIFLorg/spongepowered/asm/mixin/injection/callback/CallbackInfo;)V doesn't use it's CallbackInfo
[15:32:08] [Render thread/DEBUG] (FabricLoader/Mixin) architectury.mixins.json:client.MixinAbstractContainerScreen from mod architectury->@Inject::renderBackground(Lnet/minecraft/client/gui/DrawContext;IIFLorg/spongepowered/asm/mixin/injection/callback/CallbackInfo;)V has 0 override(s) in child classes
[15:32:08] [Render thread/DEBUG] (FabricLoader/Mixin) architectury.mixins.json:client.MixinAbstractContainerScreen from mod architectury->@Inject::renderBackground(Lnet/minecraft/client/gui/DrawContext;IIFLorg/spongepowered/asm/mixin/injection/callback/CallbackInfo;)V won't be passed a CallbackInfo as a result
[15:32:08] [Render thread/DEBUG] (FabricLoader/Mixin) architectury.mixins.json:client.MixinAbstractContainerScreen from mod architectury->@Inject::renderForeground(Lnet/minecraft/client/gui/DrawContext;IIFLorg/spongepowered/asm/mixin/injection/callback/CallbackInfo;)V doesn't use it's CallbackInfo
[15:32:08] [Render thread/DEBUG] (FabricLoader/Mixin) architectury.mixins.json:client.MixinAbstractContainerScreen from mod architectury->@Inject::renderForeground(Lnet/minecraft/client/gui/DrawContext;IIFLorg/spongepowered/asm/mixin/injection/callback/CallbackInfo;)V has 0 override(s) in child classes
[15:32:08] [Render thread/DEBUG] (FabricLoader/Mixin) architectury.mixins.json:client.MixinAbstractContainerScreen from mod architectury->@Inject::renderForeground(Lnet/minecraft/client/gui/DrawContext;IIFLorg/spongepowered/asm/mixin/injection/callback/CallbackInfo;)V won't be passed a CallbackInfo as a result
[15:32:08] [Render thread/DEBUG] (FabricLoader/Mixin) Mixing MultiplayerScreenMixin from reload_server_list.mixins.json into net.minecraft.client.gui.screen.multiplayer.MultiplayerScreen
[15:32:08] [Render thread/DEBUG] (FabricLoader/Mixin) reload_server_list.mixins.json:MultiplayerScreenMixin from mod reload_server_list->@Inject::reloadKey(Lnet/minecraft/client/input/KeyInput;Lorg/spongepowered/asm/mixin/injection/callback/CallbackInfoReturnable;)V doesn't use it's CallbackInfoReturnable
[15:32:08] [Render thread/DEBUG] (FabricLoader/Mixin) reload_server_list.mixins.json:MultiplayerScreenMixin from mod reload_server_list->@Inject::reloadKey(Lnet/minecraft/client/input/KeyInput;Lorg/spongepowered/asm/mixin/injection/callback/CallbackInfoReturnable;)V has 0 override(s) in child classes
[15:32:08] [Render thread/DEBUG] (FabricLoader/Mixin) reload_server_list.mixins.json:MultiplayerScreenMixin from mod reload_server_list->@Inject::reloadKey(Lnet/minecraft/client/input/KeyInput;Lorg/spongepowered/asm/mixin/injection/callback/CallbackInfoReturnable;)V won't be passed a CallbackInfoReturnable as a result
[15:32:08] [Render thread/DEBUG] (FabricLoader/Mixin) reload_server_list.mixins.json:MultiplayerScreenMixin from mod reload_server_list->@Inject::f5MakeNoise(Lnet/minecraft/client/input/KeyInput;Lorg/spongepowered/asm/mixin/injection/callback/CallbackInfoReturnable;)V doesn't use it's CallbackInfoReturnable
[15:32:08] [Render thread/DEBUG] (FabricLoader/Mixin) reload_server_list.mixins.json:MultiplayerScreenMixin from mod reload_server_list->@Inject::f5MakeNoise(Lnet/minecraft/client/input/KeyInput;Lorg/spongepowered/asm/mixin/injection/callback/CallbackInfoReturnable;)V has 0 override(s) in child classes
[15:32:08] [Render thread/DEBUG] (FabricLoader/Mixin) reload_server_list.mixins.json:MultiplayerScreenMixin from mod reload_server_list->@Inject::f5MakeNoise(Lnet/minecraft/client/input/KeyInput;Lorg/spongepowered/asm/mixin/injection/callback/CallbackInfoReturnable;)V won't be passed a CallbackInfoReturnable as a result
[15:32:08] [Render thread/DEBUG] (FabricLoader/Mixin) Mixing KeyedClientResourceReloadListenerMixin from fabric-resource-loader-v1.client.mixins.json into net.minecraft.client.resource.PeriodicNotificationManager
[15:32:08] [Render thread/DEBUG] (FabricLoader/Mixin) Mixing VanillaResourcePackProviderMixin from fabric-resource-loader-v0.client.mixins.json into net.minecraft.resource.VanillaResourcePackProvider
[15:32:08] [Render thread/DEBUG] (FabricLoader/Mixin) fabric-resource-loader-v0.client.mixins.json:VanillaResourcePackProviderMixin from mod fabric-resource-loader-v0->@Inject::addBuiltinResourcePacks(Ljava/util/function/Consumer;Lorg/spongepowered/asm/mixin/injection/callback/CallbackInfo;)V doesn't use it's CallbackInfo
[15:32:08] [Render thread/DEBUG] (FabricLoader/Mixin) fabric-resource-loader-v0.client.mixins.json:VanillaResourcePackProviderMixin from mod fabric-resource-loader-v0->@Inject::addBuiltinResourcePacks(Ljava/util/function/Consumer;Lorg/spongepowered/asm/mixin/injection/callback/CallbackInfo;)V has 0 override(s) in child classes
[15:32:08] [Render thread/DEBUG] (FabricLoader/Mixin) fabric-resource-loader-v0.client.mixins.json:VanillaResourcePackProviderMixin from mod fabric-resource-loader-v0->@Inject::addBuiltinResourcePacks(Ljava/util/function/Consumer;Lorg/spongepowered/asm/mixin/injection/callback/CallbackInfo;)V won't be passed a CallbackInfo as a result
[15:32:08] [Render thread/DEBUG] (FabricLoader/Mixin) Mixing ResourcePackManagerMixin from fabric-resource-loader-v0.mixins.json into net.minecraft.resource.ResourcePackManager
[15:32:08] [Render thread/DEBUG] (FabricLoader/Mixin) Renaming synthetic method lambda$handleAutoDisable$0(Ljava/util/Set;Lnet/minecraft/resource/ResourcePackProfile;)Z to md26369a$fabric-resource-loader-v0$lambda$handleAutoDisable$0$0 in fabric-resource-loader-v0.mixins.json:ResourcePackManagerMixin from mod fabric-resource-loader-v0
[15:32:08] [Render thread/DEBUG] (FabricLoader/Mixin) fabric-resource-loader-v0.mixins.json:ResourcePackManagerMixin from mod fabric-resource-loader-v0->@Inject::construct([Lnet/minecraft/resource/ResourcePackProvider;Lorg/spongepowered/asm/mixin/injection/callback/CallbackInfo;)V doesn't use it's CallbackInfo
[15:32:08] [Render thread/DEBUG] (FabricLoader/Mixin) fabric-resource-loader-v0.mixins.json:ResourcePackManagerMixin from mod fabric-resource-loader-v0->@Inject::construct([Lnet/minecraft/resource/ResourcePackProvider;Lorg/spongepowered/asm/mixin/injection/callback/CallbackInfo;)V has 0 override(s) in child classes
[15:32:08] [Render thread/DEBUG] (FabricLoader/Mixin) fabric-resource-loader-v0.mixins.json:ResourcePackManagerMixin from mod fabric-resource-loader-v0->@Inject::construct([Lnet/minecraft/resource/ResourcePackProvider;Lorg/spongepowered/asm/mixin/injection/callback/CallbackInfo;)V won't be passed a CallbackInfo as a result
[15:32:08] [Render thread/DEBUG] (FabricLoader/Mixin) fabric-resource-loader-v0.mixins.json:ResourcePackManagerMixin from mod fabric-resource-loader-v0->@Inject::handleAutoEnableDisable(Ljava/util/Collection;Lorg/spongepowered/asm/mixin/injection/callback/CallbackInfoReturnable;)V doesn't use it's CallbackInfoReturnable
[15:32:08] [Render thread/DEBUG] (FabricLoader/Mixin) fabric-resource-loader-v0.mixins.json:ResourcePackManagerMixin from mod fabric-resource-loader-v0->@Inject::handleAutoEnableDisable(Ljava/util/Collection;Lorg/spongepowered/asm/mixin/injection/callback/CallbackInfoReturnable;)V has 0 override(s) in child classes
[15:32:08] [Render thread/DEBUG] (FabricLoader/Mixin) fabric-resource-loader-v0.mixins.json:ResourcePackManagerMixin from mod fabric-resource-loader-v0->@Inject::handleAutoEnableDisable(Ljava/util/Collection;Lorg/spongepowered/asm/mixin/injection/callback/CallbackInfoReturnable;)V won't be passed a CallbackInfoReturnable as a result
[15:32:08] [Render thread/DEBUG] (FabricLoader/Mixin) fabric-resource-loader-v0.mixins.json:ResourcePackManagerMixin from mod fabric-resource-loader-v0->@Inject::handleAutoEnable(Ljava/lang/String;Lorg/spongepowered/asm/mixin/injection/callback/CallbackInfoReturnable;)V doesn't use it's CallbackInfoReturnable
[15:32:08] [Render thread/DEBUG] (FabricLoader/Mixin) fabric-resource-loader-v0.mixins.json:ResourcePackManagerMixin from mod fabric-resource-loader-v0->@Inject::handleAutoEnable(Ljava/lang/String;Lorg/spongepowered/asm/mixin/injection/callback/CallbackInfoReturnable;)V has 0 override(s) in child classes
[15:32:08] [Render thread/DEBUG] (FabricLoader/Mixin) fabric-resource-loader-v0.mixins.json:ResourcePackManagerMixin from mod fabric-resource-loader-v0->@Inject::handleAutoEnable(Ljava/lang/String;Lorg/spongepowered/asm/mixin/injection/callback/CallbackInfoReturnable;)V won't be passed a CallbackInfoReturnable as a result
[15:32:08] [Render thread/DEBUG] (FabricLoader/Mixin) fabric-resource-loader-v0.mixins.json:ResourcePackManagerMixin from mod fabric-resource-loader-v0->@Inject::handleAutoDisable(Ljava/lang/String;Lorg/spongepowered/asm/mixin/injection/callback/CallbackInfoReturnable;)V doesn't use it's CallbackInfoReturnable
[15:32:08] [Render thread/DEBUG] (FabricLoader/Mixin) fabric-resource-loader-v0.mixins.json:ResourcePackManagerMixin from mod fabric-resource-loader-v0->@Inject::handleAutoDisable(Ljava/lang/String;Lorg/spongepowered/asm/mixin/injection/callback/CallbackInfoReturnable;)V has 0 override(s) in child classes
[15:32:08] [Render thread/DEBUG] (FabricLoader/Mixin) fabric-resource-loader-v0.mixins.json:ResourcePackManagerMixin from mod fabric-resource-loader-v0->@Inject::handleAutoDisable(Ljava/lang/String;Lorg/spongepowered/asm/mixin/injection/callback/CallbackInfoReturnable;)V won't be passed a CallbackInfoReturnable as a result
[15:32:08] [Render thread/INFO] (com.mojang.authlib.yggdrasil.YggdrasilAuthenticationService) Environment: Environment[sessionHost=https://sessionserver.mojang.com, servicesHost=https://api.minecraftservices.com, profilesHost=https://api.mojang.com, name=PROD]
[15:32:08] [Yggdrasil Key Fetcher/DEBUG] (com.mojang.authlib.minecraft.client.MinecraftClient) Connecting to https://api.minecraftservices.com/publickeys
[15:32:08] [Download-1/DEBUG] (com.mojang.authlib.minecraft.client.MinecraftClient) Connecting to https://sessionserver.mojang.com/session/minecraft/profile/c1896c3181593c759e16fc454b66b2cc?unsigned=false
[15:32:08] [Render thread/INFO] (net.minecraft.client.MinecraftClient) Setting user: Player629
[15:32:08] [Download-2/DEBUG] (com.mojang.authlib.minecraft.client.MinecraftClient) Connecting to https://api.minecraftservices.com/player/attributes
[15:32:08] [Render thread/DEBUG] (FabricLoader/Entrypoint) Iterating over entrypoint 'main'
[15:32:08] [Render thread/DEBUG] (FabricLoader/Mixin) Mixing ServerConfigurationNetworkHandlerMixin from fabric-networking-api-v1.mixins.json into net.minecraft.server.network.ServerConfigurationNetworkHandler
[15:32:08] [Render thread/DEBUG] (FabricLoader/Mixin) Renaming synthetic method lambda$bindChannelInfo$0(Lnet/minecraft/network/RegistryByteBuf;)Lnet/minecraft/network/RegistryByteBuf; to md26369a$fabric-networking-api-v1$lambda$bindChannelInfo$0$0 in fabric-networking-api-v1.mixins.json:ServerConfigurationNetworkHandlerMixin from mod fabric-networking-api-v1
[15:32:08] [Render thread/DEBUG] (FabricLoader/Mixin) Mixing ServerConfigurationNetworkHandlerMixin from fabric-resource-loader-v0.mixins.json into net.minecraft.server.network.ServerConfigurationNetworkHandler
[15:32:08] [Render thread/DEBUG] (FabricLoader/Mixin) fabric-networking-api-v1.mixins.json:ServerConfigurationNetworkHandlerMixin from mod fabric-networking-api-v1->@Inject::initAddon(Lorg/spongepowered/asm/mixin/injection/callback/CallbackInfo;)V doesn't use it's CallbackInfo
[15:32:08] [Render thread/DEBUG] (FabricLoader/Mixin) fabric-networking-api-v1.mixins.json:ServerConfigurationNetworkHandlerMixin from mod fabric-networking-api-v1->@Inject::initAddon(Lorg/spongepowered/asm/mixin/injection/callback/CallbackInfo;)V has 0 override(s) in child classes
[15:32:08] [Render thread/DEBUG] (FabricLoader/Mixin) fabric-networking-api-v1.mixins.json:ServerConfigurationNetworkHandlerMixin from mod fabric-networking-api-v1->@Inject::initAddon(Lorg/spongepowered/asm/mixin/injection/callback/CallbackInfo;)V won't be passed a CallbackInfo as a result
[15:32:08] [Render thread/DEBUG] (FabricLoader/Mixin) fabric-networking-api-v1.mixins.json:ServerConfigurationNetworkHandlerMixin from mod fabric-networking-api-v1->@Inject::onClientReady(Lorg/spongepowered/asm/mixin/injection/callback/CallbackInfo;)V does use it's CallbackInfo
[15:32:08] [Render thread/DEBUG] (FabricLoader/Mixin) Mixing ServerCommonNetworkHandlerMixin from fabric-networking-api-v1.mixins.json into net.minecraft.server.network.ServerCommonNetworkHandler
[15:32:08] [Render thread/DEBUG] (FabricLoader/Mixin) Mixing accessor.ServerCommonNetworkHandlerAccessor from fabric-networking-api-v1.mixins.json into net.minecraft.server.network.ServerCommonNetworkHandler
[15:32:08] [Render thread/DEBUG] (FabricLoader/Mixin) fabric-networking-api-v1.mixins.json:ServerCommonNetworkHandlerMixin from mod fabric-networking-api-v1->@Inject::handleCustomPayloadReceivedAsync(Lnet/minecraft/network/packet/c2s/common/CustomPayloadC2SPacket;Lorg/spongepowered/asm/mixin/injection/callback/CallbackInfo;)V does use it's CallbackInfo
[15:32:08] [Render thread/DEBUG] (FabricLoader/Mixin) fabric-networking-api-v1.mixins.json:ServerCommonNetworkHandlerMixin from mod fabric-networking-api-v1->@Inject::onPlayPong(Lnet/minecraft/network/packet/c2s/common/CommonPongC2SPacket;Lorg/spongepowered/asm/mixin/injection/callback/CallbackInfo;)V doesn't use it's CallbackInfo
[15:32:08] [Render thread/DEBUG] (FabricLoader/Mixin) fabric-networking-api-v1.mixins.json:ServerCommonNetworkHandlerMixin from mod fabric-networking-api-v1->@Inject::onPlayPong(Lnet/minecraft/network/packet/c2s/common/CommonPongC2SPacket;Lorg/spongepowered/asm/mixin/injection/callback/CallbackInfo;)V has 0 override(s) in child classes
[15:32:08] [Render thread/DEBUG] (FabricLoader/Mixin) fabric-networking-api-v1.mixins.json:ServerCommonNetworkHandlerMixin from mod fabric-networking-api-v1->@Inject::onPlayPong(Lnet/minecraft/network/packet/c2s/common/CommonPongC2SPacket;Lorg/spongepowered/asm/mixin/injection/callback/CallbackInfo;)V won't be passed a CallbackInfo as a result
[15:32:08] [Render thread/DEBUG] (FabricLoader/Mixin) Mixing CustomPayloadC2SPacketAccessor from fabric-data-attachment-api-v1.mixins.json into net.minecraft.network.packet.c2s.common.CustomPayloadC2SPacket
[15:32:08] [Render thread/DEBUG] (FabricLoader/Mixin) Mixing CustomPayloadC2SPacketMixin from fabric-networking-api-v1.mixins.json into net.minecraft.network.packet.c2s.common.CustomPayloadC2SPacket
[15:32:08] [Render thread/DEBUG] (FabricLoader/Mixin) Renaming synthetic method lambda$wrapCodec$0(Lnet/minecraft/network/PacketByteBuf;Lnet/minecraft/util/Identifier;)Lnet/minecraft/network/packet/CustomPayload$Type; to md26369a$fabric-networking-api-v1$lambda$wrapCodec$0$0 in fabric-networking-api-v1.mixins.json:CustomPayloadC2SPacketMixin from mod fabric-networking-api-v1
[15:32:08] [Render thread/DEBUG] (FabricLoader/Mixin) Mixing CustomPayloadPacketCodecMixin from fabric-networking-api-v1.mixins.json into net.minecraft.network.packet.CustomPayload$1
[15:32:08] [Render thread/DEBUG] (FabricLoader/Mixin) Mixing ServerPlayNetworkHandlerMixin from fabric-networking-api-v1.mixins.json into net.minecraft.server.network.ServerPlayNetworkHandler
[15:32:08] [Render thread/DEBUG] (FabricLoader/Mixin) Mixing ServerPlayNetworkHandlerMixin from fabric-events-interaction-v0.mixins.json into net.minecraft.server.network.ServerPlayNetworkHandler
[15:32:08] [Render thread/DEBUG] (FabricLoader/Mixin) fabric-networking-api-v1.mixins.json:ServerPlayNetworkHandlerMixin from mod fabric-networking-api-v1->@Inject::initAddon(Lorg/spongepowered/asm/mixin/injection/callback/CallbackInfo;)V doesn't use it's CallbackInfo
[15:32:08] [Render thread/DEBUG] (FabricLoader/Mixin) fabric-networking-api-v1.mixins.json:ServerPlayNetworkHandlerMixin from mod fabric-networking-api-v1->@Inject::initAddon(Lorg/spongepowered/asm/mixin/injection/callback/CallbackInfo;)V has 0 override(s) in child classes
[15:32:08] [Render thread/DEBUG] (FabricLoader/Mixin) fabric-networking-api-v1.mixins.json:ServerPlayNetworkHandlerMixin from mod fabric-networking-api-v1->@Inject::initAddon(Lorg/spongepowered/asm/mixin/injection/callback/CallbackInfo;)V won't be passed a CallbackInfo as a result
[15:32:08] [Render thread/DEBUG] (FabricLoader/Mixin) fabric-networking-api-v1.mixins.json:ServerPlayNetworkHandlerMixin from mod fabric-networking-api-v1->@Inject::handleCustomPayloadReceivedAsync(Lnet/minecraft/network/packet/c2s/common/CustomPayloadC2SPacket;Lorg/spongepowered/asm/mixin/injection/callback/CallbackInfo;)V does use it's CallbackInfo
[15:32:09] [Render thread/DEBUG] (FabricLoader/Mixin) Mixing LootTableBuilderMixin from fabric-loot-api-v3.mixins.json into net.minecraft.loot.LootTable$Builder
[15:32:09] [Render thread/DEBUG] (FabricLoader/Mixin) Mixing LootTableBuilderMixin from fabric-loot-api-v2.mixins.json into net.minecraft.loot.LootTable$Builder
[15:32:09] [Render thread/DEBUG] (FabricLoader/Mixin) Mixing client.MixinIntegratedServer from architectury.mixins.json into net.minecraft.server.integrated.IntegratedServer
[15:32:09] [Render thread/DEBUG] (FabricLoader/Mixin) architectury.mixins.json:client.MixinIntegratedServer from mod architectury: Class version 65 required is higher than the class version supported by the current version of Mixin (JAVA_16 supports class version 60)
[15:32:09] [Render thread/DEBUG] (FabricLoader/Mixin) architectury.mixins.json:client.MixinIntegratedServer from mod architectury->@Inject::initServer(Lorg/spongepowered/asm/mixin/injection/callback/CallbackInfoReturnable;)V does use it's CallbackInfoReturnable
[15:32:09] [Render thread/DEBUG] (FabricLoader/Mixin) Mixing DrawContextMixin from fabric-rendering-v1.mixins.json into net.minecraft.client.gui.DrawContext
[15:32:09] [Render thread/DEBUG] (FabricLoader/Mixin) Mixing client.MixinGuiGraphics from architectury.mixins.json into net.minecraft.client.gui.DrawContext
[15:32:09] [Render thread/DEBUG] (FabricLoader/Mixin) architectury.mixins.json:client.MixinGuiGraphics from mod architectury: Class version 65 required is higher than the class version supported by the current version of Mixin (JAVA_16 supports class version 60)
[15:32:09] [Render thread/DEBUG] (FabricLoader/Mixin) fabric-rendering-v1.mixins.json:DrawContextMixin from mod fabric-rendering-v1->@Inject::drawStackOverlay(Lnet/minecraft/client/font/TextRenderer;Lnet/minecraft/item/ItemStack;IILjava/lang/String;Lorg/spongepowered/asm/mixin/injection/callback/CallbackInfo;)V doesn't use it's CallbackInfo
[15:32:09] [Render thread/DEBUG] (FabricLoader/Mixin) fabric-rendering-v1.mixins.json:DrawContextMixin from mod fabric-rendering-v1->@Inject::drawStackOverlay(Lnet/minecraft/client/font/TextRenderer;Lnet/minecraft/item/ItemStack;IILjava/lang/String;Lorg/spongepowered/asm/mixin/injection/callback/CallbackInfo;)V has 0 override(s) in child classes
[15:32:09] [Render thread/DEBUG] (FabricLoader/Mixin) fabric-rendering-v1.mixins.json:DrawContextMixin from mod fabric-rendering-v1->@Inject::drawStackOverlay(Lnet/minecraft/client/font/TextRenderer;Lnet/minecraft/item/ItemStack;IILjava/lang/String;Lorg/spongepowered/asm/mixin/injection/callback/CallbackInfo;)V won't be passed a CallbackInfo as a result
[15:32:09] [Render thread/DEBUG] (FabricLoader/Mixin) fabric-rendering-v1.mixins.json:DrawContextMixin from mod fabric-rendering-v1->@Inject::drawStackOverlay(Lnet/minecraft/client/font/TextRenderer;Lnet/minecraft/item/ItemStack;IILjava/lang/String;Lorg/spongepowered/asm/mixin/injection/callback/CallbackInfo;)V doesn't use it's CallbackInfo
[15:32:09] [Render thread/DEBUG] (FabricLoader/Mixin) fabric-rendering-v1.mixins.json:DrawContextMixin from mod fabric-rendering-v1->@Inject::drawStackOverlay(Lnet/minecraft/client/font/TextRenderer;Lnet/minecraft/item/ItemStack;IILjava/lang/String;Lorg/spongepowered/asm/mixin/injection/callback/CallbackInfo;)V has 0 override(s) in child classes
[15:32:09] [Render thread/DEBUG] (FabricLoader/Mixin) fabric-rendering-v1.mixins.json:DrawContextMixin from mod fabric-rendering-v1->@Inject::drawStackOverlay(Lnet/minecraft/client/font/TextRenderer;Lnet/minecraft/item/ItemStack;IILjava/lang/String;Lorg/spongepowered/asm/mixin/injection/callback/CallbackInfo;)V won't be passed a CallbackInfo as a result
[15:32:09] [Render thread/DEBUG] (FabricLoader/Mixin) architectury.mixins.json:client.MixinGuiGraphics from mod architectury->@Inject::preRenderTooltipItem(Lnet/minecraft/client/font/TextRenderer;Lnet/minecraft/item/ItemStack;IILorg/spongepowered/asm/mixin/injection/callback/CallbackInfo;)V doesn't use it's CallbackInfo
[15:32:09] [Render thread/DEBUG] (FabricLoader/Mixin) architectury.mixins.json:client.MixinGuiGraphics from mod architectury->@Inject::preRenderTooltipItem(Lnet/minecraft/client/font/TextRenderer;Lnet/minecraft/item/ItemStack;IILorg/spongepowered/asm/mixin/injection/callback/CallbackInfo;)V has 0 override(s) in child classes
[15:32:09] [Render thread/DEBUG] (FabricLoader/Mixin) architectury.mixins.json:client.MixinGuiGraphics from mod architectury->@Inject::preRenderTooltipItem(Lnet/minecraft/client/font/TextRenderer;Lnet/minecraft/item/ItemStack;IILorg/spongepowered/asm/mixin/injection/callback/CallbackInfo;)V won't be passed a CallbackInfo as a result
[15:32:09] [Render thread/DEBUG] (FabricLoader/Mixin) architectury.mixins.json:client.MixinGuiGraphics from mod architectury->@Inject::postRenderTooltipItem(Lnet/minecraft/client/font/TextRenderer;Ljava/util/List;IILnet/minecraft/client/gui/tooltip/TooltipPositioner;Lnet/minecraft/util/Identifier;Lorg/spongepowered/asm/mixin/injection/callback/CallbackInfo;)V doesn't use it's CallbackInfo
[15:32:09] [Render thread/DEBUG] (FabricLoader/Mixin) architectury.mixins.json:client.MixinGuiGraphics from mod architectury->@Inject::postRenderTooltipItem(Lnet/minecraft/client/font/TextRenderer;Ljava/util/List;IILnet/minecraft/client/gui/tooltip/TooltipPositioner;Lnet/minecraft/util/Identifier;Lorg/spongepowered/asm/mixin/injection/callback/CallbackInfo;)V has 0 override(s) in child classes
[15:32:09] [Render thread/DEBUG] (FabricLoader/Mixin) architectury.mixins.json:client.MixinGuiGraphics from mod architectury->@Inject::postRenderTooltipItem(Lnet/minecraft/client/font/TextRenderer;Ljava/util/List;IILnet/minecraft/client/gui/tooltip/TooltipPositioner;Lnet/minecraft/util/Identifier;Lorg/spongepowered/asm/mixin/injection/callback/CallbackInfo;)V won't be passed a CallbackInfo as a result
[15:32:09] [Render thread/DEBUG] (FabricLoader/Mixin) architectury.mixins.json:client.MixinGuiGraphics from mod architectury->@Inject::renderTooltip(Lnet/minecraft/client/font/TextRenderer;Ljava/util/List;IILnet/minecraft/client/gui/tooltip/TooltipPositioner;Lnet/minecraft/util/Identifier;Lorg/spongepowered/asm/mixin/injection/callback/CallbackInfo;)V does use it's CallbackInfo
[15:32:09] [Render thread/DEBUG] (FabricLoader/Mixin) Mixing CommandSourceMixin from fabric-command-api-v2.mixins.json into net.minecraft.command.CommandSource
[15:32:09] [Render thread/DEBUG] (FabricLoader/Mixin) Mixing ResourceFinderAccessor from fabric-loot-api-v3.mixins.json into net.minecraft.resource.ResourceFinder
[15:32:09] [Render thread/DEBUG] (FabricLoader/Mixin) Mixing ResourceFinderAccessor from fabric-resource-conditions-api-v1.mixins.json into net.minecraft.resource.ResourceFinder
[15:32:09] [Render thread/DEBUG] (FabricLoader/Mixin) Unexpected: Registered method getDirectoryName()Ljava/lang/String; in net.minecraft.resource.ResourceFinder was not merged
[15:32:09] [Render thread/DEBUG] (FabricLoader/Entrypoint) Iterating over entrypoint 'client'
[15:32:09] [Render thread/DEBUG] (FabricLoader/Mixin) Mixing ClientConnectionMixin from fabric-data-attachment-api-v1.mixins.json into net.minecraft.network.ClientConnection
[15:32:09] [Render thread/DEBUG] (FabricLoader/Mixin) Mixing ClientConnectionMixin from fabric-networking-api-v1.mixins.json into net.minecraft.network.ClientConnection
[15:32:09] [Render thread/DEBUG] (FabricLoader/Mixin) Renaming synthetic method lambda$fabric_getPendingChannelsNames$0(Lnet/minecraft/network/NetworkPhase;)Ljava/util/Collection; to md26369a$fabric-networking-api-v1$lambda$fabric_getPendingChannelsNames$0$0 in fabric-networking-api-v1.mixins.json:ClientConnectionMixin from mod fabric-networking-api-v1
[15:32:09] [Render thread/DEBUG] (FabricLoader/Mixin) Mixing ingredient.ClientConnectionMixin from fabric-recipe-api-v1.mixins.json into net.minecraft.network.ClientConnection
[15:32:09] [Render thread/DEBUG] (FabricLoader/Mixin) fabric-networking-api-v1.mixins.json:ClientConnectionMixin from mod fabric-networking-api-v1->@Inject::initAddedFields(Lnet/minecraft/network/NetworkSide;Lorg/spongepowered/asm/mixin/injection/callback/CallbackInfo;)V doesn't use it's CallbackInfo
[15:32:09] [Render thread/DEBUG] (FabricLoader/Mixin) fabric-networking-api-v1.mixins.json:ClientConnectionMixin from mod fabric-networking-api-v1->@Inject::initAddedFields(Lnet/minecraft/network/NetworkSide;Lorg/spongepowered/asm/mixin/injection/callback/CallbackInfo;)V has 0 override(s) in child classes
[15:32:09] [Render thread/DEBUG] (FabricLoader/Mixin) fabric-networking-api-v1.mixins.json:ClientConnectionMixin from mod fabric-networking-api-v1->@Inject::initAddedFields(Lnet/minecraft/network/NetworkSide;Lorg/spongepowered/asm/mixin/injection/callback/CallbackInfo;)V won't be passed a CallbackInfo as a result
[15:32:09] [Render thread/DEBUG] (FabricLoader/Mixin) fabric-networking-api-v1.mixins.json:ClientConnectionMixin from mod fabric-networking-api-v1->@Inject::checkPacket(Lnet/minecraft/network/packet/Packet;Lio/netty/channel/ChannelFutureListener;ZLorg/spongepowered/asm/mixin/injection/callback/CallbackInfo;)V doesn't use it's CallbackInfo
[15:32:09] [Render thread/DEBUG] (FabricLoader/Mixin) fabric-networking-api-v1.mixins.json:ClientConnectionMixin from mod fabric-networking-api-v1->@Inject::checkPacket(Lnet/minecraft/network/packet/Packet;Lio/netty/channel/ChannelFutureListener;ZLorg/spongepowered/asm/mixin/injection/callback/CallbackInfo;)V has 0 override(s) in child classes
[15:32:09] [Render thread/DEBUG] (FabricLoader/Mixin) fabric-networking-api-v1.mixins.json:ClientConnectionMixin from mod fabric-networking-api-v1->@Inject::checkPacket(Lnet/minecraft/network/packet/Packet;Lio/netty/channel/ChannelFutureListener;ZLorg/spongepowered/asm/mixin/injection/callback/CallbackInfo;)V won't be passed a CallbackInfo as a result
[15:32:09] [Render thread/DEBUG] (FabricLoader/Mixin) fabric-networking-api-v1.mixins.json:ClientConnectionMixin from mod fabric-networking-api-v1->@Inject::checkPacket(Lnet/minecraft/network/packet/Packet;Lio/netty/channel/ChannelFutureListener;ZLorg/spongepowered/asm/mixin/injection/callback/CallbackInfo;)V doesn't use it's CallbackInfo
[15:32:09] [Render thread/DEBUG] (FabricLoader/Mixin) fabric-networking-api-v1.mixins.json:ClientConnectionMixin from mod fabric-networking-api-v1->@Inject::checkPacket(Lnet/minecraft/network/packet/Packet;Lio/netty/channel/ChannelFutureListener;ZLorg/spongepowered/asm/mixin/injection/callback/CallbackInfo;)V has 0 override(s) in child classes
[15:32:09] [Render thread/DEBUG] (FabricLoader/Mixin) fabric-networking-api-v1.mixins.json:ClientConnectionMixin from mod fabric-networking-api-v1->@Inject::checkPacket(Lnet/minecraft/network/packet/Packet;Lio/netty/channel/ChannelFutureListener;ZLorg/spongepowered/asm/mixin/injection/callback/CallbackInfo;)V won't be passed a CallbackInfo as a result
[15:32:09] [Render thread/DEBUG] (FabricLoader/Mixin) fabric-networking-api-v1.mixins.json:ClientConnectionMixin from mod fabric-networking-api-v1->@Inject::unwatchAddon(Lnet/minecraft/network/state/NetworkState;Lnet/minecraft/network/listener/PacketListener;Lorg/spongepowered/asm/mixin/injection/callback/CallbackInfo;)V doesn't use it's CallbackInfo
[15:32:09] [Render thread/DEBUG] (FabricLoader/Mixin) fabric-networking-api-v1.mixins.json:ClientConnectionMixin from mod fabric-networking-api-v1->@Inject::unwatchAddon(Lnet/minecraft/network/state/NetworkState;Lnet/minecraft/network/listener/PacketListener;Lorg/spongepowered/asm/mixin/injection/callback/CallbackInfo;)V has 0 override(s) in child classes
[15:32:09] [Render thread/DEBUG] (FabricLoader/Mixin) fabric-networking-api-v1.mixins.json:ClientConnectionMixin from mod fabric-networking-api-v1->@Inject::unwatchAddon(Lnet/minecraft/network/state/NetworkState;Lnet/minecraft/network/listener/PacketListener;Lorg/spongepowered/asm/mixin/injection/callback/CallbackInfo;)V won't be passed a CallbackInfo as a result
[15:32:09] [Render thread/DEBUG] (FabricLoader/Mixin) fabric-networking-api-v1.mixins.json:ClientConnectionMixin from mod fabric-networking-api-v1->@Inject::disconnectAddon(Lio/netty/channel/ChannelHandlerContext;Lorg/spongepowered/asm/mixin/injection/callback/CallbackInfo;)V doesn't use it's CallbackInfo
[15:32:09] [Render thread/DEBUG] (FabricLoader/Mixin) fabric-networking-api-v1.mixins.json:ClientConnectionMixin from mod fabric-networking-api-v1->@Inject::disconnectAddon(Lio/netty/channel/ChannelHandlerContext;Lorg/spongepowered/asm/mixin/injection/callback/CallbackInfo;)V has 0 override(s) in child classes
[15:32:09] [Render thread/DEBUG] (FabricLoader/Mixin) fabric-networking-api-v1.mixins.json:ClientConnectionMixin from mod fabric-networking-api-v1->@Inject::disconnectAddon(Lio/netty/channel/ChannelHandlerContext;Lorg/spongepowered/asm/mixin/injection/callback/CallbackInfo;)V won't be passed a CallbackInfo as a result
[15:32:09] [Render thread/DEBUG] (FabricLoader/Mixin) fabric-networking-api-v1.mixins.json:ClientConnectionMixin from mod fabric-networking-api-v1->@Inject::disconnectAddon(Lorg/spongepowered/asm/mixin/injection/callback/CallbackInfo;)V doesn't use it's CallbackInfo
[15:32:09] [Render thread/DEBUG] (FabricLoader/Mixin) fabric-networking-api-v1.mixins.json:ClientConnectionMixin from mod fabric-networking-api-v1->@Inject::disconnectAddon(Lorg/spongepowered/asm/mixin/injection/callback/CallbackInfo;)V has 0 override(s) in child classes
[15:32:09] [Render thread/DEBUG] (FabricLoader/Mixin) fabric-networking-api-v1.mixins.json:ClientConnectionMixin from mod fabric-networking-api-v1->@Inject::disconnectAddon(Lorg/spongepowered/asm/mixin/injection/callback/CallbackInfo;)V won't be passed a CallbackInfo as a result
[15:32:09] [Render thread/DEBUG] (FabricLoader/Mixin) Mixing ClientPlayNetworkHandlerMixin from fabric-message-api-v1.client.mixins.json into net.minecraft.client.network.ClientPlayNetworkHandler
[15:32:09] [Render thread/DEBUG] (FabricLoader/Mixin) Mixing ClientPlayNetworkHandlerMixin from fabric-networking-api-v1.client.mixins.json into net.minecraft.client.network.ClientPlayNetworkHandler
[15:32:09] [Render thread/DEBUG] (FabricLoader/Mixin) Mixing ClientPlayNetworkHandlerMixin from fabric-data-attachment-api-v1.client.mixins.json into net.minecraft.client.network.ClientPlayNetworkHandler
[15:32:09] [Render thread/DEBUG] (FabricLoader/Mixin) Mixing ClientPlayNetworkHandlerMixin from fabric-lifecycle-events-v1.client.mixins.json into net.minecraft.client.network.ClientPlayNetworkHandler
[15:32:09] [Render thread/DEBUG] (FabricLoader/Mixin) Mixing ClientPlayNetworkHandlerMixin from fabric-command-api-v2.client.mixins.json into net.minecraft.client.network.ClientPlayNetworkHandler
[15:32:09] [Render thread/DEBUG] (FabricLoader/Mixin) Mixing client.MixinClientPacketListener from architectury.mixins.json into net.minecraft.client.network.ClientPlayNetworkHandler
[15:32:09] [Render thread/DEBUG] (FabricLoader/Mixin) architectury.mixins.json:client.MixinClientPacketListener from mod architectury: Class version 65 required is higher than the class version supported by the current version of Mixin (JAVA_16 supports class version 60)
[15:32:09] [Render thread/DEBUG] (FabricLoader/Mixin) fabric-message-api-v1.client.mixins.json:ClientPlayNetworkHandlerMixin from mod fabric-message-api-v1->@Inject::fabric_allowSendChatMessage(Ljava/lang/String;Lorg/spongepowered/asm/mixin/injection/callback/CallbackInfo;)V does use it's CallbackInfo
[15:32:09] [Render thread/DEBUG] (FabricLoader/Mixin) fabric-message-api-v1.client.mixins.json:ClientPlayNetworkHandlerMixin from mod fabric-message-api-v1->@Inject::fabric_allowSendCommandMessage(Ljava/lang/String;Lorg/spongepowered/asm/mixin/injection/callback/CallbackInfo;)V does use it's CallbackInfo
[15:32:09] [Render thread/DEBUG] (FabricLoader/Mixin) fabric-networking-api-v1.client.mixins.json:ClientPlayNetworkHandlerMixin from mod fabric-networking-api-v1->@Inject::initAddon(Lorg/spongepowered/asm/mixin/injection/callback/CallbackInfo;)V doesn't use it's CallbackInfo
[15:32:09] [Render thread/DEBUG] (FabricLoader/Mixin) fabric-networking-api-v1.client.mixins.json:ClientPlayNetworkHandlerMixin from mod fabric-networking-api-v1->@Inject::initAddon(Lorg/spongepowered/asm/mixin/injection/callback/CallbackInfo;)V has 0 override(s) in child classes
[15:32:09] [Render thread/DEBUG] (FabricLoader/Mixin) fabric-networking-api-v1.client.mixins.json:ClientPlayNetworkHandlerMixin from mod fabric-networking-api-v1->@Inject::initAddon(Lorg/spongepowered/asm/mixin/injection/callback/CallbackInfo;)V won't be passed a CallbackInfo as a result
[15:32:09] [Render thread/DEBUG] (FabricLoader/Mixin) fabric-networking-api-v1.client.mixins.json:ClientPlayNetworkHandlerMixin from mod fabric-networking-api-v1->@Inject::handleServerPlayReady(Lnet/minecraft/network/packet/s2c/play/GameJoinS2CPacket;Lorg/spongepowered/asm/mixin/injection/callback/CallbackInfo;)V doesn't use it's CallbackInfo
[15:32:09] [Render thread/DEBUG] (FabricLoader/Mixin) fabric-networking-api-v1.client.mixins.json:ClientPlayNetworkHandlerMixin from mod fabric-networking-api-v1->@Inject::handleServerPlayReady(Lnet/minecraft/network/packet/s2c/play/GameJoinS2CPacket;Lorg/spongepowered/asm/mixin/injection/callback/CallbackInfo;)V has 0 override(s) in child classes
[15:32:09] [Render thread/DEBUG] (FabricLoader/Mixin) fabric-networking-api-v1.client.mixins.json:ClientPlayNetworkHandlerMixin from mod fabric-networking-api-v1->@Inject::handleServerPlayReady(Lnet/minecraft/network/packet/s2c/play/GameJoinS2CPacket;Lorg/spongepowered/asm/mixin/injection/callback/CallbackInfo;)V won't be passed a CallbackInfo as a result
[15:32:09] [Render thread/DEBUG] (FabricLoader/Mixin) fabric-lifecycle-events-v1.client.mixins.json:ClientPlayNetworkHandlerMixin from mod fabric-lifecycle-events-v1->@Inject::onPlayerRespawn(Lnet/minecraft/network/packet/s2c/play/PlayerRespawnS2CPacket;Lorg/spongepowered/asm/mixin/injection/callback/CallbackInfo;)V doesn't use it's CallbackInfo
[15:32:09] [Render thread/DEBUG] (FabricLoader/Mixin) fabric-lifecycle-events-v1.client.mixins.json:ClientPlayNetworkHandlerMixin from mod fabric-lifecycle-events-v1->@Inject::onPlayerRespawn(Lnet/minecraft/network/packet/s2c/play/PlayerRespawnS2CPacket;Lorg/spongepowered/asm/mixin/injection/callback/CallbackInfo;)V has 0 override(s) in child classes
[15:32:09] [Render thread/DEBUG] (FabricLoader/Mixin) fabric-lifecycle-events-v1.client.mixins.json:ClientPlayNetworkHandlerMixin from mod fabric-lifecycle-events-v1->@Inject::onPlayerRespawn(Lnet/minecraft/network/packet/s2c/play/PlayerRespawnS2CPacket;Lorg/spongepowered/asm/mixin/injection/callback/CallbackInfo;)V won't be passed a CallbackInfo as a result
[15:32:09] [Render thread/DEBUG] (FabricLoader/Mixin) fabric-lifecycle-events-v1.client.mixins.json:ClientPlayNetworkHandlerMixin from mod fabric-lifecycle-events-v1->@Inject::onGameJoin(Lnet/minecraft/network/packet/s2c/play/GameJoinS2CPacket;Lorg/spongepowered/asm/mixin/injection/callback/CallbackInfo;)V doesn't use it's CallbackInfo
[15:32:09] [Render thread/DEBUG] (FabricLoader/Mixin) fabric-lifecycle-events-v1.client.mixins.json:ClientPlayNetworkHandlerMixin from mod fabric-lifecycle-events-v1->@Inject::onGameJoin(Lnet/minecraft/network/packet/s2c/play/GameJoinS2CPacket;Lorg/spongepowered/asm/mixin/injection/callback/CallbackInfo;)V has 0 override(s) in child classes
[15:32:09] [Render thread/DEBUG] (FabricLoader/Mixin) fabric-lifecycle-events-v1.client.mixins.json:ClientPlayNetworkHandlerMixin from mod fabric-lifecycle-events-v1->@Inject::onGameJoin(Lnet/minecraft/network/packet/s2c/play/GameJoinS2CPacket;Lorg/spongepowered/asm/mixin/injection/callback/CallbackInfo;)V won't be passed a CallbackInfo as a result
[15:32:09] [Render thread/DEBUG] (FabricLoader/Mixin) fabric-lifecycle-events-v1.client.mixins.json:ClientPlayNetworkHandlerMixin from mod fabric-lifecycle-events-v1->@Inject::onClearWorld(Lorg/spongepowered/asm/mixin/injection/callback/CallbackInfo;)V doesn't use it's CallbackInfo
[15:32:09] [Render thread/DEBUG] (FabricLoader/Mixin) fabric-lifecycle-events-v1.client.mixins.json:ClientPlayNetworkHandlerMixin from mod fabric-lifecycle-events-v1->@Inject::onClearWorld(Lorg/spongepowered/asm/mixin/injection/callback/CallbackInfo;)V has 0 override(s) in child classes
[15:32:09] [Render thread/DEBUG] (FabricLoader/Mixin) fabric-lifecycle-events-v1.client.mixins.json:ClientPlayNetworkHandlerMixin from mod fabric-lifecycle-events-v1->@Inject::onClearWorld(Lorg/spongepowered/asm/mixin/injection/callback/CallbackInfo;)V won't be passed a CallbackInfo as a result
[15:32:09] [Render thread/DEBUG] (FabricLoader/Mixin) fabric-lifecycle-events-v1.client.mixins.json:ClientPlayNetworkHandlerMixin from mod fabric-lifecycle-events-v1->@Inject::invokeTagsLoaded(Lnet/minecraft/network/packet/s2c/common/SynchronizeTagsS2CPacket;Lorg/spongepowered/asm/mixin/injection/callback/CallbackInfo;)V doesn't use it's CallbackInfo
[15:32:09] [Render thread/DEBUG] (FabricLoader/Mixin) fabric-lifecycle-events-v1.client.mixins.json:ClientPlayNetworkHandlerMixin from mod fabric-lifecycle-events-v1->@Inject::invokeTagsLoaded(Lnet/minecraft/network/packet/s2c/common/SynchronizeTagsS2CPacket;Lorg/spongepowered/asm/mixin/injection/callback/CallbackInfo;)V has 0 override(s) in child classes
[15:32:09] [Render thread/DEBUG] (FabricLoader/Mixin) fabric-lifecycle-events-v1.client.mixins.json:ClientPlayNetworkHandlerMixin from mod fabric-lifecycle-events-v1->@Inject::invokeTagsLoaded(Lnet/minecraft/network/packet/s2c/common/SynchronizeTagsS2CPacket;Lorg/spongepowered/asm/mixin/injection/callback/CallbackInfo;)V won't be passed a CallbackInfo as a result
[15:32:09] [Render thread/DEBUG] (FabricLoader/Mixin) fabric-command-api-v2.client.mixins.json:ClientPlayNetworkHandlerMixin from mod fabric-command-api-v2->@Inject::onGameJoin(Lnet/minecraft/network/packet/s2c/play/GameJoinS2CPacket;Lorg/spongepowered/asm/mixin/injection/callback/CallbackInfo;)V doesn't use it's CallbackInfo
[15:32:09] [Render thread/DEBUG] (FabricLoader/Mixin) fabric-command-api-v2.client.mixins.json:ClientPlayNetworkHandlerMixin from mod fabric-command-api-v2->@Inject::onGameJoin(Lnet/minecraft/network/packet/s2c/play/GameJoinS2CPacket;Lorg/spongepowered/asm/mixin/injection/callback/CallbackInfo;)V has 0 override(s) in child classes
[15:32:09] [Render thread/DEBUG] (FabricLoader/Mixin) fabric-command-api-v2.client.mixins.json:ClientPlayNetworkHandlerMixin from mod fabric-command-api-v2->@Inject::onGameJoin(Lnet/minecraft/network/packet/s2c/play/GameJoinS2CPacket;Lorg/spongepowered/asm/mixin/injection/callback/CallbackInfo;)V won't be passed a CallbackInfo as a result
[15:32:09] [Render thread/DEBUG] (FabricLoader/Mixin) fabric-command-api-v2.client.mixins.json:ClientPlayNetworkHandlerMixin from mod fabric-command-api-v2->@Inject::onOnCommandTree(Lnet/minecraft/network/packet/s2c/play/CommandTreeS2CPacket;Lorg/spongepowered/asm/mixin/injection/callback/CallbackInfo;)V doesn't use it's CallbackInfo
[15:32:09] [Render thread/DEBUG] (FabricLoader/Mixin) fabric-command-api-v2.client.mixins.json:ClientPlayNetworkHandlerMixin from mod fabric-command-api-v2->@Inject::onOnCommandTree(Lnet/minecraft/network/packet/s2c/play/CommandTreeS2CPacket;Lorg/spongepowered/asm/mixin/injection/callback/CallbackInfo;)V has 0 override(s) in child classes
[15:32:09] [Render thread/DEBUG] (FabricLoader/Mixin) fabric-command-api-v2.client.mixins.json:ClientPlayNetworkHandlerMixin from mod fabric-command-api-v2->@Inject::onOnCommandTree(Lnet/minecraft/network/packet/s2c/play/CommandTreeS2CPacket;Lorg/spongepowered/asm/mixin/injection/callback/CallbackInfo;)V won't be passed a CallbackInfo as a result
[15:32:09] [Render thread/DEBUG] (FabricLoader/Mixin) fabric-command-api-v2.client.mixins.json:ClientPlayNetworkHandlerMixin from mod fabric-command-api-v2->@Inject::onSendCommand(Ljava/lang/String;Lnet/minecraft/client/gui/screen/Screen;Lorg/spongepowered/asm/mixin/injection/callback/CallbackInfo;)V does use it's CallbackInfo
[15:32:09] [Render thread/DEBUG] (FabricLoader/Mixin) fabric-command-api-v2.client.mixins.json:ClientPlayNetworkHandlerMixin from mod fabric-command-api-v2->@Inject::onSendCommand(Ljava/lang/String;Lorg/spongepowered/asm/mixin/injection/callback/CallbackInfo;)V does use it's CallbackInfo
[15:32:09] [Render thread/DEBUG] (FabricLoader/Mixin) architectury.mixins.json:client.MixinClientPacketListener from mod architectury->@Inject::handleLogin(Lnet/minecraft/network/packet/s2c/play/GameJoinS2CPacket;Lorg/spongepowered/asm/mixin/injection/callback/CallbackInfo;)V doesn't use it's CallbackInfo
[15:32:09] [Render thread/DEBUG] (FabricLoader/Mixin) architectury.mixins.json:client.MixinClientPacketListener from mod architectury->@Inject::handleLogin(Lnet/minecraft/network/packet/s2c/play/GameJoinS2CPacket;Lorg/spongepowered/asm/mixin/injection/callback/CallbackInfo;)V has 0 override(s) in child classes
[15:32:09] [Render thread/DEBUG] (FabricLoader/Mixin) architectury.mixins.json:client.MixinClientPacketListener from mod architectury->@Inject::handleLogin(Lnet/minecraft/network/packet/s2c/play/GameJoinS2CPacket;Lorg/spongepowered/asm/mixin/injection/callback/CallbackInfo;)V won't be passed a CallbackInfo as a result
[15:32:09] [Render thread/DEBUG] (FabricLoader/Mixin) architectury.mixins.json:client.MixinClientPacketListener from mod architectury->@Inject::handleRespawnPre(Lnet/minecraft/network/packet/s2c/play/PlayerRespawnS2CPacket;Lorg/spongepowered/asm/mixin/injection/callback/CallbackInfo;)V doesn't use it's CallbackInfo
[15:32:09] [Render thread/DEBUG] (FabricLoader/Mixin) architectury.mixins.json:client.MixinClientPacketListener from mod architectury->@Inject::handleRespawnPre(Lnet/minecraft/network/packet/s2c/play/PlayerRespawnS2CPacket;Lorg/spongepowered/asm/mixin/injection/callback/CallbackInfo;)V has 0 override(s) in child classes
[15:32:09] [Render thread/DEBUG] (FabricLoader/Mixin) architectury.mixins.json:client.MixinClientPacketListener from mod architectury->@Inject::handleRespawnPre(Lnet/minecraft/network/packet/s2c/play/PlayerRespawnS2CPacket;Lorg/spongepowered/asm/mixin/injection/callback/CallbackInfo;)V won't be passed a CallbackInfo as a result
[15:32:09] [Render thread/DEBUG] (FabricLoader/Mixin) architectury.mixins.json:client.MixinClientPacketListener from mod architectury->@Inject::handleRespawn(Lnet/minecraft/network/packet/s2c/play/PlayerRespawnS2CPacket;Lorg/spongepowered/asm/mixin/injection/callback/CallbackInfo;)V doesn't use it's CallbackInfo
[15:32:09] [Render thread/DEBUG] (FabricLoader/Mixin) architectury.mixins.json:client.MixinClientPacketListener from mod architectury->@Inject::handleRespawn(Lnet/minecraft/network/packet/s2c/play/PlayerRespawnS2CPacket;Lorg/spongepowered/asm/mixin/injection/callback/CallbackInfo;)V has 0 override(s) in child classes
[15:32:09] [Render thread/DEBUG] (FabricLoader/Mixin) architectury.mixins.json:client.MixinClientPacketListener from mod architectury->@Inject::handleRespawn(Lnet/minecraft/network/packet/s2c/play/PlayerRespawnS2CPacket;Lorg/spongepowered/asm/mixin/injection/callback/CallbackInfo;)V won't be passed a CallbackInfo as a result
[15:32:09] [Render thread/DEBUG] (FabricLoader/Mixin) architectury.mixins.json:client.MixinClientPacketListener from mod architectury->@Inject::handleUpdateRecipes(Lnet/minecraft/network/packet/s2c/play/SynchronizeRecipesS2CPacket;Lorg/spongepowered/asm/mixin/injection/callback/CallbackInfo;)V doesn't use it's CallbackInfo
[15:32:09] [Render thread/DEBUG] (FabricLoader/Mixin) architectury.mixins.json:client.MixinClientPacketListener from mod architectury->@Inject::handleUpdateRecipes(Lnet/minecraft/network/packet/s2c/play/SynchronizeRecipesS2CPacket;Lorg/spongepowered/asm/mixin/injection/callback/CallbackInfo;)V has 0 override(s) in child classes
[15:32:09] [Render thread/DEBUG] (FabricLoader/Mixin) architectury.mixins.json:client.MixinClientPacketListener from mod architectury->@Inject::handleUpdateRecipes(Lnet/minecraft/network/packet/s2c/play/SynchronizeRecipesS2CPacket;Lorg/spongepowered/asm/mixin/injection/callback/CallbackInfo;)V won't be passed a CallbackInfo as a result
[15:32:09] [Render thread/DEBUG] (FabricLoader/Mixin) architectury.mixins.json:client.MixinClientPacketListener from mod architectury->@Inject::handleRecipeBookAdd(Lnet/minecraft/network/packet/s2c/play/RecipeBookAddS2CPacket;Lorg/spongepowered/asm/mixin/injection/callback/CallbackInfo;)V doesn't use it's CallbackInfo
[15:32:09] [Render thread/DEBUG] (FabricLoader/Mixin) architectury.mixins.json:client.MixinClientPacketListener from mod architectury->@Inject::handleRecipeBookAdd(Lnet/minecraft/network/packet/s2c/play/RecipeBookAddS2CPacket;Lorg/spongepowered/asm/mixin/injection/callback/CallbackInfo;)V has 0 override(s) in child classes
[15:32:09] [Render thread/DEBUG] (FabricLoader/Mixin) architectury.mixins.json:client.MixinClientPacketListener from mod architectury->@Inject::handleRecipeBookAdd(Lnet/minecraft/network/packet/s2c/play/RecipeBookAddS2CPacket;Lorg/spongepowered/asm/mixin/injection/callback/CallbackInfo;)V won't be passed a CallbackInfo as a result
[15:32:09] [Render thread/DEBUG] (FabricLoader/Mixin) architectury.mixins.json:client.MixinClientPacketListener from mod architectury->@Inject::handleRecipeBookRemove(Lnet/minecraft/network/packet/s2c/play/RecipeBookRemoveS2CPacket;Lorg/spongepowered/asm/mixin/injection/callback/CallbackInfo;)V doesn't use it's CallbackInfo
[15:32:09] [Render thread/DEBUG] (FabricLoader/Mixin) architectury.mixins.json:client.MixinClientPacketListener from mod architectury->@Inject::handleRecipeBookRemove(Lnet/minecraft/network/packet/s2c/play/RecipeBookRemoveS2CPacket;Lorg/spongepowered/asm/mixin/injection/callback/CallbackInfo;)V has 0 override(s) in child classes
[15:32:09] [Render thread/DEBUG] (FabricLoader/Mixin) architectury.mixins.json:client.MixinClientPacketListener from mod architectury->@Inject::handleRecipeBookRemove(Lnet/minecraft/network/packet/s2c/play/RecipeBookRemoveS2CPacket;Lorg/spongepowered/asm/mixin/injection/callback/CallbackInfo;)V won't be passed a CallbackInfo as a result
[15:32:09] [Render thread/DEBUG] (FabricLoader/Mixin) architectury.mixins.json:client.MixinClientPacketListener from mod architectury->@Inject::chat(Ljava/lang/String;Lorg/spongepowered/asm/mixin/injection/callback/CallbackInfo;)V does use it's CallbackInfo
[15:32:09] [Render thread/DEBUG] (FabricLoader/Mixin) Mixing accessor.ClientCommonNetworkHandlerAccessor from fabric-networking-api-v1.client.mixins.json into net.minecraft.client.network.ClientCommonNetworkHandler
[15:32:09] [Render thread/DEBUG] (FabricLoader/Mixin) Mixing ClientCommonNetworkHandlerMixin from fabric-networking-api-v1.client.mixins.json into net.minecraft.client.network.ClientCommonNetworkHandler
[15:32:09] [Render thread/DEBUG] (FabricLoader/Mixin) fabric-networking-api-v1.client.mixins.json:ClientCommonNetworkHandlerMixin from mod fabric-networking-api-v1->@Inject::onCustomPayload(Lnet/minecraft/network/packet/s2c/common/CustomPayloadS2CPacket;Lorg/spongepowered/asm/mixin/injection/callback/CallbackInfo;)V does use it's CallbackInfo
[15:32:09] [Render thread/DEBUG] (FabricLoader/Mixin) Mixing ClientConfigurationNetworkHandlerMixin from fabric-networking-api-v1.client.mixins.json into net.minecraft.client.network.ClientConfigurationNetworkHandler
[15:32:09] [Render thread/DEBUG] (FabricLoader/Mixin) Mixing accessor.ClientConfigurationNetworkHandlerAccessor from fabric-networking-api-v1.client.mixins.json into net.minecraft.client.network.ClientConfigurationNetworkHandler
[15:32:09] [Render thread/DEBUG] (FabricLoader/Mixin) Mixing ClientConfigurationNetworkHandlerMixin from fabric-lifecycle-events-v1.client.mixins.json into net.minecraft.client.network.ClientConfigurationNetworkHandler
[15:32:09] [Render thread/DEBUG] (FabricLoader/Mixin) fabric-networking-api-v1.client.mixins.json:ClientConfigurationNetworkHandlerMixin from mod fabric-networking-api-v1->@Inject::initAddon(Lorg/spongepowered/asm/mixin/injection/callback/CallbackInfo;)V doesn't use it's CallbackInfo
[15:32:09] [Render thread/DEBUG] (FabricLoader/Mixin) fabric-networking-api-v1.client.mixins.json:ClientConfigurationNetworkHandlerMixin from mod fabric-networking-api-v1->@Inject::initAddon(Lorg/spongepowered/asm/mixin/injection/callback/CallbackInfo;)V has 0 override(s) in child classes
[15:32:09] [Render thread/DEBUG] (FabricLoader/Mixin) fabric-networking-api-v1.client.mixins.json:ClientConfigurationNetworkHandlerMixin from mod fabric-networking-api-v1->@Inject::initAddon(Lorg/spongepowered/asm/mixin/injection/callback/CallbackInfo;)V won't be passed a CallbackInfo as a result
[15:32:09] [Render thread/DEBUG] (FabricLoader/Mixin) fabric-networking-api-v1.client.mixins.json:ClientConfigurationNetworkHandlerMixin from mod fabric-networking-api-v1->@Inject::handleComplete(Lnet/minecraft/network/packet/s2c/config/ReadyS2CPacket;Lorg/spongepowered/asm/mixin/injection/callback/CallbackInfo;)V doesn't use it's CallbackInfo
[15:32:09] [Render thread/DEBUG] (FabricLoader/Mixin) fabric-networking-api-v1.client.mixins.json:ClientConfigurationNetworkHandlerMixin from mod fabric-networking-api-v1->@Inject::handleComplete(Lnet/minecraft/network/packet/s2c/config/ReadyS2CPacket;Lorg/spongepowered/asm/mixin/injection/callback/CallbackInfo;)V has 0 override(s) in child classes
[15:32:09] [Render thread/DEBUG] (FabricLoader/Mixin) fabric-networking-api-v1.client.mixins.json:ClientConfigurationNetworkHandlerMixin from mod fabric-networking-api-v1->@Inject::handleComplete(Lnet/minecraft/network/packet/s2c/config/ReadyS2CPacket;Lorg/spongepowered/asm/mixin/injection/callback/CallbackInfo;)V won't be passed a CallbackInfo as a result
[15:32:09] [Render thread/DEBUG] (FabricLoader/Mixin) fabric-lifecycle-events-v1.client.mixins.json:ClientConfigurationNetworkHandlerMixin from mod fabric-lifecycle-events-v1->@Inject::invokeTagsLoaded(Lnet/minecraft/resource/ResourceFactory;Lorg/spongepowered/asm/mixin/injection/callback/CallbackInfoReturnable;)V does use it's CallbackInfoReturnable
[15:32:09] [Render thread/DEBUG] (FabricLoader/Mixin) Mixing accessor.ClientLoginNetworkHandlerAccessor from fabric-networking-api-v1.client.mixins.json into net.minecraft.client.network.ClientLoginNetworkHandler
[15:32:09] [Render thread/DEBUG] (FabricLoader/Mixin) Mixing ClientLoginNetworkHandlerMixin from fabric-networking-api-v1.client.mixins.json into net.minecraft.client.network.ClientLoginNetworkHandler
[15:32:09] [Render thread/DEBUG] (FabricLoader/Mixin) fabric-networking-api-v1.client.mixins.json:ClientLoginNetworkHandlerMixin from mod fabric-networking-api-v1->@Inject::initAddon(Lorg/spongepowered/asm/mixin/injection/callback/CallbackInfo;)V doesn't use it's CallbackInfo
[15:32:09] [Render thread/DEBUG] (FabricLoader/Mixin) fabric-networking-api-v1.client.mixins.json:ClientLoginNetworkHandlerMixin from mod fabric-networking-api-v1->@Inject::initAddon(Lorg/spongepowered/asm/mixin/injection/callback/CallbackInfo;)V has 0 override(s) in child classes
[15:32:09] [Render thread/DEBUG] (FabricLoader/Mixin) fabric-networking-api-v1.client.mixins.json:ClientLoginNetworkHandlerMixin from mod fabric-networking-api-v1->@Inject::initAddon(Lorg/spongepowered/asm/mixin/injection/callback/CallbackInfo;)V won't be passed a CallbackInfo as a result
[15:32:09] [Render thread/DEBUG] (FabricLoader/Mixin) fabric-networking-api-v1.client.mixins.json:ClientLoginNetworkHandlerMixin from mod fabric-networking-api-v1->@Inject::handleQueryRequest(Lnet/minecraft/network/packet/s2c/login/LoginQueryRequestS2CPacket;Lorg/spongepowered/asm/mixin/injection/callback/CallbackInfo;)V does use it's CallbackInfo
[15:32:09] [Render thread/DEBUG] (FabricLoader/Mixin) Mixing BlockStateModelUnbakedMixin from fabric-model-loading-api-v1.mixins.json into net.minecraft.client.render.model.BlockStateModel$Unbaked
[15:32:09] [Render thread/DEBUG] (FabricLoader/Mixin) Mixing client.block.model.BlockStateModelMixin from fabric-renderer-api-v1.mixins.json into net.minecraft.client.render.model.BlockStateModel
[15:32:09] [Render thread/DEBUG] (FabricLoader/Mixin) Mixing client.block.model.BlockModelPartMixin from fabric-renderer-api-v1.mixins.json into net.minecraft.client.render.model.BlockModelPart
[15:32:09] [Render thread/DEBUG] (FabricLoader/Mixin) Mixing client.block.model.SimpleBlockStateModelMixin from fabric-renderer-api-v1.mixins.json into net.minecraft.client.render.model.SimpleBlockStateModel
[15:32:09] [Render thread/INFO] (net.fabricmc.fabric.impl.client.indigo.Indigo) [Indigo] Registering Indigo renderer!
[15:32:09] [Render thread/DEBUG] (FabricLoader/Mixin) Mixing client.block.render.RenderCommandQueueMixin from fabric-renderer-api-v1.mixins.json into net.minecraft.client.render.command.RenderCommandQueue
[15:32:09] [Render thread/DEBUG] (FabricLoader/Mixin) Mixing KeyBindingCategoryMixin from fabric-key-binding-api-v1.mixins.json into net.minecraft.client.option.KeyBinding$Category
[15:32:09] [Render thread/DEBUG] (FabricLoader/Mixin) fabric-key-binding-api-v1.mixins.json:KeyBindingCategoryMixin from mod fabric-key-binding-api-v1->@Inject::onReturnRegister(Lnet/minecraft/util/Identifier;Lorg/spongepowered/asm/mixin/injection/callback/CallbackInfoReturnable;)V doesn't use it's CallbackInfoReturnable
[15:32:09] [Render thread/DEBUG] (FabricLoader/Mixin) Mixing EntityTrackerEntryMixin from fabric-networking-api-v1.mixins.json into net.minecraft.server.network.EntityTrackerEntry
[15:32:09] [Render thread/DEBUG] (FabricLoader/Mixin) fabric-networking-api-v1.mixins.json:EntityTrackerEntryMixin from mod fabric-networking-api-v1->@Inject::onStartTracking(Lnet/minecraft/server/network/ServerPlayerEntity;Lorg/spongepowered/asm/mixin/injection/callback/CallbackInfo;)V doesn't use it's CallbackInfo
[15:32:09] [Render thread/DEBUG] (FabricLoader/Mixin) fabric-networking-api-v1.mixins.json:EntityTrackerEntryMixin from mod fabric-networking-api-v1->@Inject::onStartTracking(Lnet/minecraft/server/network/ServerPlayerEntity;Lorg/spongepowered/asm/mixin/injection/callback/CallbackInfo;)V has 0 override(s) in child classes
[15:32:09] [Render thread/DEBUG] (FabricLoader/Mixin) fabric-networking-api-v1.mixins.json:EntityTrackerEntryMixin from mod fabric-networking-api-v1->@Inject::onStartTracking(Lnet/minecraft/server/network/ServerPlayerEntity;Lorg/spongepowered/asm/mixin/injection/callback/CallbackInfo;)V won't be passed a CallbackInfo as a result
[15:32:09] [Render thread/DEBUG] (FabricLoader/Mixin) fabric-networking-api-v1.mixins.json:EntityTrackerEntryMixin from mod fabric-networking-api-v1->@Inject::onStopTracking(Lnet/minecraft/server/network/ServerPlayerEntity;Lorg/spongepowered/asm/mixin/injection/callback/CallbackInfo;)V doesn't use it's CallbackInfo
[15:32:09] [Render thread/DEBUG] (FabricLoader/Mixin) fabric-networking-api-v1.mixins.json:EntityTrackerEntryMixin from mod fabric-networking-api-v1->@Inject::onStopTracking(Lnet/minecraft/server/network/ServerPlayerEntity;Lorg/spongepowered/asm/mixin/injection/callback/CallbackInfo;)V has 0 override(s) in child classes
[15:32:09] [Render thread/DEBUG] (FabricLoader/Mixin) fabric-networking-api-v1.mixins.json:EntityTrackerEntryMixin from mod fabric-networking-api-v1->@Inject::onStopTracking(Lnet/minecraft/server/network/ServerPlayerEntity;Lorg/spongepowered/asm/mixin/injection/callback/CallbackInfo;)V won't be passed a CallbackInfo as a result
[15:32:09] [Render thread/INFO] (dev.architectury.networking.client.fabric.ClientNetworkManagerImpl) Registering S2C receiver with id architectury:spawn_entity_packet
[15:32:09] [Render thread/DEBUG] (FabricLoader/Mixin) Mixing SimpleRegistryTagLookup2Accessor from fabric-tag-api-v1.mixins.json into net.minecraft.registry.SimpleRegistry$TagLookup$2
[15:32:09] [Render thread/DEBUG] (FabricLoader/Mixin) Mixing GameOptionsMixin from fabric-resource-loader-v0.client.mixins.json into net.minecraft.client.option.GameOptions
[15:32:09] [Render thread/DEBUG] (FabricLoader/Mixin) Mixing GameOptionsMixin from fabric-key-binding-api-v1.mixins.json into net.minecraft.client.option.GameOptions
[15:32:09] [Render thread/DEBUG] (FabricLoader/Mixin) fabric-resource-loader-v0.client.mixins.json:GameOptionsMixin from mod fabric-resource-loader-v0->@Inject::onLoad(Lorg/spongepowered/asm/mixin/injection/callback/CallbackInfo;)V doesn't use it's CallbackInfo
[15:32:09] [Render thread/DEBUG] (FabricLoader/Mixin) fabric-resource-loader-v0.client.mixins.json:GameOptionsMixin from mod fabric-resource-loader-v0->@Inject::onLoad(Lorg/spongepowered/asm/mixin/injection/callback/CallbackInfo;)V has 0 override(s) in child classes
[15:32:09] [Render thread/DEBUG] (FabricLoader/Mixin) fabric-resource-loader-v0.client.mixins.json:GameOptionsMixin from mod fabric-resource-loader-v0->@Inject::onLoad(Lorg/spongepowered/asm/mixin/injection/callback/CallbackInfo;)V won't be passed a CallbackInfo as a result
[15:32:09] [Render thread/DEBUG] (FabricLoader/Mixin) fabric-resource-loader-v0.client.mixins.json:GameOptionsMixin from mod fabric-resource-loader-v0->@Inject::onLoad(Lorg/spongepowered/asm/mixin/injection/callback/CallbackInfo;)V doesn't use it's CallbackInfo
[15:32:09] [Render thread/DEBUG] (FabricLoader/Mixin) fabric-resource-loader-v0.client.mixins.json:GameOptionsMixin from mod fabric-resource-loader-v0->@Inject::onLoad(Lorg/spongepowered/asm/mixin/injection/callback/CallbackInfo;)V has 0 override(s) in child classes
[15:32:09] [Render thread/DEBUG] (FabricLoader/Mixin) fabric-resource-loader-v0.client.mixins.json:GameOptionsMixin from mod fabric-resource-loader-v0->@Inject::onLoad(Lorg/spongepowered/asm/mixin/injection/callback/CallbackInfo;)V won't be passed a CallbackInfo as a result
[15:32:09] [Render thread/DEBUG] (FabricLoader/Mixin) fabric-key-binding-api-v1.mixins.json:GameOptionsMixin from mod fabric-key-binding-api-v1->@Inject::loadHook(Lorg/spongepowered/asm/mixin/injection/callback/CallbackInfo;)V doesn't use it's CallbackInfo
[15:32:09] [Render thread/DEBUG] (FabricLoader/Mixin) fabric-key-binding-api-v1.mixins.json:GameOptionsMixin from mod fabric-key-binding-api-v1->@Inject::loadHook(Lorg/spongepowered/asm/mixin/injection/callback/CallbackInfo;)V has 0 override(s) in child classes
[15:32:09] [Render thread/DEBUG] (FabricLoader/Mixin) fabric-key-binding-api-v1.mixins.json:GameOptionsMixin from mod fabric-key-binding-api-v1->@Inject::loadHook(Lorg/spongepowered/asm/mixin/injection/callback/CallbackInfo;)V won't be passed a CallbackInfo as a result
[15:32:09] [Render thread/DEBUG] (FabricLoader/Mixin) Mixing SoundInstanceMixin from fabric-sound-api-v1.mixins.json into net.minecraft.client.sound.SoundInstance
[15:32:09] [Render thread/DEBUG] (FabricLoader/Mixin) Mixing ResourcePackProfileMixin from fabric-resource-conditions-api-v1.mixins.json into net.minecraft.resource.ResourcePackProfile
[15:32:09] [Render thread/DEBUG] (FabricLoader/Mixin) Mixing ResourcePackProfileMixin from fabric-resource-loader-v0.mixins.json into net.minecraft.resource.ResourcePackProfile
[15:32:09] [Render thread/DEBUG] (FabricLoader/Mixin) Renaming synthetic method lambda$static$0(Ljava/util/Set;)Z to md26369a$fabric-resource-loader-v0$lambda$static$0$0 in fabric-resource-loader-v0.mixins.json:ResourcePackProfileMixin from mod fabric-resource-loader-v0
[15:32:09] [Render thread/DEBUG] (FabricLoader/Mixin) fabric-resource-loader-v0.mixins.json:ResourcePackProfileMixin from mod fabric-resource-loader-v0->@Inject::onCreateResourcePack(Lorg/spongepowered/asm/mixin/injection/callback/CallbackInfoReturnable;)V does use it's CallbackInfoReturnable
[15:32:09] [Download-1/DEBUG] (com.mojang.authlib.yggdrasil.YggdrasilMinecraftSessionService) Couldn't fetch profile properties for c1896c31-8159-3c75-9e16-fc454b66b2cc as the profile does not exist
[15:32:09] [Download-2/ERROR] (net.minecraft.client.MinecraftClient) Failed to fetch user properties
com.mojang.authlib.exceptions.InvalidCredentialsException: Status: 401
	at knot/com.mojang.authlib.exceptions.MinecraftClientHttpException.toAuthenticationException(MinecraftClientHttpException.java:59) ~[authlib-7.0.61.jar:?]
	at knot/com.mojang.authlib.yggdrasil.YggdrasilUserApiService.fetchProperties(YggdrasilUserApiService.java:150) ~[authlib-7.0.61.jar:?]
	at knot/net.minecraft.client.MinecraftClient.method_55608(MinecraftClient.java:531) ~[minecraft-merged-0649bd5f2c-1.21.9-loom.mappings.1_21_9.layered+hash.1356837008-v2.jar:?]
	at java.base/java.util.concurrent.CompletableFuture$AsyncSupply.run$$$capture(CompletableFuture.java:1768) ~[?:?]
	at java.base/java.util.concurrent.CompletableFuture$AsyncSupply.run(CompletableFuture.java) ~[?:?]
	at java.base/java.util.concurrent.ThreadPoolExecutor.runWorker(ThreadPoolExecutor.java:1144) ~[?:?]
	at java.base/java.util.concurrent.ThreadPoolExecutor$Worker.run(ThreadPoolExecutor.java:642) ~[?:?]
	at java.base/java.lang.Thread.run(Thread.java:1583) [?:?]
Caused by: com.mojang.authlib.exceptions.MinecraftClientHttpException: Status: 401
	at knot/com.mojang.authlib.minecraft.client.MinecraftClient.readInputStream(MinecraftClient.java:103) ~[authlib-7.0.61.jar:?]
	at knot/com.mojang.authlib.minecraft.client.MinecraftClient.get(MinecraftClient.java:56) ~[authlib-7.0.61.jar:?]
	at knot/com.mojang.authlib.yggdrasil.YggdrasilUserApiService.fetchProperties(YggdrasilUserApiService.java:121) ~[authlib-7.0.61.jar:?]
	... 6 more
[15:32:09] [Render thread/DEBUG] (FabricLoader/Mixin) Mixing GameOptionsWriteVisitorMixin from fabric-resource-loader-v0.client.mixins.json into net.minecraft.client.option.GameOptions$3
[15:32:09] [Render thread/INFO] (net.minecraft.client.MinecraftClient) Backend library: LWJGL version 3.3.3-snapshot
[15:32:09] [Render thread/DEBUG] (FabricLoader/Mixin) Mixing MouseMixin from fabric-screen-api-v1.mixins.json into net.minecraft.client.Mouse
[15:32:09] [Render thread/DEBUG] (FabricLoader/Mixin) Mixing client.MixinMouseHandler from architectury.mixins.json into net.minecraft.client.Mouse
[15:32:09] [Render thread/DEBUG] (FabricLoader/Mixin) architectury.mixins.json:client.MixinMouseHandler from mod architectury: Class version 65 required is higher than the class version supported by the current version of Mixin (JAVA_16 supports class version 60)
[15:32:09] [Render thread/DEBUG] (FabricLoader/Mixin) architectury.mixins.json:client.MixinMouseHandler from mod architectury->@Inject::onRawMouseScrolled(JDDLorg/spongepowered/asm/mixin/injection/callback/CallbackInfo;)V does use it's CallbackInfo
[15:32:09] [Render thread/DEBUG] (FabricLoader/Mixin) architectury.mixins.json:client.MixinMouseHandler from mod architectury->@Inject::onRawMouseClicked(JLnet/minecraft/client/input/MouseInput;ILorg/spongepowered/asm/mixin/injection/callback/CallbackInfo;)V does use it's CallbackInfo
[15:32:09] [Render thread/DEBUG] (FabricLoader/Mixin) architectury.mixins.json:client.MixinMouseHandler from mod architectury->@Inject::onRawMouseClickedPost(JLnet/minecraft/client/input/MouseInput;ILorg/spongepowered/asm/mixin/injection/callback/CallbackInfo;)V does use it's CallbackInfo
[15:32:09] [Render thread/DEBUG] (FabricLoader/Mixin) architectury.mixins.json:client.MixinMouseHandler from mod architectury->@Inject::onRawMouseClickedPost(JLnet/minecraft/client/input/MouseInput;ILorg/spongepowered/asm/mixin/injection/callback/CallbackInfo;)V does use it's CallbackInfo
[15:32:09] [Render thread/DEBUG] (FabricLoader/Mixin) architectury.mixins.json:client.MixinMouseHandler from mod architectury->@Inject::onRawMouseClickedPost(JLnet/minecraft/client/input/MouseInput;ILorg/spongepowered/asm/mixin/injection/callback/CallbackInfo;)V does use it's CallbackInfo
[15:32:09] [Render thread/DEBUG] (FabricLoader/Mixin) architectury.mixins.json:client.MixinMouseHandler from mod architectury->@Inject::onRawMouseClickedPost(JLnet/minecraft/client/input/MouseInput;ILorg/spongepowered/asm/mixin/injection/callback/CallbackInfo;)V does use it's CallbackInfo
[15:32:09] [Render thread/DEBUG] (FabricLoader/Mixin) architectury.mixins.json:client.MixinMouseHandler from mod architectury->@Inject::onRawMouseClickedPost(JLnet/minecraft/client/input/MouseInput;ILorg/spongepowered/asm/mixin/injection/callback/CallbackInfo;)V does use it's CallbackInfo
[15:32:09] [Render thread/DEBUG] (FabricLoader/Mixin) architectury.mixins.json:client.MixinMouseHandler from mod architectury->@Inject::onRawMouseClickedPost(JLnet/minecraft/client/input/MouseInput;ILorg/spongepowered/asm/mixin/injection/callback/CallbackInfo;)V does use it's CallbackInfo
[15:32:09] [Render thread/DEBUG] (FabricLoader/Mixin) Mixing KeyboardMixin from fabric-screen-api-v1.mixins.json into net.minecraft.client.Keyboard
[15:32:09] [Render thread/DEBUG] (FabricLoader/Mixin) Mixing client.MixinKeyboardHandler from architectury.mixins.json into net.minecraft.client.Keyboard
[15:32:09] [Render thread/DEBUG] (FabricLoader/Mixin) architectury.mixins.json:client.MixinKeyboardHandler from mod architectury: Class version 65 required is higher than the class version supported by the current version of Mixin (JAVA_16 supports class version 60)
[15:32:09] [Render thread/DEBUG] (FabricLoader/Mixin) architectury.mixins.json:client.MixinKeyboardHandler from mod architectury->@Inject::onRawKey(JILnet/minecraft/client/input/KeyInput;Lorg/spongepowered/asm/mixin/injection/callback/CallbackInfo;)V does use it's CallbackInfo
[15:32:09] [Render thread/DEBUG] (FabricLoader/Mixin) architectury.mixins.json:client.MixinKeyboardHandler from mod architectury->@Inject::onRawKey(JILnet/minecraft/client/input/KeyInput;Lorg/spongepowered/asm/mixin/injection/callback/CallbackInfo;)V does use it's CallbackInfo
[15:32:09] [Render thread/DEBUG] (FabricLoader/Mixin) architectury.mixins.json:client.MixinKeyboardHandler from mod architectury->@Inject::onRawKey(JILnet/minecraft/client/input/KeyInput;Lorg/spongepowered/asm/mixin/injection/callback/CallbackInfo;)V does use it's CallbackInfo
[15:32:09] [Render thread/DEBUG] (FabricLoader/Mixin) architectury.mixins.json:client.MixinKeyboardHandler from mod architectury->@Inject::onRawKey(JILnet/minecraft/client/input/KeyInput;Lorg/spongepowered/asm/mixin/injection/callback/CallbackInfo;)V does use it's CallbackInfo
[15:32:09] [Render thread/DEBUG] (FabricLoader/Mixin) architectury.mixins.json:client.MixinKeyboardHandler from mod architectury->@Inject::onRawKey(JILnet/minecraft/client/input/KeyInput;Lorg/spongepowered/asm/mixin/injection/callback/CallbackInfo;)V does use it's CallbackInfo
[15:32:09] [Render thread/DEBUG] (FabricLoader/Mixin) architectury.mixins.json:client.MixinKeyboardHandler from mod architectury->@Inject::onRawKey(JILnet/minecraft/client/input/KeyInput;Lorg/spongepowered/asm/mixin/injection/callback/CallbackInfo;)V does use it's CallbackInfo
[15:32:09] [Render thread/DEBUG] (FabricLoader/Mixin) architectury.mixins.json:client.MixinKeyboardHandler from mod architectury->@Inject::onRawKey(JILnet/minecraft/client/input/KeyInput;Lorg/spongepowered/asm/mixin/injection/callback/CallbackInfo;)V does use it's CallbackInfo
[15:32:09] [Render thread/DEBUG] (oshi.util.FileUtil) Reading file /sys/devices/system/cpu/cpu0/topology/core_id
[15:32:09] [Render thread/DEBUG] (oshi.util.FileUtil) Reading file /sys/devices/system/cpu/cpu0/topology/core_id
[15:32:09] [Render thread/DEBUG] (oshi.util.FileUtil) Reading file /sys/devices/system/cpu/cpu0/topology/physical_package_id
[15:32:09] [Render thread/DEBUG] (oshi.util.FileUtil) Reading file /sys/devices/system/cpu/cpu0/topology/physical_package_id
[15:32:09] [Render thread/DEBUG] (oshi.util.FileUtil) Reading file /sys/devices/system/cpu/cpu0/cpu_capacity
[15:32:09] [Render thread/DEBUG] (oshi.util.FileUtil) Reading file /sys/devices/system/cpu/cpu0/cache/index2/level
[15:32:09] [Render thread/DEBUG] (oshi.util.FileUtil) Reading file /sys/devices/system/cpu/cpu0/cache/index2/level
[15:32:09] [Render thread/DEBUG] (oshi.util.FileUtil) Reading file /sys/devices/system/cpu/cpu0/cache/index2/type
[15:32:09] [Render thread/DEBUG] (oshi.util.FileUtil) Reading file /sys/devices/system/cpu/cpu0/cache/index2/type
[15:32:09] [Render thread/DEBUG] (oshi.util.FileUtil) Reading file /sys/devices/system/cpu/cpu0/cache/index2/ways_of_associativity
[15:32:09] [Render thread/DEBUG] (oshi.util.FileUtil) Reading file /sys/devices/system/cpu/cpu0/cache/index2/ways_of_associativity
[15:32:09] [Render thread/DEBUG] (oshi.util.FileUtil) Reading file /sys/devices/system/cpu/cpu0/cache/index2/coherency_line_size
[15:32:09] [Render thread/DEBUG] (oshi.util.FileUtil) Reading file /sys/devices/system/cpu/cpu0/cache/index2/coherency_line_size
[15:32:09] [Render thread/DEBUG] (oshi.util.FileUtil) Reading file /sys/devices/system/cpu/cpu0/cache/index2/size
[15:32:09] [Render thread/DEBUG] (oshi.util.FileUtil) Reading file /sys/devices/system/cpu/cpu0/cache/index2/size
[15:32:09] [Render thread/DEBUG] (oshi.util.FileUtil) Reading file /sys/devices/system/cpu/cpu0/cache/index0/level
[15:32:09] [Render thread/DEBUG] (oshi.util.FileUtil) Reading file /sys/devices/system/cpu/cpu0/cache/index0/level
[15:32:09] [Render thread/DEBUG] (oshi.util.FileUtil) Reading file /sys/devices/system/cpu/cpu0/cache/index0/type
[15:32:09] [Render thread/DEBUG] (oshi.util.FileUtil) Reading file /sys/devices/system/cpu/cpu0/cache/index0/type
[15:32:09] [Render thread/DEBUG] (oshi.util.FileUtil) Reading file /sys/devices/system/cpu/cpu0/cache/index0/ways_of_associativity
[15:32:09] [Render thread/DEBUG] (oshi.util.FileUtil) Reading file /sys/devices/system/cpu/cpu0/cache/index0/ways_of_associativity
[15:32:09] [Render thread/DEBUG] (oshi.util.FileUtil) Reading file /sys/devices/system/cpu/cpu0/cache/index0/coherency_line_size
[15:32:09] [Render thread/DEBUG] (oshi.util.FileUtil) Reading file /sys/devices/system/cpu/cpu0/cache/index0/coherency_line_size
[15:32:09] [Render thread/DEBUG] (oshi.util.FileUtil) Reading file /sys/devices/system/cpu/cpu0/cache/index0/size
[15:32:09] [Render thread/DEBUG] (oshi.util.FileUtil) Reading file /sys/devices/system/cpu/cpu0/cache/index0/size
[15:32:09] [Render thread/DEBUG] (oshi.util.FileUtil) Reading file /sys/devices/system/cpu/cpu0/cache/index3/level
[15:32:09] [Render thread/DEBUG] (oshi.util.FileUtil) Reading file /sys/devices/system/cpu/cpu0/cache/index3/level
[15:32:09] [Render thread/DEBUG] (oshi.util.FileUtil) Reading file /sys/devices/system/cpu/cpu0/cache/index3/type
[15:32:09] [Render thread/DEBUG] (oshi.util.FileUtil) Reading file /sys/devices/system/cpu/cpu0/cache/index3/type
[15:32:09] [Render thread/DEBUG] (oshi.util.FileUtil) Reading file /sys/devices/system/cpu/cpu0/cache/index3/ways_of_associativity
[15:32:09] [Render thread/DEBUG] (oshi.util.FileUtil) Reading file /sys/devices/system/cpu/cpu0/cache/index3/ways_of_associativity
[15:32:09] [Render thread/DEBUG] (oshi.util.FileUtil) Reading file /sys/devices/system/cpu/cpu0/cache/index3/coherency_line_size
[15:32:09] [Render thread/DEBUG] (oshi.util.FileUtil) Reading file /sys/devices/system/cpu/cpu0/cache/index3/coherency_line_size
[15:32:09] [Render thread/DEBUG] (oshi.util.FileUtil) Reading file /sys/devices/system/cpu/cpu0/cache/index3/size
[15:32:09] [Render thread/DEBUG] (oshi.util.FileUtil) Reading file /sys/devices/system/cpu/cpu0/cache/index3/size
[15:32:09] [Render thread/DEBUG] (oshi.util.FileUtil) Reading file /sys/devices/system/cpu/cpu0/cache/index1/level
[15:32:09] [Render thread/DEBUG] (oshi.util.FileUtil) Reading file /sys/devices/system/cpu/cpu0/cache/index1/level
[15:32:09] [Render thread/DEBUG] (oshi.util.FileUtil) Reading file /sys/devices/system/cpu/cpu0/cache/index1/type
[15:32:09] [Render thread/DEBUG] (oshi.util.FileUtil) Reading file /sys/devices/system/cpu/cpu0/cache/index1/type
[15:32:09] [Render thread/DEBUG] (oshi.util.FileUtil) Reading file /sys/devices/system/cpu/cpu0/cache/index1/ways_of_associativity
[15:32:09] [Render thread/DEBUG] (oshi.util.FileUtil) Reading file /sys/devices/system/cpu/cpu0/cache/index1/ways_of_associativity
[15:32:09] [Render thread/DEBUG] (oshi.util.FileUtil) Reading file /sys/devices/system/cpu/cpu0/cache/index1/coherency_line_size
[15:32:09] [Render thread/DEBUG] (oshi.util.FileUtil) Reading file /sys/devices/system/cpu/cpu0/cache/index1/coherency_line_size
[15:32:09] [Render thread/DEBUG] (oshi.util.FileUtil) Reading file /sys/devices/system/cpu/cpu0/cache/index1/size
[15:32:09] [Render thread/DEBUG] (oshi.util.FileUtil) Reading file /sys/devices/system/cpu/cpu0/cache/index1/size
[15:32:09] [Render thread/DEBUG] (oshi.util.FileUtil) Reading file /sys/devices/system/cpu/cpu1/topology/core_id
[15:32:09] [Render thread/DEBUG] (oshi.util.FileUtil) Reading file /sys/devices/system/cpu/cpu1/topology/core_id
[15:32:09] [Render thread/DEBUG] (oshi.util.FileUtil) Reading file /sys/devices/system/cpu/cpu1/topology/physical_package_id
[15:32:09] [Render thread/DEBUG] (oshi.util.FileUtil) Reading file /sys/devices/system/cpu/cpu1/topology/physical_package_id
[15:32:09] [Render thread/DEBUG] (oshi.util.FileUtil) Reading file /sys/devices/system/cpu/cpu1/cpu_capacity
[15:32:09] [Render thread/DEBUG] (oshi.util.FileUtil) Reading file /sys/devices/system/cpu/cpu1/cache/index2/level
[15:32:09] [Render thread/DEBUG] (oshi.util.FileUtil) Reading file /sys/devices/system/cpu/cpu1/cache/index2/level
[15:32:09] [Render thread/DEBUG] (oshi.util.FileUtil) Reading file /sys/devices/system/cpu/cpu1/cache/index2/type
[15:32:09] [Render thread/DEBUG] (oshi.util.FileUtil) Reading file /sys/devices/system/cpu/cpu1/cache/index2/type
[15:32:09] [Render thread/DEBUG] (oshi.util.FileUtil) Reading file /sys/devices/system/cpu/cpu1/cache/index2/ways_of_associativity
[15:32:09] [Render thread/DEBUG] (oshi.util.FileUtil) Reading file /sys/devices/system/cpu/cpu1/cache/index2/ways_of_associativity
[15:32:09] [Render thread/DEBUG] (oshi.util.FileUtil) Reading file /sys/devices/system/cpu/cpu1/cache/index2/coherency_line_size
[15:32:09] [Render thread/DEBUG] (oshi.util.FileUtil) Reading file /sys/devices/system/cpu/cpu1/cache/index2/coherency_line_size
[15:32:09] [Render thread/DEBUG] (oshi.util.FileUtil) Reading file /sys/devices/system/cpu/cpu1/cache/index2/size
[15:32:09] [Render thread/DEBUG] (oshi.util.FileUtil) Reading file /sys/devices/system/cpu/cpu1/cache/index2/size
[15:32:09] [Render thread/DEBUG] (oshi.util.FileUtil) Reading file /sys/devices/system/cpu/cpu1/cache/index0/level
[15:32:09] [Render thread/DEBUG] (oshi.util.FileUtil) Reading file /sys/devices/system/cpu/cpu1/cache/index0/level
[15:32:09] [Render thread/DEBUG] (oshi.util.FileUtil) Reading file /sys/devices/system/cpu/cpu1/cache/index0/type
[15:32:09] [Render thread/DEBUG] (oshi.util.FileUtil) Reading file /sys/devices/system/cpu/cpu1/cache/index0/type
[15:32:09] [Render thread/DEBUG] (oshi.util.FileUtil) Reading file /sys/devices/system/cpu/cpu1/cache/index0/ways_of_associativity
[15:32:09] [Render thread/DEBUG] (oshi.util.FileUtil) Reading file /sys/devices/system/cpu/cpu1/cache/index0/ways_of_associativity
[15:32:09] [Render thread/DEBUG] (oshi.util.FileUtil) Reading file /sys/devices/system/cpu/cpu1/cache/index0/coherency_line_size
[15:32:09] [Render thread/DEBUG] (oshi.util.FileUtil) Reading file /sys/devices/system/cpu/cpu1/cache/index0/coherency_line_size
[15:32:09] [Render thread/DEBUG] (oshi.util.FileUtil) Reading file /sys/devices/system/cpu/cpu1/cache/index0/size
[15:32:09] [Render thread/DEBUG] (oshi.util.FileUtil) Reading file /sys/devices/system/cpu/cpu1/cache/index0/size
[15:32:09] [Render thread/DEBUG] (oshi.util.FileUtil) Reading file /sys/devices/system/cpu/cpu1/cache/index3/level
[15:32:09] [Render thread/DEBUG] (oshi.util.FileUtil) Reading file /sys/devices/system/cpu/cpu1/cache/index3/level
[15:32:09] [Render thread/DEBUG] (oshi.util.FileUtil) Reading file /sys/devices/system/cpu/cpu1/cache/index3/type
[15:32:09] [Render thread/DEBUG] (oshi.util.FileUtil) Reading file /sys/devices/system/cpu/cpu1/cache/index3/type
[15:32:09] [Render thread/DEBUG] (oshi.util.FileUtil) Reading file /sys/devices/system/cpu/cpu1/cache/index3/ways_of_associativity
[15:32:09] [Render thread/DEBUG] (oshi.util.FileUtil) Reading file /sys/devices/system/cpu/cpu1/cache/index3/ways_of_associativity
[15:32:09] [Render thread/DEBUG] (oshi.util.FileUtil) Reading file /sys/devices/system/cpu/cpu1/cache/index3/coherency_line_size
[15:32:09] [Render thread/DEBUG] (oshi.util.FileUtil) Reading file /sys/devices/system/cpu/cpu1/cache/index3/coherency_line_size
[15:32:09] [Render thread/DEBUG] (oshi.util.FileUtil) Reading file /sys/devices/system/cpu/cpu1/cache/index3/size
[15:32:09] [Render thread/DEBUG] (oshi.util.FileUtil) Reading file /sys/devices/system/cpu/cpu1/cache/index3/size
[15:32:09] [Render thread/DEBUG] (oshi.util.FileUtil) Reading file /sys/devices/system/cpu/cpu1/cache/index1/level
[15:32:09] [Render thread/DEBUG] (oshi.util.FileUtil) Reading file /sys/devices/system/cpu/cpu1/cache/index1/level
[15:32:09] [Render thread/DEBUG] (oshi.util.FileUtil) Reading file /sys/devices/system/cpu/cpu1/cache/index1/type
[15:32:09] [Render thread/DEBUG] (oshi.util.FileUtil) Reading file /sys/devices/system/cpu/cpu1/cache/index1/type
[15:32:09] [Render thread/DEBUG] (oshi.util.FileUtil) Reading file /sys/devices/system/cpu/cpu1/cache/index1/ways_of_associativity
[15:32:09] [Render thread/DEBUG] (oshi.util.FileUtil) Reading file /sys/devices/system/cpu/cpu1/cache/index1/ways_of_associativity
[15:32:09] [Render thread/DEBUG] (oshi.util.FileUtil) Reading file /sys/devices/system/cpu/cpu1/cache/index1/coherency_line_size
[15:32:09] [Render thread/DEBUG] (oshi.util.FileUtil) Reading file /sys/devices/system/cpu/cpu1/cache/index1/coherency_line_size
[15:32:09] [Render thread/DEBUG] (oshi.util.FileUtil) Reading file /sys/devices/system/cpu/cpu1/cache/index1/size
[15:32:09] [Render thread/DEBUG] (oshi.util.FileUtil) Reading file /sys/devices/system/cpu/cpu1/cache/index1/size
[15:32:09] [Render thread/DEBUG] (oshi.util.FileUtil) Reading file /sys/devices/system/cpu/cpu10/topology/core_id
[15:32:09] [Render thread/DEBUG] (oshi.util.FileUtil) Reading file /sys/devices/system/cpu/cpu10/topology/core_id
[15:32:09] [Render thread/DEBUG] (oshi.util.FileUtil) Reading file /sys/devices/system/cpu/cpu10/topology/physical_package_id
[15:32:09] [Render thread/DEBUG] (oshi.util.FileUtil) Reading file /sys/devices/system/cpu/cpu10/topology/physical_package_id
[15:32:09] [Render thread/DEBUG] (oshi.util.FileUtil) Reading file /sys/devices/system/cpu/cpu10/cpu_capacity
[15:32:09] [Render thread/DEBUG] (oshi.util.FileUtil) Reading file /sys/devices/system/cpu/cpu10/cache/index2/level
[15:32:09] [Render thread/DEBUG] (oshi.util.FileUtil) Reading file /sys/devices/system/cpu/cpu10/cache/index2/level
[15:32:09] [Render thread/DEBUG] (oshi.util.FileUtil) Reading file /sys/devices/system/cpu/cpu10/cache/index2/type
[15:32:09] [Render thread/DEBUG] (oshi.util.FileUtil) Reading file /sys/devices/system/cpu/cpu10/cache/index2/type
[15:32:09] [Render thread/DEBUG] (oshi.util.FileUtil) Reading file /sys/devices/system/cpu/cpu10/cache/index2/ways_of_associativity
[15:32:09] [Render thread/DEBUG] (oshi.util.FileUtil) Reading file /sys/devices/system/cpu/cpu10/cache/index2/ways_of_associativity
[15:32:09] [Render thread/DEBUG] (oshi.util.FileUtil) Reading file /sys/devices/system/cpu/cpu10/cache/index2/coherency_line_size
[15:32:09] [Render thread/DEBUG] (oshi.util.FileUtil) Reading file /sys/devices/system/cpu/cpu10/cache/index2/coherency_line_size
[15:32:09] [Render thread/DEBUG] (oshi.util.FileUtil) Reading file /sys/devices/system/cpu/cpu10/cache/index2/size
[15:32:09] [Render thread/DEBUG] (oshi.util.FileUtil) Reading file /sys/devices/system/cpu/cpu10/cache/index2/size
[15:32:09] [Render thread/DEBUG] (oshi.util.FileUtil) Reading file /sys/devices/system/cpu/cpu10/cache/index0/level
[15:32:09] [Render thread/DEBUG] (oshi.util.FileUtil) Reading file /sys/devices/system/cpu/cpu10/cache/index0/level
[15:32:09] [Render thread/DEBUG] (oshi.util.FileUtil) Reading file /sys/devices/system/cpu/cpu10/cache/index0/type
[15:32:09] [Render thread/DEBUG] (oshi.util.FileUtil) Reading file /sys/devices/system/cpu/cpu10/cache/index0/type
[15:32:09] [Render thread/DEBUG] (oshi.util.FileUtil) Reading file /sys/devices/system/cpu/cpu10/cache/index0/ways_of_associativity
[15:32:09] [Render thread/DEBUG] (oshi.util.FileUtil) Reading file /sys/devices/system/cpu/cpu10/cache/index0/ways_of_associativity
[15:32:09] [Render thread/DEBUG] (oshi.util.FileUtil) Reading file /sys/devices/system/cpu/cpu10/cache/index0/coherency_line_size
[15:32:09] [Render thread/DEBUG] (oshi.util.FileUtil) Reading file /sys/devices/system/cpu/cpu10/cache/index0/coherency_line_size
[15:32:09] [Render thread/DEBUG] (oshi.util.FileUtil) Reading file /sys/devices/system/cpu/cpu10/cache/index0/size
[15:32:09] [Render thread/DEBUG] (oshi.util.FileUtil) Reading file /sys/devices/system/cpu/cpu10/cache/index0/size
[15:32:09] [Render thread/DEBUG] (oshi.util.FileUtil) Reading file /sys/devices/system/cpu/cpu10/cache/index3/level
[15:32:09] [Render thread/DEBUG] (oshi.util.FileUtil) Reading file /sys/devices/system/cpu/cpu10/cache/index3/level
[15:32:09] [Render thread/DEBUG] (oshi.util.FileUtil) Reading file /sys/devices/system/cpu/cpu10/cache/index3/type
[15:32:09] [Render thread/DEBUG] (oshi.util.FileUtil) Reading file /sys/devices/system/cpu/cpu10/cache/index3/type
[15:32:09] [Render thread/DEBUG] (oshi.util.FileUtil) Reading file /sys/devices/system/cpu/cpu10/cache/index3/ways_of_associativity
[15:32:09] [Render thread/DEBUG] (oshi.util.FileUtil) Reading file /sys/devices/system/cpu/cpu10/cache/index3/ways_of_associativity
[15:32:09] [Render thread/DEBUG] (oshi.util.FileUtil) Reading file /sys/devices/system/cpu/cpu10/cache/index3/coherency_line_size
[15:32:09] [Render thread/DEBUG] (oshi.util.FileUtil) Reading file /sys/devices/system/cpu/cpu10/cache/index3/coherency_line_size
[15:32:09] [Render thread/DEBUG] (oshi.util.FileUtil) Reading file /sys/devices/system/cpu/cpu10/cache/index3/size
[15:32:09] [Render thread/DEBUG] (oshi.util.FileUtil) Reading file /sys/devices/system/cpu/cpu10/cache/index3/size
[15:32:09] [Render thread/DEBUG] (oshi.util.FileUtil) Reading file /sys/devices/system/cpu/cpu10/cache/index1/level
[15:32:09] [Render thread/DEBUG] (oshi.util.FileUtil) Reading file /sys/devices/system/cpu/cpu10/cache/index1/level
[15:32:09] [Render thread/DEBUG] (oshi.util.FileUtil) Reading file /sys/devices/system/cpu/cpu10/cache/index1/type
[15:32:09] [Render thread/DEBUG] (oshi.util.FileUtil) Reading file /sys/devices/system/cpu/cpu10/cache/index1/type
[15:32:09] [Render thread/DEBUG] (oshi.util.FileUtil) Reading file /sys/devices/system/cpu/cpu10/cache/index1/ways_of_associativity
[15:32:09] [Render thread/DEBUG] (oshi.util.FileUtil) Reading file /sys/devices/system/cpu/cpu10/cache/index1/ways_of_associativity
[15:32:09] [Render thread/DEBUG] (oshi.util.FileUtil) Reading file /sys/devices/system/cpu/cpu10/cache/index1/coherency_line_size
[15:32:09] [Render thread/DEBUG] (oshi.util.FileUtil) Reading file /sys/devices/system/cpu/cpu10/cache/index1/coherency_line_size
[15:32:09] [Render thread/DEBUG] (oshi.util.FileUtil) Reading file /sys/devices/system/cpu/cpu10/cache/index1/size
[15:32:09] [Render thread/DEBUG] (oshi.util.FileUtil) Reading file /sys/devices/system/cpu/cpu10/cache/index1/size
[15:32:09] [Render thread/DEBUG] (oshi.util.FileUtil) Reading file /sys/devices/system/cpu/cpu11/topology/core_id
[15:32:09] [Render thread/DEBUG] (oshi.util.FileUtil) Reading file /sys/devices/system/cpu/cpu11/topology/core_id
[15:32:09] [Render thread/DEBUG] (oshi.util.FileUtil) Reading file /sys/devices/system/cpu/cpu11/topology/physical_package_id
[15:32:09] [Render thread/DEBUG] (oshi.util.FileUtil) Reading file /sys/devices/system/cpu/cpu11/topology/physical_package_id
[15:32:09] [Render thread/DEBUG] (oshi.util.FileUtil) Reading file /sys/devices/system/cpu/cpu11/cpu_capacity
[15:32:09] [Render thread/DEBUG] (oshi.util.FileUtil) Reading file /sys/devices/system/cpu/cpu11/cache/index2/level
[15:32:09] [Render thread/DEBUG] (oshi.util.FileUtil) Reading file /sys/devices/system/cpu/cpu11/cache/index2/level
[15:32:09] [Render thread/DEBUG] (oshi.util.FileUtil) Reading file /sys/devices/system/cpu/cpu11/cache/index2/type
[15:32:09] [Render thread/DEBUG] (oshi.util.FileUtil) Reading file /sys/devices/system/cpu/cpu11/cache/index2/type
[15:32:09] [Render thread/DEBUG] (oshi.util.FileUtil) Reading file /sys/devices/system/cpu/cpu11/cache/index2/ways_of_associativity
[15:32:09] [Render thread/DEBUG] (oshi.util.FileUtil) Reading file /sys/devices/system/cpu/cpu11/cache/index2/ways_of_associativity
[15:32:09] [Render thread/DEBUG] (oshi.util.FileUtil) Reading file /sys/devices/system/cpu/cpu11/cache/index2/coherency_line_size
[15:32:09] [Render thread/DEBUG] (oshi.util.FileUtil) Reading file /sys/devices/system/cpu/cpu11/cache/index2/coherency_line_size
[15:32:09] [Render thread/DEBUG] (oshi.util.FileUtil) Reading file /sys/devices/system/cpu/cpu11/cache/index2/size
[15:32:09] [Render thread/DEBUG] (oshi.util.FileUtil) Reading file /sys/devices/system/cpu/cpu11/cache/index2/size
[15:32:09] [Render thread/DEBUG] (oshi.util.FileUtil) Reading file /sys/devices/system/cpu/cpu11/cache/index0/level
[15:32:09] [Render thread/DEBUG] (oshi.util.FileUtil) Reading file /sys/devices/system/cpu/cpu11/cache/index0/level
[15:32:09] [Render thread/DEBUG] (oshi.util.FileUtil) Reading file /sys/devices/system/cpu/cpu11/cache/index0/type
[15:32:09] [Render thread/DEBUG] (oshi.util.FileUtil) Reading file /sys/devices/system/cpu/cpu11/cache/index0/type
[15:32:09] [Render thread/DEBUG] (oshi.util.FileUtil) Reading file /sys/devices/system/cpu/cpu11/cache/index0/ways_of_associativity
[15:32:09] [Render thread/DEBUG] (oshi.util.FileUtil) Reading file /sys/devices/system/cpu/cpu11/cache/index0/ways_of_associativity
[15:32:09] [Render thread/DEBUG] (oshi.util.FileUtil) Reading file /sys/devices/system/cpu/cpu11/cache/index0/coherency_line_size
[15:32:09] [Render thread/DEBUG] (oshi.util.FileUtil) Reading file /sys/devices/system/cpu/cpu11/cache/index0/coherency_line_size
[15:32:09] [Render thread/DEBUG] (oshi.util.FileUtil) Reading file /sys/devices/system/cpu/cpu11/cache/index0/size
[15:32:09] [Render thread/DEBUG] (oshi.util.FileUtil) Reading file /sys/devices/system/cpu/cpu11/cache/index0/size
[15:32:09] [Render thread/DEBUG] (oshi.util.FileUtil) Reading file /sys/devices/system/cpu/cpu11/cache/index3/level
[15:32:09] [Render thread/DEBUG] (oshi.util.FileUtil) Reading file /sys/devices/system/cpu/cpu11/cache/index3/level
[15:32:09] [Render thread/DEBUG] (oshi.util.FileUtil) Reading file /sys/devices/system/cpu/cpu11/cache/index3/type
[15:32:09] [Render thread/DEBUG] (oshi.util.FileUtil) Reading file /sys/devices/system/cpu/cpu11/cache/index3/type
[15:32:09] [Render thread/DEBUG] (oshi.util.FileUtil) Reading file /sys/devices/system/cpu/cpu11/cache/index3/ways_of_associativity
[15:32:09] [Render thread/DEBUG] (oshi.util.FileUtil) Reading file /sys/devices/system/cpu/cpu11/cache/index3/ways_of_associativity
[15:32:09] [Render thread/DEBUG] (oshi.util.FileUtil) Reading file /sys/devices/system/cpu/cpu11/cache/index3/coherency_line_size
[15:32:09] [Render thread/DEBUG] (oshi.util.FileUtil) Reading file /sys/devices/system/cpu/cpu11/cache/index3/coherency_line_size
[15:32:09] [Render thread/DEBUG] (oshi.util.FileUtil) Reading file /sys/devices/system/cpu/cpu11/cache/index3/size
[15:32:09] [Render thread/DEBUG] (oshi.util.FileUtil) Reading file /sys/devices/system/cpu/cpu11/cache/index3/size
[15:32:09] [Render thread/DEBUG] (oshi.util.FileUtil) Reading file /sys/devices/system/cpu/cpu11/cache/index1/level
[15:32:09] [Render thread/DEBUG] (oshi.util.FileUtil) Reading file /sys/devices/system/cpu/cpu11/cache/index1/level
[15:32:09] [Render thread/DEBUG] (oshi.util.FileUtil) Reading file /sys/devices/system/cpu/cpu11/cache/index1/type
[15:32:09] [Render thread/DEBUG] (oshi.util.FileUtil) Reading file /sys/devices/system/cpu/cpu11/cache/index1/type
[15:32:09] [Render thread/DEBUG] (oshi.util.FileUtil) Reading file /sys/devices/system/cpu/cpu11/cache/index1/ways_of_associativity
[15:32:09] [Render thread/DEBUG] (oshi.util.FileUtil) Reading file /sys/devices/system/cpu/cpu11/cache/index1/ways_of_associativity
[15:32:09] [Render thread/DEBUG] (oshi.util.FileUtil) Reading file /sys/devices/system/cpu/cpu11/cache/index1/coherency_line_size
[15:32:09] [Render thread/DEBUG] (oshi.util.FileUtil) Reading file /sys/devices/system/cpu/cpu11/cache/index1/coherency_line_size
[15:32:09] [Render thread/DEBUG] (oshi.util.FileUtil) Reading file /sys/devices/system/cpu/cpu11/cache/index1/size
[15:32:09] [Render thread/DEBUG] (oshi.util.FileUtil) Reading file /sys/devices/system/cpu/cpu11/cache/index1/size
[15:32:09] [Render thread/DEBUG] (oshi.util.FileUtil) Reading file /sys/devices/system/cpu/cpu2/topology/core_id
[15:32:09] [Render thread/DEBUG] (oshi.util.FileUtil) Reading file /sys/devices/system/cpu/cpu2/topology/core_id
[15:32:09] [Render thread/DEBUG] (oshi.util.FileUtil) Reading file /sys/devices/system/cpu/cpu2/topology/physical_package_id
[15:32:09] [Render thread/DEBUG] (oshi.util.FileUtil) Reading file /sys/devices/system/cpu/cpu2/topology/physical_package_id
[15:32:09] [Render thread/DEBUG] (oshi.util.FileUtil) Reading file /sys/devices/system/cpu/cpu2/cpu_capacity
[15:32:09] [Render thread/DEBUG] (oshi.util.FileUtil) Reading file /sys/devices/system/cpu/cpu2/cache/index2/level
[15:32:09] [Render thread/DEBUG] (oshi.util.FileUtil) Reading file /sys/devices/system/cpu/cpu2/cache/index2/level
[15:32:09] [Render thread/DEBUG] (oshi.util.FileUtil) Reading file /sys/devices/system/cpu/cpu2/cache/index2/type
[15:32:09] [Render thread/DEBUG] (oshi.util.FileUtil) Reading file /sys/devices/system/cpu/cpu2/cache/index2/type
[15:32:09] [Render thread/DEBUG] (oshi.util.FileUtil) Reading file /sys/devices/system/cpu/cpu2/cache/index2/ways_of_associativity
[15:32:09] [Render thread/DEBUG] (oshi.util.FileUtil) Reading file /sys/devices/system/cpu/cpu2/cache/index2/ways_of_associativity
[15:32:09] [Render thread/DEBUG] (oshi.util.FileUtil) Reading file /sys/devices/system/cpu/cpu2/cache/index2/coherency_line_size
[15:32:09] [Render thread/DEBUG] (oshi.util.FileUtil) Reading file /sys/devices/system/cpu/cpu2/cache/index2/coherency_line_size
[15:32:09] [Render thread/DEBUG] (oshi.util.FileUtil) Reading file /sys/devices/system/cpu/cpu2/cache/index2/size
[15:32:09] [Render thread/DEBUG] (oshi.util.FileUtil) Reading file /sys/devices/system/cpu/cpu2/cache/index2/size
[15:32:09] [Render thread/DEBUG] (oshi.util.FileUtil) Reading file /sys/devices/system/cpu/cpu2/cache/index0/level
[15:32:09] [Render thread/DEBUG] (oshi.util.FileUtil) Reading file /sys/devices/system/cpu/cpu2/cache/index0/level
[15:32:09] [Render thread/DEBUG] (oshi.util.FileUtil) Reading file /sys/devices/system/cpu/cpu2/cache/index0/type
[15:32:09] [Render thread/DEBUG] (oshi.util.FileUtil) Reading file /sys/devices/system/cpu/cpu2/cache/index0/type
[15:32:09] [Render thread/DEBUG] (oshi.util.FileUtil) Reading file /sys/devices/system/cpu/cpu2/cache/index0/ways_of_associativity
[15:32:09] [Render thread/DEBUG] (oshi.util.FileUtil) Reading file /sys/devices/system/cpu/cpu2/cache/index0/ways_of_associativity
[15:32:09] [Render thread/DEBUG] (oshi.util.FileUtil) Reading file /sys/devices/system/cpu/cpu2/cache/index0/coherency_line_size
[15:32:09] [Render thread/DEBUG] (oshi.util.FileUtil) Reading file /sys/devices/system/cpu/cpu2/cache/index0/coherency_line_size
[15:32:09] [Render thread/DEBUG] (oshi.util.FileUtil) Reading file /sys/devices/system/cpu/cpu2/cache/index0/size
[15:32:09] [Render thread/DEBUG] (oshi.util.FileUtil) Reading file /sys/devices/system/cpu/cpu2/cache/index0/size
[15:32:09] [Render thread/DEBUG] (oshi.util.FileUtil) Reading file /sys/devices/system/cpu/cpu2/cache/index3/level
[15:32:09] [Render thread/DEBUG] (oshi.util.FileUtil) Reading file /sys/devices/system/cpu/cpu2/cache/index3/level
[15:32:09] [Render thread/DEBUG] (oshi.util.FileUtil) Reading file /sys/devices/system/cpu/cpu2/cache/index3/type
[15:32:09] [Render thread/DEBUG] (oshi.util.FileUtil) Reading file /sys/devices/system/cpu/cpu2/cache/index3/type
[15:32:09] [Render thread/DEBUG] (oshi.util.FileUtil) Reading file /sys/devices/system/cpu/cpu2/cache/index3/ways_of_associativity
[15:32:09] [Render thread/DEBUG] (oshi.util.FileUtil) Reading file /sys/devices/system/cpu/cpu2/cache/index3/ways_of_associativity
[15:32:09] [Render thread/DEBUG] (oshi.util.FileUtil) Reading file /sys/devices/system/cpu/cpu2/cache/index3/coherency_line_size
[15:32:09] [Render thread/DEBUG] (oshi.util.FileUtil) Reading file /sys/devices/system/cpu/cpu2/cache/index3/coherency_line_size
[15:32:09] [Render thread/DEBUG] (oshi.util.FileUtil) Reading file /sys/devices/system/cpu/cpu2/cache/index3/size
[15:32:09] [Render thread/DEBUG] (oshi.util.FileUtil) Reading file /sys/devices/system/cpu/cpu2/cache/index3/size
[15:32:09] [Render thread/DEBUG] (oshi.util.FileUtil) Reading file /sys/devices/system/cpu/cpu2/cache/index1/level
[15:32:09] [Render thread/DEBUG] (oshi.util.FileUtil) Reading file /sys/devices/system/cpu/cpu2/cache/index1/level
[15:32:09] [Render thread/DEBUG] (oshi.util.FileUtil) Reading file /sys/devices/system/cpu/cpu2/cache/index1/type
[15:32:09] [Render thread/DEBUG] (oshi.util.FileUtil) Reading file /sys/devices/system/cpu/cpu2/cache/index1/type
[15:32:09] [Render thread/DEBUG] (oshi.util.FileUtil) Reading file /sys/devices/system/cpu/cpu2/cache/index1/ways_of_associativity
[15:32:09] [Render thread/DEBUG] (oshi.util.FileUtil) Reading file /sys/devices/system/cpu/cpu2/cache/index1/ways_of_associativity
[15:32:09] [Render thread/DEBUG] (oshi.util.FileUtil) Reading file /sys/devices/system/cpu/cpu2/cache/index1/coherency_line_size
[15:32:09] [Render thread/DEBUG] (oshi.util.FileUtil) Reading file /sys/devices/system/cpu/cpu2/cache/index1/coherency_line_size
[15:32:09] [Render thread/DEBUG] (oshi.util.FileUtil) Reading file /sys/devices/system/cpu/cpu2/cache/index1/size
[15:32:09] [Render thread/DEBUG] (oshi.util.FileUtil) Reading file /sys/devices/system/cpu/cpu2/cache/index1/size
[15:32:09] [Render thread/DEBUG] (oshi.util.FileUtil) Reading file /sys/devices/system/cpu/cpu3/topology/core_id
[15:32:09] [Render thread/DEBUG] (oshi.util.FileUtil) Reading file /sys/devices/system/cpu/cpu3/topology/core_id
[15:32:09] [Render thread/DEBUG] (oshi.util.FileUtil) Reading file /sys/devices/system/cpu/cpu3/topology/physical_package_id
[15:32:09] [Render thread/DEBUG] (oshi.util.FileUtil) Reading file /sys/devices/system/cpu/cpu3/topology/physical_package_id
[15:32:09] [Render thread/DEBUG] (oshi.util.FileUtil) Reading file /sys/devices/system/cpu/cpu3/cpu_capacity
[15:32:09] [Render thread/DEBUG] (oshi.util.FileUtil) Reading file /sys/devices/system/cpu/cpu3/cache/index2/level
[15:32:09] [Render thread/DEBUG] (oshi.util.FileUtil) Reading file /sys/devices/system/cpu/cpu3/cache/index2/level
[15:32:09] [Render thread/DEBUG] (oshi.util.FileUtil) Reading file /sys/devices/system/cpu/cpu3/cache/index2/type
[15:32:09] [Render thread/DEBUG] (oshi.util.FileUtil) Reading file /sys/devices/system/cpu/cpu3/cache/index2/type
[15:32:09] [Render thread/DEBUG] (oshi.util.FileUtil) Reading file /sys/devices/system/cpu/cpu3/cache/index2/ways_of_associativity
[15:32:09] [Render thread/DEBUG] (oshi.util.FileUtil) Reading file /sys/devices/system/cpu/cpu3/cache/index2/ways_of_associativity
[15:32:09] [Render thread/DEBUG] (oshi.util.FileUtil) Reading file /sys/devices/system/cpu/cpu3/cache/index2/coherency_line_size
[15:32:09] [Render thread/DEBUG] (oshi.util.FileUtil) Reading file /sys/devices/system/cpu/cpu3/cache/index2/coherency_line_size
[15:32:09] [Render thread/DEBUG] (oshi.util.FileUtil) Reading file /sys/devices/system/cpu/cpu3/cache/index2/size
[15:32:09] [Render thread/DEBUG] (oshi.util.FileUtil) Reading file /sys/devices/system/cpu/cpu3/cache/index2/size
[15:32:09] [Render thread/DEBUG] (oshi.util.FileUtil) Reading file /sys/devices/system/cpu/cpu3/cache/index0/level
[15:32:09] [Render thread/DEBUG] (oshi.util.FileUtil) Reading file /sys/devices/system/cpu/cpu3/cache/index0/level
[15:32:09] [Render thread/DEBUG] (oshi.util.FileUtil) Reading file /sys/devices/system/cpu/cpu3/cache/index0/type
[15:32:09] [Render thread/DEBUG] (oshi.util.FileUtil) Reading file /sys/devices/system/cpu/cpu3/cache/index0/type
[15:32:09] [Render thread/DEBUG] (oshi.util.FileUtil) Reading file /sys/devices/system/cpu/cpu3/cache/index0/ways_of_associativity
[15:32:09] [Render thread/DEBUG] (oshi.util.FileUtil) Reading file /sys/devices/system/cpu/cpu3/cache/index0/ways_of_associativity
[15:32:09] [Render thread/DEBUG] (oshi.util.FileUtil) Reading file /sys/devices/system/cpu/cpu3/cache/index0/coherency_line_size
[15:32:09] [Render thread/DEBUG] (oshi.util.FileUtil) Reading file /sys/devices/system/cpu/cpu3/cache/index0/coherency_line_size
[15:32:09] [Render thread/DEBUG] (oshi.util.FileUtil) Reading file /sys/devices/system/cpu/cpu3/cache/index0/size
[15:32:09] [Render thread/DEBUG] (oshi.util.FileUtil) Reading file /sys/devices/system/cpu/cpu3/cache/index0/size
[15:32:09] [Render thread/DEBUG] (oshi.util.FileUtil) Reading file /sys/devices/system/cpu/cpu3/cache/index3/level
[15:32:09] [Render thread/DEBUG] (oshi.util.FileUtil) Reading file /sys/devices/system/cpu/cpu3/cache/index3/level
[15:32:09] [Render thread/DEBUG] (oshi.util.FileUtil) Reading file /sys/devices/system/cpu/cpu3/cache/index3/type
[15:32:09] [Render thread/DEBUG] (oshi.util.FileUtil) Reading file /sys/devices/system/cpu/cpu3/cache/index3/type
[15:32:09] [Render thread/DEBUG] (oshi.util.FileUtil) Reading file /sys/devices/system/cpu/cpu3/cache/index3/ways_of_associativity
[15:32:09] [Render thread/DEBUG] (oshi.util.FileUtil) Reading file /sys/devices/system/cpu/cpu3/cache/index3/ways_of_associativity
[15:32:09] [Render thread/DEBUG] (oshi.util.FileUtil) Reading file /sys/devices/system/cpu/cpu3/cache/index3/coherency_line_size
[15:32:09] [Render thread/DEBUG] (oshi.util.FileUtil) Reading file /sys/devices/system/cpu/cpu3/cache/index3/coherency_line_size
[15:32:09] [Render thread/DEBUG] (oshi.util.FileUtil) Reading file /sys/devices/system/cpu/cpu3/cache/index3/size
[15:32:09] [Render thread/DEBUG] (oshi.util.FileUtil) Reading file /sys/devices/system/cpu/cpu3/cache/index3/size
[15:32:09] [Render thread/DEBUG] (oshi.util.FileUtil) Reading file /sys/devices/system/cpu/cpu3/cache/index1/level
[15:32:09] [Render thread/DEBUG] (oshi.util.FileUtil) Reading file /sys/devices/system/cpu/cpu3/cache/index1/level
[15:32:09] [Render thread/DEBUG] (oshi.util.FileUtil) Reading file /sys/devices/system/cpu/cpu3/cache/index1/type
[15:32:09] [Render thread/DEBUG] (oshi.util.FileUtil) Reading file /sys/devices/system/cpu/cpu3/cache/index1/type
[15:32:09] [Render thread/DEBUG] (oshi.util.FileUtil) Reading file /sys/devices/system/cpu/cpu3/cache/index1/ways_of_associativity
[15:32:09] [Render thread/DEBUG] (oshi.util.FileUtil) Reading file /sys/devices/system/cpu/cpu3/cache/index1/ways_of_associativity
[15:32:09] [Render thread/DEBUG] (oshi.util.FileUtil) Reading file /sys/devices/system/cpu/cpu3/cache/index1/coherency_line_size
[15:32:09] [Render thread/DEBUG] (oshi.util.FileUtil) Reading file /sys/devices/system/cpu/cpu3/cache/index1/coherency_line_size
[15:32:09] [Render thread/DEBUG] (oshi.util.FileUtil) Reading file /sys/devices/system/cpu/cpu3/cache/index1/size
[15:32:09] [Render thread/DEBUG] (oshi.util.FileUtil) Reading file /sys/devices/system/cpu/cpu3/cache/index1/size
[15:32:09] [Render thread/DEBUG] (oshi.util.FileUtil) Reading file /sys/devices/system/cpu/cpu4/topology/core_id
[15:32:09] [Render thread/DEBUG] (oshi.util.FileUtil) Reading file /sys/devices/system/cpu/cpu4/topology/core_id
[15:32:09] [Render thread/DEBUG] (oshi.util.FileUtil) Reading file /sys/devices/system/cpu/cpu4/topology/physical_package_id
[15:32:09] [Render thread/DEBUG] (oshi.util.FileUtil) Reading file /sys/devices/system/cpu/cpu4/topology/physical_package_id
[15:32:09] [Render thread/DEBUG] (oshi.util.FileUtil) Reading file /sys/devices/system/cpu/cpu4/cpu_capacity
[15:32:09] [Render thread/DEBUG] (oshi.util.FileUtil) Reading file /sys/devices/system/cpu/cpu4/cache/index2/level
[15:32:09] [Render thread/DEBUG] (oshi.util.FileUtil) Reading file /sys/devices/system/cpu/cpu4/cache/index2/level
[15:32:09] [Render thread/DEBUG] (oshi.util.FileUtil) Reading file /sys/devices/system/cpu/cpu4/cache/index2/type
[15:32:09] [Render thread/DEBUG] (oshi.util.FileUtil) Reading file /sys/devices/system/cpu/cpu4/cache/index2/type
[15:32:09] [Render thread/DEBUG] (oshi.util.FileUtil) Reading file /sys/devices/system/cpu/cpu4/cache/index2/ways_of_associativity
[15:32:09] [Render thread/DEBUG] (oshi.util.FileUtil) Reading file /sys/devices/system/cpu/cpu4/cache/index2/ways_of_associativity
[15:32:09] [Render thread/DEBUG] (oshi.util.FileUtil) Reading file /sys/devices/system/cpu/cpu4/cache/index2/coherency_line_size
[15:32:09] [Render thread/DEBUG] (oshi.util.FileUtil) Reading file /sys/devices/system/cpu/cpu4/cache/index2/coherency_line_size
[15:32:09] [Render thread/DEBUG] (oshi.util.FileUtil) Reading file /sys/devices/system/cpu/cpu4/cache/index2/size
[15:32:09] [Render thread/DEBUG] (oshi.util.FileUtil) Reading file /sys/devices/system/cpu/cpu4/cache/index2/size
[15:32:09] [Render thread/DEBUG] (oshi.util.FileUtil) Reading file /sys/devices/system/cpu/cpu4/cache/index0/level
[15:32:09] [Render thread/DEBUG] (oshi.util.FileUtil) Reading file /sys/devices/system/cpu/cpu4/cache/index0/level
[15:32:09] [Render thread/DEBUG] (oshi.util.FileUtil) Reading file /sys/devices/system/cpu/cpu4/cache/index0/type
[15:32:09] [Render thread/DEBUG] (oshi.util.FileUtil) Reading file /sys/devices/system/cpu/cpu4/cache/index0/type
[15:32:09] [Render thread/DEBUG] (oshi.util.FileUtil) Reading file /sys/devices/system/cpu/cpu4/cache/index0/ways_of_associativity
[15:32:09] [Render thread/DEBUG] (oshi.util.FileUtil) Reading file /sys/devices/system/cpu/cpu4/cache/index0/ways_of_associativity
[15:32:09] [Render thread/DEBUG] (oshi.util.FileUtil) Reading file /sys/devices/system/cpu/cpu4/cache/index0/coherency_line_size
[15:32:09] [Render thread/DEBUG] (oshi.util.FileUtil) Reading file /sys/devices/system/cpu/cpu4/cache/index0/coherency_line_size
[15:32:09] [Render thread/DEBUG] (oshi.util.FileUtil) Reading file /sys/devices/system/cpu/cpu4/cache/index0/size
[15:32:09] [Render thread/DEBUG] (oshi.util.FileUtil) Reading file /sys/devices/system/cpu/cpu4/cache/index0/size
[15:32:09] [Render thread/DEBUG] (oshi.util.FileUtil) Reading file /sys/devices/system/cpu/cpu4/cache/index3/level
[15:32:09] [Render thread/DEBUG] (oshi.util.FileUtil) Reading file /sys/devices/system/cpu/cpu4/cache/index3/level
[15:32:09] [Render thread/DEBUG] (oshi.util.FileUtil) Reading file /sys/devices/system/cpu/cpu4/cache/index3/type
[15:32:09] [Render thread/DEBUG] (oshi.util.FileUtil) Reading file /sys/devices/system/cpu/cpu4/cache/index3/type
[15:32:09] [Render thread/DEBUG] (oshi.util.FileUtil) Reading file /sys/devices/system/cpu/cpu4/cache/index3/ways_of_associativity
[15:32:09] [Render thread/DEBUG] (oshi.util.FileUtil) Reading file /sys/devices/system/cpu/cpu4/cache/index3/ways_of_associativity
[15:32:09] [Render thread/DEBUG] (oshi.util.FileUtil) Reading file /sys/devices/system/cpu/cpu4/cache/index3/coherency_line_size
[15:32:09] [Render thread/DEBUG] (oshi.util.FileUtil) Reading file /sys/devices/system/cpu/cpu4/cache/index3/coherency_line_size
[15:32:09] [Render thread/DEBUG] (oshi.util.FileUtil) Reading file /sys/devices/system/cpu/cpu4/cache/index3/size
[15:32:09] [Render thread/DEBUG] (oshi.util.FileUtil) Reading file /sys/devices/system/cpu/cpu4/cache/index3/size
[15:32:09] [Render thread/DEBUG] (oshi.util.FileUtil) Reading file /sys/devices/system/cpu/cpu4/cache/index1/level
[15:32:09] [Render thread/DEBUG] (oshi.util.FileUtil) Reading file /sys/devices/system/cpu/cpu4/cache/index1/level
[15:32:09] [Render thread/DEBUG] (oshi.util.FileUtil) Reading file /sys/devices/system/cpu/cpu4/cache/index1/type
[15:32:09] [Render thread/DEBUG] (oshi.util.FileUtil) Reading file /sys/devices/system/cpu/cpu4/cache/index1/type
[15:32:09] [Render thread/DEBUG] (oshi.util.FileUtil) Reading file /sys/devices/system/cpu/cpu4/cache/index1/ways_of_associativity
[15:32:09] [Render thread/DEBUG] (oshi.util.FileUtil) Reading file /sys/devices/system/cpu/cpu4/cache/index1/ways_of_associativity
[15:32:09] [Render thread/DEBUG] (oshi.util.FileUtil) Reading file /sys/devices/system/cpu/cpu4/cache/index1/coherency_line_size
[15:32:09] [Render thread/DEBUG] (oshi.util.FileUtil) Reading file /sys/devices/system/cpu/cpu4/cache/index1/coherency_line_size
[15:32:09] [Render thread/DEBUG] (oshi.util.FileUtil) Reading file /sys/devices/system/cpu/cpu4/cache/index1/size
[15:32:09] [Render thread/DEBUG] (oshi.util.FileUtil) Reading file /sys/devices/system/cpu/cpu4/cache/index1/size
[15:32:09] [Render thread/DEBUG] (oshi.util.FileUtil) Reading file /sys/devices/system/cpu/cpu5/topology/core_id
[15:32:09] [Render thread/DEBUG] (oshi.util.FileUtil) Reading file /sys/devices/system/cpu/cpu5/topology/core_id
[15:32:09] [Render thread/DEBUG] (oshi.util.FileUtil) Reading file /sys/devices/system/cpu/cpu5/topology/physical_package_id
[15:32:09] [Render thread/DEBUG] (oshi.util.FileUtil) Reading file /sys/devices/system/cpu/cpu5/topology/physical_package_id
[15:32:09] [Render thread/DEBUG] (oshi.util.FileUtil) Reading file /sys/devices/system/cpu/cpu5/cpu_capacity
[15:32:09] [Render thread/DEBUG] (oshi.util.FileUtil) Reading file /sys/devices/system/cpu/cpu5/cache/index2/level
[15:32:09] [Render thread/DEBUG] (oshi.util.FileUtil) Reading file /sys/devices/system/cpu/cpu5/cache/index2/level
[15:32:09] [Render thread/DEBUG] (oshi.util.FileUtil) Reading file /sys/devices/system/cpu/cpu5/cache/index2/type
[15:32:09] [Render thread/DEBUG] (oshi.util.FileUtil) Reading file /sys/devices/system/cpu/cpu5/cache/index2/type
[15:32:09] [Render thread/DEBUG] (oshi.util.FileUtil) Reading file /sys/devices/system/cpu/cpu5/cache/index2/ways_of_associativity
[15:32:09] [Render thread/DEBUG] (oshi.util.FileUtil) Reading file /sys/devices/system/cpu/cpu5/cache/index2/ways_of_associativity
[15:32:09] [Render thread/DEBUG] (oshi.util.FileUtil) Reading file /sys/devices/system/cpu/cpu5/cache/index2/coherency_line_size
[15:32:09] [Render thread/DEBUG] (oshi.util.FileUtil) Reading file /sys/devices/system/cpu/cpu5/cache/index2/coherency_line_size
[15:32:09] [Render thread/DEBUG] (oshi.util.FileUtil) Reading file /sys/devices/system/cpu/cpu5/cache/index2/size
[15:32:09] [Render thread/DEBUG] (oshi.util.FileUtil) Reading file /sys/devices/system/cpu/cpu5/cache/index2/size
[15:32:09] [Render thread/DEBUG] (oshi.util.FileUtil) Reading file /sys/devices/system/cpu/cpu5/cache/index0/level
[15:32:09] [Render thread/DEBUG] (oshi.util.FileUtil) Reading file /sys/devices/system/cpu/cpu5/cache/index0/level
[15:32:09] [Render thread/DEBUG] (oshi.util.FileUtil) Reading file /sys/devices/system/cpu/cpu5/cache/index0/type
[15:32:09] [Render thread/DEBUG] (oshi.util.FileUtil) Reading file /sys/devices/system/cpu/cpu5/cache/index0/type
[15:32:09] [Render thread/DEBUG] (oshi.util.FileUtil) Reading file /sys/devices/system/cpu/cpu5/cache/index0/ways_of_associativity
[15:32:09] [Render thread/DEBUG] (oshi.util.FileUtil) Reading file /sys/devices/system/cpu/cpu5/cache/index0/ways_of_associativity
[15:32:09] [Render thread/DEBUG] (oshi.util.FileUtil) Reading file /sys/devices/system/cpu/cpu5/cache/index0/coherency_line_size
[15:32:09] [Render thread/DEBUG] (oshi.util.FileUtil) Reading file /sys/devices/system/cpu/cpu5/cache/index0/coherency_line_size
[15:32:09] [Render thread/DEBUG] (oshi.util.FileUtil) Reading file /sys/devices/system/cpu/cpu5/cache/index0/size
[15:32:09] [Render thread/DEBUG] (oshi.util.FileUtil) Reading file /sys/devices/system/cpu/cpu5/cache/index0/size
[15:32:09] [Render thread/DEBUG] (oshi.util.FileUtil) Reading file /sys/devices/system/cpu/cpu5/cache/index3/level
[15:32:09] [Render thread/DEBUG] (oshi.util.FileUtil) Reading file /sys/devices/system/cpu/cpu5/cache/index3/level
[15:32:09] [Render thread/DEBUG] (oshi.util.FileUtil) Reading file /sys/devices/system/cpu/cpu5/cache/index3/type
[15:32:09] [Render thread/DEBUG] (oshi.util.FileUtil) Reading file /sys/devices/system/cpu/cpu5/cache/index3/type
[15:32:09] [Render thread/DEBUG] (oshi.util.FileUtil) Reading file /sys/devices/system/cpu/cpu5/cache/index3/ways_of_associativity
[15:32:09] [Render thread/DEBUG] (oshi.util.FileUtil) Reading file /sys/devices/system/cpu/cpu5/cache/index3/ways_of_associativity
[15:32:09] [Render thread/DEBUG] (oshi.util.FileUtil) Reading file /sys/devices/system/cpu/cpu5/cache/index3/coherency_line_size
[15:32:09] [Render thread/DEBUG] (oshi.util.FileUtil) Reading file /sys/devices/system/cpu/cpu5/cache/index3/coherency_line_size
[15:32:09] [Render thread/DEBUG] (oshi.util.FileUtil) Reading file /sys/devices/system/cpu/cpu5/cache/index3/size
[15:32:09] [Render thread/DEBUG] (oshi.util.FileUtil) Reading file /sys/devices/system/cpu/cpu5/cache/index3/size
[15:32:09] [Render thread/DEBUG] (oshi.util.FileUtil) Reading file /sys/devices/system/cpu/cpu5/cache/index1/level
[15:32:09] [Render thread/DEBUG] (oshi.util.FileUtil) Reading file /sys/devices/system/cpu/cpu5/cache/index1/level
[15:32:09] [Render thread/DEBUG] (oshi.util.FileUtil) Reading file /sys/devices/system/cpu/cpu5/cache/index1/type
[15:32:09] [Render thread/DEBUG] (oshi.util.FileUtil) Reading file /sys/devices/system/cpu/cpu5/cache/index1/type
[15:32:09] [Render thread/DEBUG] (oshi.util.FileUtil) Reading file /sys/devices/system/cpu/cpu5/cache/index1/ways_of_associativity
[15:32:09] [Render thread/DEBUG] (oshi.util.FileUtil) Reading file /sys/devices/system/cpu/cpu5/cache/index1/ways_of_associativity
[15:32:09] [Render thread/DEBUG] (oshi.util.FileUtil) Reading file /sys/devices/system/cpu/cpu5/cache/index1/coherency_line_size
[15:32:09] [Render thread/DEBUG] (oshi.util.FileUtil) Reading file /sys/devices/system/cpu/cpu5/cache/index1/coherency_line_size
[15:32:09] [Render thread/DEBUG] (oshi.util.FileUtil) Reading file /sys/devices/system/cpu/cpu5/cache/index1/size
[15:32:09] [Render thread/DEBUG] (oshi.util.FileUtil) Reading file /sys/devices/system/cpu/cpu5/cache/index1/size
[15:32:09] [Render thread/DEBUG] (oshi.util.FileUtil) Reading file /sys/devices/system/cpu/cpu6/topology/core_id
[15:32:09] [Render thread/DEBUG] (oshi.util.FileUtil) Reading file /sys/devices/system/cpu/cpu6/topology/core_id
[15:32:09] [Render thread/DEBUG] (oshi.util.FileUtil) Reading file /sys/devices/system/cpu/cpu6/topology/physical_package_id
[15:32:09] [Render thread/DEBUG] (oshi.util.FileUtil) Reading file /sys/devices/system/cpu/cpu6/topology/physical_package_id
[15:32:09] [Render thread/DEBUG] (oshi.util.FileUtil) Reading file /sys/devices/system/cpu/cpu6/cpu_capacity
[15:32:09] [Render thread/DEBUG] (oshi.util.FileUtil) Reading file /sys/devices/system/cpu/cpu6/cache/index2/level
[15:32:09] [Render thread/DEBUG] (oshi.util.FileUtil) Reading file /sys/devices/system/cpu/cpu6/cache/index2/level
[15:32:09] [Render thread/DEBUG] (oshi.util.FileUtil) Reading file /sys/devices/system/cpu/cpu6/cache/index2/type
[15:32:09] [Render thread/DEBUG] (oshi.util.FileUtil) Reading file /sys/devices/system/cpu/cpu6/cache/index2/type
[15:32:09] [Render thread/DEBUG] (oshi.util.FileUtil) Reading file /sys/devices/system/cpu/cpu6/cache/index2/ways_of_associativity
[15:32:09] [Render thread/DEBUG] (oshi.util.FileUtil) Reading file /sys/devices/system/cpu/cpu6/cache/index2/ways_of_associativity
[15:32:09] [Render thread/DEBUG] (oshi.util.FileUtil) Reading file /sys/devices/system/cpu/cpu6/cache/index2/coherency_line_size
[15:32:09] [Render thread/DEBUG] (oshi.util.FileUtil) Reading file /sys/devices/system/cpu/cpu6/cache/index2/coherency_line_size
[15:32:09] [Render thread/DEBUG] (oshi.util.FileUtil) Reading file /sys/devices/system/cpu/cpu6/cache/index2/size
[15:32:09] [Render thread/DEBUG] (oshi.util.FileUtil) Reading file /sys/devices/system/cpu/cpu6/cache/index2/size
[15:32:09] [Render thread/DEBUG] (oshi.util.FileUtil) Reading file /sys/devices/system/cpu/cpu6/cache/index0/level
[15:32:09] [Render thread/DEBUG] (oshi.util.FileUtil) Reading file /sys/devices/system/cpu/cpu6/cache/index0/level
[15:32:09] [Render thread/DEBUG] (oshi.util.FileUtil) Reading file /sys/devices/system/cpu/cpu6/cache/index0/type
[15:32:09] [Render thread/DEBUG] (oshi.util.FileUtil) Reading file /sys/devices/system/cpu/cpu6/cache/index0/type
[15:32:09] [Render thread/DEBUG] (oshi.util.FileUtil) Reading file /sys/devices/system/cpu/cpu6/cache/index0/ways_of_associativity
[15:32:09] [Render thread/DEBUG] (oshi.util.FileUtil) Reading file /sys/devices/system/cpu/cpu6/cache/index0/ways_of_associativity
[15:32:09] [Render thread/DEBUG] (oshi.util.FileUtil) Reading file /sys/devices/system/cpu/cpu6/cache/index0/coherency_line_size
[15:32:09] [Render thread/DEBUG] (oshi.util.FileUtil) Reading file /sys/devices/system/cpu/cpu6/cache/index0/coherency_line_size
[15:32:09] [Render thread/DEBUG] (oshi.util.FileUtil) Reading file /sys/devices/system/cpu/cpu6/cache/index0/size
[15:32:09] [Render thread/DEBUG] (oshi.util.FileUtil) Reading file /sys/devices/system/cpu/cpu6/cache/index0/size
[15:32:09] [Render thread/DEBUG] (oshi.util.FileUtil) Reading file /sys/devices/system/cpu/cpu6/cache/index3/level
[15:32:09] [Render thread/DEBUG] (oshi.util.FileUtil) Reading file /sys/devices/system/cpu/cpu6/cache/index3/level
[15:32:09] [Render thread/DEBUG] (oshi.util.FileUtil) Reading file /sys/devices/system/cpu/cpu6/cache/index3/type
[15:32:09] [Render thread/DEBUG] (oshi.util.FileUtil) Reading file /sys/devices/system/cpu/cpu6/cache/index3/type
[15:32:09] [Render thread/DEBUG] (oshi.util.FileUtil) Reading file /sys/devices/system/cpu/cpu6/cache/index3/ways_of_associativity
[15:32:09] [Render thread/DEBUG] (oshi.util.FileUtil) Reading file /sys/devices/system/cpu/cpu6/cache/index3/ways_of_associativity
[15:32:09] [Render thread/DEBUG] (oshi.util.FileUtil) Reading file /sys/devices/system/cpu/cpu6/cache/index3/coherency_line_size
[15:32:09] [Render thread/DEBUG] (oshi.util.FileUtil) Reading file /sys/devices/system/cpu/cpu6/cache/index3/coherency_line_size
[15:32:09] [Render thread/DEBUG] (oshi.util.FileUtil) Reading file /sys/devices/system/cpu/cpu6/cache/index3/size
[15:32:09] [Render thread/DEBUG] (oshi.util.FileUtil) Reading file /sys/devices/system/cpu/cpu6/cache/index3/size
[15:32:09] [Render thread/DEBUG] (oshi.util.FileUtil) Reading file /sys/devices/system/cpu/cpu6/cache/index1/level
[15:32:09] [Render thread/DEBUG] (oshi.util.FileUtil) Reading file /sys/devices/system/cpu/cpu6/cache/index1/level
[15:32:09] [Render thread/DEBUG] (oshi.util.FileUtil) Reading file /sys/devices/system/cpu/cpu6/cache/index1/type
[15:32:09] [Render thread/DEBUG] (oshi.util.FileUtil) Reading file /sys/devices/system/cpu/cpu6/cache/index1/type
[15:32:09] [Render thread/DEBUG] (oshi.util.FileUtil) Reading file /sys/devices/system/cpu/cpu6/cache/index1/ways_of_associativity
[15:32:09] [Render thread/DEBUG] (oshi.util.FileUtil) Reading file /sys/devices/system/cpu/cpu6/cache/index1/ways_of_associativity
[15:32:09] [Render thread/DEBUG] (oshi.util.FileUtil) Reading file /sys/devices/system/cpu/cpu6/cache/index1/coherency_line_size
[15:32:09] [Render thread/DEBUG] (oshi.util.FileUtil) Reading file /sys/devices/system/cpu/cpu6/cache/index1/coherency_line_size
[15:32:09] [Render thread/DEBUG] (oshi.util.FileUtil) Reading file /sys/devices/system/cpu/cpu6/cache/index1/size
[15:32:09] [Render thread/DEBUG] (oshi.util.FileUtil) Reading file /sys/devices/system/cpu/cpu6/cache/index1/size
[15:32:09] [Render thread/DEBUG] (oshi.util.FileUtil) Reading file /sys/devices/system/cpu/cpu7/topology/core_id
[15:32:09] [Render thread/DEBUG] (oshi.util.FileUtil) Reading file /sys/devices/system/cpu/cpu7/topology/core_id
[15:32:09] [Render thread/DEBUG] (oshi.util.FileUtil) Reading file /sys/devices/system/cpu/cpu7/topology/physical_package_id
[15:32:09] [Render thread/DEBUG] (oshi.util.FileUtil) Reading file /sys/devices/system/cpu/cpu7/topology/physical_package_id
[15:32:09] [Render thread/DEBUG] (oshi.util.FileUtil) Reading file /sys/devices/system/cpu/cpu7/cpu_capacity
[15:32:09] [Render thread/DEBUG] (oshi.util.FileUtil) Reading file /sys/devices/system/cpu/cpu7/cache/index2/level
[15:32:09] [Render thread/DEBUG] (oshi.util.FileUtil) Reading file /sys/devices/system/cpu/cpu7/cache/index2/level
[15:32:09] [Render thread/DEBUG] (oshi.util.FileUtil) Reading file /sys/devices/system/cpu/cpu7/cache/index2/type
[15:32:09] [Render thread/DEBUG] (oshi.util.FileUtil) Reading file /sys/devices/system/cpu/cpu7/cache/index2/type
[15:32:09] [Render thread/DEBUG] (oshi.util.FileUtil) Reading file /sys/devices/system/cpu/cpu7/cache/index2/ways_of_associativity
[15:32:09] [Render thread/DEBUG] (oshi.util.FileUtil) Reading file /sys/devices/system/cpu/cpu7/cache/index2/ways_of_associativity
[15:32:09] [Render thread/DEBUG] (oshi.util.FileUtil) Reading file /sys/devices/system/cpu/cpu7/cache/index2/coherency_line_size
[15:32:09] [Render thread/DEBUG] (oshi.util.FileUtil) Reading file /sys/devices/system/cpu/cpu7/cache/index2/coherency_line_size
[15:32:09] [Render thread/DEBUG] (oshi.util.FileUtil) Reading file /sys/devices/system/cpu/cpu7/cache/index2/size
[15:32:09] [Render thread/DEBUG] (oshi.util.FileUtil) Reading file /sys/devices/system/cpu/cpu7/cache/index2/size
[15:32:09] [Render thread/DEBUG] (oshi.util.FileUtil) Reading file /sys/devices/system/cpu/cpu7/cache/index0/level
[15:32:09] [Render thread/DEBUG] (oshi.util.FileUtil) Reading file /sys/devices/system/cpu/cpu7/cache/index0/level
[15:32:09] [Render thread/DEBUG] (oshi.util.FileUtil) Reading file /sys/devices/system/cpu/cpu7/cache/index0/type
[15:32:09] [Render thread/DEBUG] (oshi.util.FileUtil) Reading file /sys/devices/system/cpu/cpu7/cache/index0/type
[15:32:09] [Render thread/DEBUG] (oshi.util.FileUtil) Reading file /sys/devices/system/cpu/cpu7/cache/index0/ways_of_associativity
[15:32:09] [Render thread/DEBUG] (oshi.util.FileUtil) Reading file /sys/devices/system/cpu/cpu7/cache/index0/ways_of_associativity
[15:32:09] [Render thread/DEBUG] (oshi.util.FileUtil) Reading file /sys/devices/system/cpu/cpu7/cache/index0/coherency_line_size
[15:32:09] [Render thread/DEBUG] (oshi.util.FileUtil) Reading file /sys/devices/system/cpu/cpu7/cache/index0/coherency_line_size
[15:32:09] [Render thread/DEBUG] (oshi.util.FileUtil) Reading file /sys/devices/system/cpu/cpu7/cache/index0/size
[15:32:09] [Render thread/DEBUG] (oshi.util.FileUtil) Reading file /sys/devices/system/cpu/cpu7/cache/index0/size
[15:32:09] [Render thread/DEBUG] (oshi.util.FileUtil) Reading file /sys/devices/system/cpu/cpu7/cache/index3/level
[15:32:09] [Render thread/DEBUG] (oshi.util.FileUtil) Reading file /sys/devices/system/cpu/cpu7/cache/index3/level
[15:32:09] [Render thread/DEBUG] (oshi.util.FileUtil) Reading file /sys/devices/system/cpu/cpu7/cache/index3/type
[15:32:09] [Render thread/DEBUG] (oshi.util.FileUtil) Reading file /sys/devices/system/cpu/cpu7/cache/index3/type
[15:32:09] [Render thread/DEBUG] (oshi.util.FileUtil) Reading file /sys/devices/system/cpu/cpu7/cache/index3/ways_of_associativity
[15:32:09] [Render thread/DEBUG] (oshi.util.FileUtil) Reading file /sys/devices/system/cpu/cpu7/cache/index3/ways_of_associativity
[15:32:09] [Render thread/DEBUG] (oshi.util.FileUtil) Reading file /sys/devices/system/cpu/cpu7/cache/index3/coherency_line_size
[15:32:09] [Render thread/DEBUG] (oshi.util.FileUtil) Reading file /sys/devices/system/cpu/cpu7/cache/index3/coherency_line_size
[15:32:09] [Render thread/DEBUG] (oshi.util.FileUtil) Reading file /sys/devices/system/cpu/cpu7/cache/index3/size
[15:32:09] [Render thread/DEBUG] (oshi.util.FileUtil) Reading file /sys/devices/system/cpu/cpu7/cache/index3/size
[15:32:09] [Render thread/DEBUG] (oshi.util.FileUtil) Reading file /sys/devices/system/cpu/cpu7/cache/index1/level
[15:32:09] [Render thread/DEBUG] (oshi.util.FileUtil) Reading file /sys/devices/system/cpu/cpu7/cache/index1/level
[15:32:09] [Render thread/DEBUG] (oshi.util.FileUtil) Reading file /sys/devices/system/cpu/cpu7/cache/index1/type
[15:32:09] [Render thread/DEBUG] (oshi.util.FileUtil) Reading file /sys/devices/system/cpu/cpu7/cache/index1/type
[15:32:09] [Render thread/DEBUG] (oshi.util.FileUtil) Reading file /sys/devices/system/cpu/cpu7/cache/index1/ways_of_associativity
[15:32:09] [Render thread/DEBUG] (oshi.util.FileUtil) Reading file /sys/devices/system/cpu/cpu7/cache/index1/ways_of_associativity
[15:32:09] [Render thread/DEBUG] (oshi.util.FileUtil) Reading file /sys/devices/system/cpu/cpu7/cache/index1/coherency_line_size
[15:32:09] [Render thread/DEBUG] (oshi.util.FileUtil) Reading file /sys/devices/system/cpu/cpu7/cache/index1/coherency_line_size
[15:32:09] [Render thread/DEBUG] (oshi.util.FileUtil) Reading file /sys/devices/system/cpu/cpu7/cache/index1/size
[15:32:09] [Render thread/DEBUG] (oshi.util.FileUtil) Reading file /sys/devices/system/cpu/cpu7/cache/index1/size
[15:32:09] [Render thread/DEBUG] (oshi.util.FileUtil) Reading file /sys/devices/system/cpu/cpu8/topology/core_id
[15:32:09] [Render thread/DEBUG] (oshi.util.FileUtil) Reading file /sys/devices/system/cpu/cpu8/topology/core_id
[15:32:09] [Render thread/DEBUG] (oshi.util.FileUtil) Reading file /sys/devices/system/cpu/cpu8/topology/physical_package_id
[15:32:09] [Render thread/DEBUG] (oshi.util.FileUtil) Reading file /sys/devices/system/cpu/cpu8/topology/physical_package_id
[15:32:09] [Render thread/DEBUG] (oshi.util.FileUtil) Reading file /sys/devices/system/cpu/cpu8/cpu_capacity
[15:32:09] [Render thread/DEBUG] (oshi.util.FileUtil) Reading file /sys/devices/system/cpu/cpu8/cache/index2/level
[15:32:09] [Render thread/DEBUG] (oshi.util.FileUtil) Reading file /sys/devices/system/cpu/cpu8/cache/index2/level
[15:32:09] [Render thread/DEBUG] (oshi.util.FileUtil) Reading file /sys/devices/system/cpu/cpu8/cache/index2/type
[15:32:09] [Render thread/DEBUG] (oshi.util.FileUtil) Reading file /sys/devices/system/cpu/cpu8/cache/index2/type
[15:32:09] [Render thread/DEBUG] (oshi.util.FileUtil) Reading file /sys/devices/system/cpu/cpu8/cache/index2/ways_of_associativity
[15:32:09] [Render thread/DEBUG] (oshi.util.FileUtil) Reading file /sys/devices/system/cpu/cpu8/cache/index2/ways_of_associativity
[15:32:09] [Render thread/DEBUG] (oshi.util.FileUtil) Reading file /sys/devices/system/cpu/cpu8/cache/index2/coherency_line_size
[15:32:09] [Render thread/DEBUG] (oshi.util.FileUtil) Reading file /sys/devices/system/cpu/cpu8/cache/index2/coherency_line_size
[15:32:09] [Render thread/DEBUG] (oshi.util.FileUtil) Reading file /sys/devices/system/cpu/cpu8/cache/index2/size
[15:32:09] [Render thread/DEBUG] (oshi.util.FileUtil) Reading file /sys/devices/system/cpu/cpu8/cache/index2/size
[15:32:09] [Render thread/DEBUG] (oshi.util.FileUtil) Reading file /sys/devices/system/cpu/cpu8/cache/index0/level
[15:32:09] [Render thread/DEBUG] (oshi.util.FileUtil) Reading file /sys/devices/system/cpu/cpu8/cache/index0/level
[15:32:09] [Render thread/DEBUG] (oshi.util.FileUtil) Reading file /sys/devices/system/cpu/cpu8/cache/index0/type
[15:32:09] [Render thread/DEBUG] (oshi.util.FileUtil) Reading file /sys/devices/system/cpu/cpu8/cache/index0/type
[15:32:09] [Render thread/DEBUG] (oshi.util.FileUtil) Reading file /sys/devices/system/cpu/cpu8/cache/index0/ways_of_associativity
[15:32:09] [Render thread/DEBUG] (oshi.util.FileUtil) Reading file /sys/devices/system/cpu/cpu8/cache/index0/ways_of_associativity
[15:32:09] [Render thread/DEBUG] (oshi.util.FileUtil) Reading file /sys/devices/system/cpu/cpu8/cache/index0/coherency_line_size
[15:32:09] [Render thread/DEBUG] (oshi.util.FileUtil) Reading file /sys/devices/system/cpu/cpu8/cache/index0/coherency_line_size
[15:32:09] [Render thread/DEBUG] (oshi.util.FileUtil) Reading file /sys/devices/system/cpu/cpu8/cache/index0/size
[15:32:09] [Render thread/DEBUG] (oshi.util.FileUtil) Reading file /sys/devices/system/cpu/cpu8/cache/index0/size
[15:32:09] [Render thread/DEBUG] (oshi.util.FileUtil) Reading file /sys/devices/system/cpu/cpu8/cache/index3/level
[15:32:09] [Render thread/DEBUG] (oshi.util.FileUtil) Reading file /sys/devices/system/cpu/cpu8/cache/index3/level
[15:32:09] [Render thread/DEBUG] (oshi.util.FileUtil) Reading file /sys/devices/system/cpu/cpu8/cache/index3/type
[15:32:09] [Render thread/DEBUG] (oshi.util.FileUtil) Reading file /sys/devices/system/cpu/cpu8/cache/index3/type
[15:32:09] [Render thread/DEBUG] (oshi.util.FileUtil) Reading file /sys/devices/system/cpu/cpu8/cache/index3/ways_of_associativity
[15:32:09] [Render thread/DEBUG] (oshi.util.FileUtil) Reading file /sys/devices/system/cpu/cpu8/cache/index3/ways_of_associativity
[15:32:09] [Render thread/DEBUG] (oshi.util.FileUtil) Reading file /sys/devices/system/cpu/cpu8/cache/index3/coherency_line_size
[15:32:09] [Render thread/DEBUG] (oshi.util.FileUtil) Reading file /sys/devices/system/cpu/cpu8/cache/index3/coherency_line_size
[15:32:09] [Render thread/DEBUG] (oshi.util.FileUtil) Reading file /sys/devices/system/cpu/cpu8/cache/index3/size
[15:32:09] [Render thread/DEBUG] (oshi.util.FileUtil) Reading file /sys/devices/system/cpu/cpu8/cache/index3/size
[15:32:09] [Render thread/DEBUG] (oshi.util.FileUtil) Reading file /sys/devices/system/cpu/cpu8/cache/index1/level
[15:32:09] [Render thread/DEBUG] (oshi.util.FileUtil) Reading file /sys/devices/system/cpu/cpu8/cache/index1/level
[15:32:09] [Render thread/DEBUG] (oshi.util.FileUtil) Reading file /sys/devices/system/cpu/cpu8/cache/index1/type
[15:32:09] [Render thread/DEBUG] (oshi.util.FileUtil) Reading file /sys/devices/system/cpu/cpu8/cache/index1/type
[15:32:09] [Render thread/DEBUG] (oshi.util.FileUtil) Reading file /sys/devices/system/cpu/cpu8/cache/index1/ways_of_associativity
[15:32:09] [Render thread/DEBUG] (oshi.util.FileUtil) Reading file /sys/devices/system/cpu/cpu8/cache/index1/ways_of_associativity
[15:32:09] [Render thread/DEBUG] (oshi.util.FileUtil) Reading file /sys/devices/system/cpu/cpu8/cache/index1/coherency_line_size
[15:32:09] [Render thread/DEBUG] (oshi.util.FileUtil) Reading file /sys/devices/system/cpu/cpu8/cache/index1/coherency_line_size
[15:32:09] [Render thread/DEBUG] (oshi.util.FileUtil) Reading file /sys/devices/system/cpu/cpu8/cache/index1/size
[15:32:09] [Render thread/DEBUG] (oshi.util.FileUtil) Reading file /sys/devices/system/cpu/cpu8/cache/index1/size
[15:32:09] [Render thread/DEBUG] (oshi.util.FileUtil) Reading file /sys/devices/system/cpu/cpu9/topology/core_id
[15:32:09] [Render thread/DEBUG] (oshi.util.FileUtil) Reading file /sys/devices/system/cpu/cpu9/topology/core_id
[15:32:09] [Render thread/DEBUG] (oshi.util.FileUtil) Reading file /sys/devices/system/cpu/cpu9/topology/physical_package_id
[15:32:09] [Render thread/DEBUG] (oshi.util.FileUtil) Reading file /sys/devices/system/cpu/cpu9/topology/physical_package_id
[15:32:09] [Render thread/DEBUG] (oshi.util.FileUtil) Reading file /sys/devices/system/cpu/cpu9/cpu_capacity
[15:32:09] [Render thread/DEBUG] (oshi.util.FileUtil) Reading file /sys/devices/system/cpu/cpu9/cache/index2/level
[15:32:09] [Render thread/DEBUG] (oshi.util.FileUtil) Reading file /sys/devices/system/cpu/cpu9/cache/index2/level
[15:32:09] [Render thread/DEBUG] (oshi.util.FileUtil) Reading file /sys/devices/system/cpu/cpu9/cache/index2/type
[15:32:09] [Render thread/DEBUG] (oshi.util.FileUtil) Reading file /sys/devices/system/cpu/cpu9/cache/index2/type
[15:32:09] [Render thread/DEBUG] (oshi.util.FileUtil) Reading file /sys/devices/system/cpu/cpu9/cache/index2/ways_of_associativity
[15:32:09] [Render thread/DEBUG] (oshi.util.FileUtil) Reading file /sys/devices/system/cpu/cpu9/cache/index2/ways_of_associativity
[15:32:09] [Render thread/DEBUG] (oshi.util.FileUtil) Reading file /sys/devices/system/cpu/cpu9/cache/index2/coherency_line_size
[15:32:09] [Render thread/DEBUG] (oshi.util.FileUtil) Reading file /sys/devices/system/cpu/cpu9/cache/index2/coherency_line_size
[15:32:09] [Render thread/DEBUG] (oshi.util.FileUtil) Reading file /sys/devices/system/cpu/cpu9/cache/index2/size
[15:32:09] [Render thread/DEBUG] (oshi.util.FileUtil) Reading file /sys/devices/system/cpu/cpu9/cache/index2/size
[15:32:09] [Render thread/DEBUG] (oshi.util.FileUtil) Reading file /sys/devices/system/cpu/cpu9/cache/index0/level
[15:32:09] [Render thread/DEBUG] (oshi.util.FileUtil) Reading file /sys/devices/system/cpu/cpu9/cache/index0/level
[15:32:09] [Render thread/DEBUG] (oshi.util.FileUtil) Reading file /sys/devices/system/cpu/cpu9/cache/index0/type
[15:32:09] [Render thread/DEBUG] (oshi.util.FileUtil) Reading file /sys/devices/system/cpu/cpu9/cache/index0/type
[15:32:09] [Render thread/DEBUG] (oshi.util.FileUtil) Reading file /sys/devices/system/cpu/cpu9/cache/index0/ways_of_associativity
[15:32:09] [Render thread/DEBUG] (oshi.util.FileUtil) Reading file /sys/devices/system/cpu/cpu9/cache/index0/ways_of_associativity
[15:32:09] [Render thread/DEBUG] (oshi.util.FileUtil) Reading file /sys/devices/system/cpu/cpu9/cache/index0/coherency_line_size
[15:32:09] [Render thread/DEBUG] (oshi.util.FileUtil) Reading file /sys/devices/system/cpu/cpu9/cache/index0/coherency_line_size
[15:32:09] [Render thread/DEBUG] (oshi.util.FileUtil) Reading file /sys/devices/system/cpu/cpu9/cache/index0/size
[15:32:09] [Render thread/DEBUG] (oshi.util.FileUtil) Reading file /sys/devices/system/cpu/cpu9/cache/index0/size
[15:32:09] [Render thread/DEBUG] (oshi.util.FileUtil) Reading file /sys/devices/system/cpu/cpu9/cache/index3/level
[15:32:09] [Render thread/DEBUG] (oshi.util.FileUtil) Reading file /sys/devices/system/cpu/cpu9/cache/index3/level
[15:32:09] [Render thread/DEBUG] (oshi.util.FileUtil) Reading file /sys/devices/system/cpu/cpu9/cache/index3/type
[15:32:09] [Render thread/DEBUG] (oshi.util.FileUtil) Reading file /sys/devices/system/cpu/cpu9/cache/index3/type
[15:32:09] [Render thread/DEBUG] (oshi.util.FileUtil) Reading file /sys/devices/system/cpu/cpu9/cache/index3/ways_of_associativity
[15:32:09] [Render thread/DEBUG] (oshi.util.FileUtil) Reading file /sys/devices/system/cpu/cpu9/cache/index3/ways_of_associativity
[15:32:09] [Render thread/DEBUG] (oshi.util.FileUtil) Reading file /sys/devices/system/cpu/cpu9/cache/index3/coherency_line_size
[15:32:09] [Render thread/DEBUG] (oshi.util.FileUtil) Reading file /sys/devices/system/cpu/cpu9/cache/index3/coherency_line_size
[15:32:09] [Render thread/DEBUG] (oshi.util.FileUtil) Reading file /sys/devices/system/cpu/cpu9/cache/index3/size
[15:32:09] [Render thread/DEBUG] (oshi.util.FileUtil) Reading file /sys/devices/system/cpu/cpu9/cache/index3/size
[15:32:09] [Render thread/DEBUG] (oshi.util.FileUtil) Reading file /sys/devices/system/cpu/cpu9/cache/index1/level
[15:32:09] [Render thread/DEBUG] (oshi.util.FileUtil) Reading file /sys/devices/system/cpu/cpu9/cache/index1/level
[15:32:09] [Render thread/DEBUG] (oshi.util.FileUtil) Reading file /sys/devices/system/cpu/cpu9/cache/index1/type
[15:32:09] [Render thread/DEBUG] (oshi.util.FileUtil) Reading file /sys/devices/system/cpu/cpu9/cache/index1/type
[15:32:09] [Render thread/DEBUG] (oshi.util.FileUtil) Reading file /sys/devices/system/cpu/cpu9/cache/index1/ways_of_associativity
[15:32:09] [Render thread/DEBUG] (oshi.util.FileUtil) Reading file /sys/devices/system/cpu/cpu9/cache/index1/ways_of_associativity
[15:32:09] [Render thread/DEBUG] (oshi.util.FileUtil) Reading file /sys/devices/system/cpu/cpu9/cache/index1/coherency_line_size
[15:32:09] [Render thread/DEBUG] (oshi.util.FileUtil) Reading file /sys/devices/system/cpu/cpu9/cache/index1/coherency_line_size
[15:32:09] [Render thread/DEBUG] (oshi.util.FileUtil) Reading file /sys/devices/system/cpu/cpu9/cache/index1/size
[15:32:09] [Render thread/DEBUG] (oshi.util.FileUtil) Reading file /sys/devices/system/cpu/cpu9/cache/index1/size
[15:32:09] [Render thread/DEBUG] (oshi.util.FileUtil) Reading file /proc/cpuinfo
[15:32:09] [Render thread/DEBUG] (oshi.util.FileUtil) Reading file /proc/cpuinfo
[15:32:09] [Render thread/DEBUG] (oshi.util.FileUtil) Reading file /proc/self/auxv
[15:32:09] [Render thread/INFO] (net.minecraft.client.MinecraftClient) Using optional rendering extensions: GL_ARB_buffer_storage, GL_KHR_debug, GL_ARB_vertex_attrib_binding, GL_ARB_direct_state_access
[15:32:09] [Render thread/DEBUG] (FabricLoader/Mixin) Mixing LifecycledResourceManagerImplMixin from fabric-resource-loader-v1.mixins.json into net.minecraft.resource.LifecycledResourceManagerImpl
[15:32:09] [Render thread/DEBUG] (FabricLoader/Mixin) fabric-resource-loader-v1.mixins.json:LifecycledResourceManagerImplMixin from mod fabric-resource-loader-v1->@Inject::init(Lnet/minecraft/resource/ResourceType;Ljava/util/List;Lorg/spongepowered/asm/mixin/injection/callback/CallbackInfo;)V doesn't use it's CallbackInfo
[15:32:09] [Render thread/DEBUG] (FabricLoader/Mixin) fabric-resource-loader-v1.mixins.json:LifecycledResourceManagerImplMixin from mod fabric-resource-loader-v1->@Inject::init(Lnet/minecraft/resource/ResourceType;Ljava/util/List;Lorg/spongepowered/asm/mixin/injection/callback/CallbackInfo;)V has 0 override(s) in child classes
[15:32:09] [Render thread/DEBUG] (FabricLoader/Mixin) fabric-resource-loader-v1.mixins.json:LifecycledResourceManagerImplMixin from mod fabric-resource-loader-v1->@Inject::init(Lnet/minecraft/resource/ResourceType;Ljava/util/List;Lorg/spongepowered/asm/mixin/injection/callback/CallbackInfo;)V won't be passed a CallbackInfo as a result
[15:32:09] [Render thread/DEBUG] (net.fabricmc.fabric.impl.resource.loader.ModResourcePackUtil) [Fabric] Starting internal pack sorting with: [vanilla, fabric, fabric-api, fabric-api-base, fabric-api-lookup-api-v1, fabric-biome-api-v1, fabric-block-api-v1, fabric-block-view-api-v2, fabric-client-gametest-api-v1, fabric-command-api-v2, fabric-content-registries-v0, fabric-convention-tags-v1, fabric-convention-tags-v2, fabric-crash-report-info-v1, fabric-data-attachment-api-v1, fabric-data-generation-api-v1, fabric-dimensions-v1, fabric-entity-events-v1, fabric-events-interaction-v0, fabric-game-rule-api-v1, fabric-gametest-api-v1, fabric-item-api-v1, fabric-item-group-api-v1, fabric-item-group-api-v1_programmer_art, fabric-key-binding-api-v1, fabric-lifecycle-events-v1, fabric-loot-api-v2, fabric-loot-api-v3, fabric-message-api-v1, fabric-model-loading-api-v1, fabric-networking-api-v1, fabric-object-builder-api-v1, fabric-particles-v1, fabric-recipe-api-v1, fabric-registry-sync-v0, fabric-renderer-api-v1, fabric-renderer-indigo, fabric-rendering-fluids-v1, fabric-rendering-v1, fabric-resource-conditions-api-v1, fabric-resource-loader-v0, fabric-resource-loader-v1, fabric-screen-api-v1, fabric-screen-handler-api-v1, fabric-serialization-api-v1, fabric-sound-api-v1, fabric-tag-api-v1, fabric-transfer-api-v1, fabric-transitive-access-wideners-v1, fabricloader, generated_73cffe0, reload_server_list]
[15:32:09] [Render thread/DEBUG] (net.fabricmc.fabric.impl.resource.loader.ModResourcePackUtil) [Fabric] Removed all internal packs, result: [vanilla, fabric]
[15:32:09] [Render thread/DEBUG] (net.fabricmc.fabric.impl.resource.loader.ModResourcePackUtil) [Fabric] cur @ fabric, auto-enabled fabric-api, currently enabled: [vanilla, fabric, fabric-api]
[15:32:09] [Render thread/DEBUG] (net.fabricmc.fabric.impl.resource.loader.ModResourcePackUtil) [Fabric] cur @ fabric, auto-enabled fabric-api-base, currently enabled: [vanilla, fabric, fabric-api, fabric-api-base]
[15:32:09] [Render thread/DEBUG] (net.fabricmc.fabric.impl.resource.loader.ModResourcePackUtil) [Fabric] cur @ fabric, auto-enabled fabric-api-lookup-api-v1, currently enabled: [vanilla, fabric, fabric-api, fabric-api-base, fabric-api-lookup-api-v1]
[15:32:09] [Render thread/DEBUG] (net.fabricmc.fabric.impl.resource.loader.ModResourcePackUtil) [Fabric] cur @ fabric, auto-enabled fabric-biome-api-v1, currently enabled: [vanilla, fabric, fabric-api, fabric-api-base, fabric-api-lookup-api-v1, fabric-biome-api-v1]
[15:32:09] [Render thread/DEBUG] (net.fabricmc.fabric.impl.resource.loader.ModResourcePackUtil) [Fabric] cur @ fabric, auto-enabled fabric-block-api-v1, currently enabled: [vanilla, fabric, fabric-api, fabric-api-base, fabric-api-lookup-api-v1, fabric-biome-api-v1, fabric-block-api-v1]
[15:32:09] [Render thread/DEBUG] (net.fabricmc.fabric.impl.resource.loader.ModResourcePackUtil) [Fabric] cur @ fabric, auto-enabled fabric-block-view-api-v2, currently enabled: [vanilla, fabric, fabric-api, fabric-api-base, fabric-api-lookup-api-v1, fabric-biome-api-v1, fabric-block-api-v1, fabric-block-view-api-v2]
[15:32:09] [Render thread/DEBUG] (net.fabricmc.fabric.impl.resource.loader.ModResourcePackUtil) [Fabric] cur @ fabric, auto-enabled fabric-client-gametest-api-v1, currently enabled: [vanilla, fabric, fabric-api, fabric-api-base, fabric-api-lookup-api-v1, fabric-biome-api-v1, fabric-block-api-v1, fabric-block-view-api-v2, fabric-client-gametest-api-v1]
[15:32:09] [Render thread/DEBUG] (net.fabricmc.fabric.impl.resource.loader.ModResourcePackUtil) [Fabric] cur @ fabric, auto-enabled fabric-command-api-v2, currently enabled: [vanilla, fabric, fabric-api, fabric-api-base, fabric-api-lookup-api-v1, fabric-biome-api-v1, fabric-block-api-v1, fabric-block-view-api-v2, fabric-client-gametest-api-v1, fabric-command-api-v2]
[15:32:09] [Render thread/DEBUG] (net.fabricmc.fabric.impl.resource.loader.ModResourcePackUtil) [Fabric] cur @ fabric, auto-enabled fabric-content-registries-v0, currently enabled: [vanilla, fabric, fabric-api, fabric-api-base, fabric-api-lookup-api-v1, fabric-biome-api-v1, fabric-block-api-v1, fabric-block-view-api-v2, fabric-client-gametest-api-v1, fabric-command-api-v2, fabric-content-registries-v0]
[15:32:09] [Render thread/DEBUG] (net.fabricmc.fabric.impl.resource.loader.ModResourcePackUtil) [Fabric] cur @ fabric, auto-enabled fabric-convention-tags-v1, currently enabled: [vanilla, fabric, fabric-api, fabric-api-base, fabric-api-lookup-api-v1, fabric-biome-api-v1, fabric-block-api-v1, fabric-block-view-api-v2, fabric-client-gametest-api-v1, fabric-command-api-v2, fabric-content-registries-v0, fabric-convention-tags-v1]
[15:32:09] [Render thread/DEBUG] (net.fabricmc.fabric.impl.resource.loader.ModResourcePackUtil) [Fabric] cur @ fabric, auto-enabled fabric-convention-tags-v2, currently enabled: [vanilla, fabric, fabric-api, fabric-api-base, fabric-api-lookup-api-v1, fabric-biome-api-v1, fabric-block-api-v1, fabric-block-view-api-v2, fabric-client-gametest-api-v1, fabric-command-api-v2, fabric-content-registries-v0, fabric-convention-tags-v1, fabric-convention-tags-v2]
[15:32:09] [Render thread/DEBUG] (net.fabricmc.fabric.impl.resource.loader.ModResourcePackUtil) [Fabric] cur @ fabric, auto-enabled fabric-crash-report-info-v1, currently enabled: [vanilla, fabric, fabric-api, fabric-api-base, fabric-api-lookup-api-v1, fabric-biome-api-v1, fabric-block-api-v1, fabric-block-view-api-v2, fabric-client-gametest-api-v1, fabric-command-api-v2, fabric-content-registries-v0, fabric-convention-tags-v1, fabric-convention-tags-v2, fabric-crash-report-info-v1]
[15:32:09] [Render thread/DEBUG] (net.fabricmc.fabric.impl.resource.loader.ModResourcePackUtil) [Fabric] cur @ fabric, auto-enabled fabric-data-attachment-api-v1, currently enabled: [vanilla, fabric, fabric-api, fabric-api-base, fabric-api-lookup-api-v1, fabric-biome-api-v1, fabric-block-api-v1, fabric-block-view-api-v2, fabric-client-gametest-api-v1, fabric-command-api-v2, fabric-content-registries-v0, fabric-convention-tags-v1, fabric-convention-tags-v2, fabric-crash-report-info-v1, fabric-data-attachment-api-v1]
[15:32:09] [Render thread/DEBUG] (net.fabricmc.fabric.impl.resource.loader.ModResourcePackUtil) [Fabric] cur @ fabric, auto-enabled fabric-data-generation-api-v1, currently enabled: [vanilla, fabric, fabric-api, fabric-api-base, fabric-api-lookup-api-v1, fabric-biome-api-v1, fabric-block-api-v1, fabric-block-view-api-v2, fabric-client-gametest-api-v1, fabric-command-api-v2, fabric-content-registries-v0, fabric-convention-tags-v1, fabric-convention-tags-v2, fabric-crash-report-info-v1, fabric-data-attachment-api-v1, fabric-data-generation-api-v1]
[15:32:09] [Render thread/DEBUG] (net.fabricmc.fabric.impl.resource.loader.ModResourcePackUtil) [Fabric] cur @ fabric, auto-enabled fabric-dimensions-v1, currently enabled: [vanilla, fabric, fabric-api, fabric-api-base, fabric-api-lookup-api-v1, fabric-biome-api-v1, fabric-block-api-v1, fabric-block-view-api-v2, fabric-client-gametest-api-v1, fabric-command-api-v2, fabric-content-registries-v0, fabric-convention-tags-v1, fabric-convention-tags-v2, fabric-crash-report-info-v1, fabric-data-attachment-api-v1, fabric-data-generation-api-v1, fabric-dimensions-v1]
[15:32:09] [Render thread/DEBUG] (net.fabricmc.fabric.impl.resource.loader.ModResourcePackUtil) [Fabric] cur @ fabric, auto-enabled fabric-entity-events-v1, currently enabled: [vanilla, fabric, fabric-api, fabric-api-base, fabric-api-lookup-api-v1, fabric-biome-api-v1, fabric-block-api-v1, fabric-block-view-api-v2, fabric-client-gametest-api-v1, fabric-command-api-v2, fabric-content-registries-v0, fabric-convention-tags-v1, fabric-convention-tags-v2, fabric-crash-report-info-v1, fabric-data-attachment-api-v1, fabric-data-generation-api-v1, fabric-dimensions-v1, fabric-entity-events-v1]
[15:32:09] [Render thread/DEBUG] (net.fabricmc.fabric.impl.resource.loader.ModResourcePackUtil) [Fabric] cur @ fabric, auto-enabled fabric-events-interaction-v0, currently enabled: [vanilla, fabric, fabric-api, fabric-api-base, fabric-api-lookup-api-v1, fabric-biome-api-v1, fabric-block-api-v1, fabric-block-view-api-v2, fabric-client-gametest-api-v1, fabric-command-api-v2, fabric-content-registries-v0, fabric-convention-tags-v1, fabric-convention-tags-v2, fabric-crash-report-info-v1, fabric-data-attachment-api-v1, fabric-data-generation-api-v1, fabric-dimensions-v1, fabric-entity-events-v1, fabric-events-interaction-v0]
[15:32:09] [Render thread/DEBUG] (net.fabricmc.fabric.impl.resource.loader.ModResourcePackUtil) [Fabric] cur @ fabric, auto-enabled fabric-game-rule-api-v1, currently enabled: [vanilla, fabric, fabric-api, fabric-api-base, fabric-api-lookup-api-v1, fabric-biome-api-v1, fabric-block-api-v1, fabric-block-view-api-v2, fabric-client-gametest-api-v1, fabric-command-api-v2, fabric-content-registries-v0, fabric-convention-tags-v1, fabric-convention-tags-v2, fabric-crash-report-info-v1, fabric-data-attachment-api-v1, fabric-data-generation-api-v1, fabric-dimensions-v1, fabric-entity-events-v1, fabric-events-interaction-v0, fabric-game-rule-api-v1]
[15:32:09] [Render thread/DEBUG] (net.fabricmc.fabric.impl.resource.loader.ModResourcePackUtil) [Fabric] cur @ fabric, auto-enabled fabric-gametest-api-v1, currently enabled: [vanilla, fabric, fabric-api, fabric-api-base, fabric-api-lookup-api-v1, fabric-biome-api-v1, fabric-block-api-v1, fabric-block-view-api-v2, fabric-client-gametest-api-v1, fabric-command-api-v2, fabric-content-registries-v0, fabric-convention-tags-v1, fabric-convention-tags-v2, fabric-crash-report-info-v1, fabric-data-attachment-api-v1, fabric-data-generation-api-v1, fabric-dimensions-v1, fabric-entity-events-v1, fabric-events-interaction-v0, fabric-game-rule-api-v1, fabric-gametest-api-v1]
[15:32:09] [Render thread/DEBUG] (net.fabricmc.fabric.impl.resource.loader.ModResourcePackUtil) [Fabric] cur @ fabric, auto-enabled fabric-item-api-v1, currently enabled: [vanilla, fabric, fabric-api, fabric-api-base, fabric-api-lookup-api-v1, fabric-biome-api-v1, fabric-block-api-v1, fabric-block-view-api-v2, fabric-client-gametest-api-v1, fabric-command-api-v2, fabric-content-registries-v0, fabric-convention-tags-v1, fabric-convention-tags-v2, fabric-crash-report-info-v1, fabric-data-attachment-api-v1, fabric-data-generation-api-v1, fabric-dimensions-v1, fabric-entity-events-v1, fabric-events-interaction-v0, fabric-game-rule-api-v1, fabric-gametest-api-v1, fabric-item-api-v1]
[15:32:09] [Render thread/DEBUG] (net.fabricmc.fabric.impl.resource.loader.ModResourcePackUtil) [Fabric] cur @ fabric, auto-enabled fabric-item-group-api-v1, currently enabled: [vanilla, fabric, fabric-api, fabric-api-base, fabric-api-lookup-api-v1, fabric-biome-api-v1, fabric-block-api-v1, fabric-block-view-api-v2, fabric-client-gametest-api-v1, fabric-command-api-v2, fabric-content-registries-v0, fabric-convention-tags-v1, fabric-convention-tags-v2, fabric-crash-report-info-v1, fabric-data-attachment-api-v1, fabric-data-generation-api-v1, fabric-dimensions-v1, fabric-entity-events-v1, fabric-events-interaction-v0, fabric-game-rule-api-v1, fabric-gametest-api-v1, fabric-item-api-v1, fabric-item-group-api-v1]
[15:32:09] [Render thread/DEBUG] (net.fabricmc.fabric.impl.resource.loader.ModResourcePackUtil) [Fabric] cur @ fabric, auto-enabled fabric-key-binding-api-v1, currently enabled: [vanilla, fabric, fabric-api, fabric-api-base, fabric-api-lookup-api-v1, fabric-biome-api-v1, fabric-block-api-v1, fabric-block-view-api-v2, fabric-client-gametest-api-v1, fabric-command-api-v2, fabric-content-registries-v0, fabric-convention-tags-v1, fabric-convention-tags-v2, fabric-crash-report-info-v1, fabric-data-attachment-api-v1, fabric-data-generation-api-v1, fabric-dimensions-v1, fabric-entity-events-v1, fabric-events-interaction-v0, fabric-game-rule-api-v1, fabric-gametest-api-v1, fabric-item-api-v1, fabric-item-group-api-v1, fabric-key-binding-api-v1]
[15:32:09] [Render thread/DEBUG] (net.fabricmc.fabric.impl.resource.loader.ModResourcePackUtil) [Fabric] cur @ fabric, auto-enabled fabric-lifecycle-events-v1, currently enabled: [vanilla, fabric, fabric-api, fabric-api-base, fabric-api-lookup-api-v1, fabric-biome-api-v1, fabric-block-api-v1, fabric-block-view-api-v2, fabric-client-gametest-api-v1, fabric-command-api-v2, fabric-content-registries-v0, fabric-convention-tags-v1, fabric-convention-tags-v2, fabric-crash-report-info-v1, fabric-data-attachment-api-v1, fabric-data-generation-api-v1, fabric-dimensions-v1, fabric-entity-events-v1, fabric-events-interaction-v0, fabric-game-rule-api-v1, fabric-gametest-api-v1, fabric-item-api-v1, fabric-item-group-api-v1, fabric-key-binding-api-v1, fabric-lifecycle-events-v1]
[15:32:09] [Render thread/DEBUG] (net.fabricmc.fabric.impl.resource.loader.ModResourcePackUtil) [Fabric] cur @ fabric, auto-enabled fabric-loot-api-v2, currently enabled: [vanilla, fabric, fabric-api, fabric-api-base, fabric-api-lookup-api-v1, fabric-biome-api-v1, fabric-block-api-v1, fabric-block-view-api-v2, fabric-client-gametest-api-v1, fabric-command-api-v2, fabric-content-registries-v0, fabric-convention-tags-v1, fabric-convention-tags-v2, fabric-crash-report-info-v1, fabric-data-attachment-api-v1, fabric-data-generation-api-v1, fabric-dimensions-v1, fabric-entity-events-v1, fabric-events-interaction-v0, fabric-game-rule-api-v1, fabric-gametest-api-v1, fabric-item-api-v1, fabric-item-group-api-v1, fabric-key-binding-api-v1, fabric-lifecycle-events-v1, fabric-loot-api-v2]
[15:32:09] [Render thread/DEBUG] (net.fabricmc.fabric.impl.resource.loader.ModResourcePackUtil) [Fabric] cur @ fabric, auto-enabled fabric-loot-api-v3, currently enabled: [vanilla, fabric, fabric-api, fabric-api-base, fabric-api-lookup-api-v1, fabric-biome-api-v1, fabric-block-api-v1, fabric-block-view-api-v2, fabric-client-gametest-api-v1, fabric-command-api-v2, fabric-content-registries-v0, fabric-convention-tags-v1, fabric-convention-tags-v2, fabric-crash-report-info-v1, fabric-data-attachment-api-v1, fabric-data-generation-api-v1, fabric-dimensions-v1, fabric-entity-events-v1, fabric-events-interaction-v0, fabric-game-rule-api-v1, fabric-gametest-api-v1, fabric-item-api-v1, fabric-item-group-api-v1, fabric-key-binding-api-v1, fabric-lifecycle-events-v1, fabric-loot-api-v2, fabric-loot-api-v3]
[15:32:09] [Render thread/DEBUG] (net.fabricmc.fabric.impl.resource.loader.ModResourcePackUtil) [Fabric] cur @ fabric, auto-enabled fabric-message-api-v1, currently enabled: [vanilla, fabric, fabric-api, fabric-api-base, fabric-api-lookup-api-v1, fabric-biome-api-v1, fabric-block-api-v1, fabric-block-view-api-v2, fabric-client-gametest-api-v1, fabric-command-api-v2, fabric-content-registries-v0, fabric-convention-tags-v1, fabric-convention-tags-v2, fabric-crash-report-info-v1, fabric-data-attachment-api-v1, fabric-data-generation-api-v1, fabric-dimensions-v1, fabric-entity-events-v1, fabric-events-interaction-v0, fabric-game-rule-api-v1, fabric-gametest-api-v1, fabric-item-api-v1, fabric-item-group-api-v1, fabric-key-binding-api-v1, fabric-lifecycle-events-v1, fabric-loot-api-v2, fabric-loot-api-v3, fabric-message-api-v1]
[15:32:09] [Render thread/DEBUG] (net.fabricmc.fabric.impl.resource.loader.ModResourcePackUtil) [Fabric] cur @ fabric, auto-enabled fabric-model-loading-api-v1, currently enabled: [vanilla, fabric, fabric-api, fabric-api-base, fabric-api-lookup-api-v1, fabric-biome-api-v1, fabric-block-api-v1, fabric-block-view-api-v2, fabric-client-gametest-api-v1, fabric-command-api-v2, fabric-content-registries-v0, fabric-convention-tags-v1, fabric-convention-tags-v2, fabric-crash-report-info-v1, fabric-data-attachment-api-v1, fabric-data-generation-api-v1, fabric-dimensions-v1, fabric-entity-events-v1, fabric-events-interaction-v0, fabric-game-rule-api-v1, fabric-gametest-api-v1, fabric-item-api-v1, fabric-item-group-api-v1, fabric-key-binding-api-v1, fabric-lifecycle-events-v1, fabric-loot-api-v2, fabric-loot-api-v3, fabric-message-api-v1, fabric-model-loading-api-v1]
[15:32:09] [Render thread/DEBUG] (net.fabricmc.fabric.impl.resource.loader.ModResourcePackUtil) [Fabric] cur @ fabric, auto-enabled fabric-networking-api-v1, currently enabled: [vanilla, fabric, fabric-api, fabric-api-base, fabric-api-lookup-api-v1, fabric-biome-api-v1, fabric-block-api-v1, fabric-block-view-api-v2, fabric-client-gametest-api-v1, fabric-command-api-v2, fabric-content-registries-v0, fabric-convention-tags-v1, fabric-convention-tags-v2, fabric-crash-report-info-v1, fabric-data-attachment-api-v1, fabric-data-generation-api-v1, fabric-dimensions-v1, fabric-entity-events-v1, fabric-events-interaction-v0, fabric-game-rule-api-v1, fabric-gametest-api-v1, fabric-item-api-v1, fabric-item-group-api-v1, fabric-key-binding-api-v1, fabric-lifecycle-events-v1, fabric-loot-api-v2, fabric-loot-api-v3, fabric-message-api-v1, fabric-model-loading-api-v1, fabric-networking-api-v1]
[15:32:09] [Render thread/DEBUG] (net.fabricmc.fabric.impl.resource.loader.ModResourcePackUtil) [Fabric] cur @ fabric, auto-enabled fabric-object-builder-api-v1, currently enabled: [vanilla, fabric, fabric-api, fabric-api-base, fabric-api-lookup-api-v1, fabric-biome-api-v1, fabric-block-api-v1, fabric-block-view-api-v2, fabric-client-gametest-api-v1, fabric-command-api-v2, fabric-content-registries-v0, fabric-convention-tags-v1, fabric-convention-tags-v2, fabric-crash-report-info-v1, fabric-data-attachment-api-v1, fabric-data-generation-api-v1, fabric-dimensions-v1, fabric-entity-events-v1, fabric-events-interaction-v0, fabric-game-rule-api-v1, fabric-gametest-api-v1, fabric-item-api-v1, fabric-item-group-api-v1, fabric-key-binding-api-v1, fabric-lifecycle-events-v1, fabric-loot-api-v2, fabric-loot-api-v3, fabric-message-api-v1, fabric-model-loading-api-v1, fabric-networking-api-v1, fabric-object-builder-api-v1]
[15:32:09] [Render thread/DEBUG] (net.fabricmc.fabric.impl.resource.loader.ModResourcePackUtil) [Fabric] cur @ fabric, auto-enabled fabric-particles-v1, currently enabled: [vanilla, fabric, fabric-api, fabric-api-base, fabric-api-lookup-api-v1, fabric-biome-api-v1, fabric-block-api-v1, fabric-block-view-api-v2, fabric-client-gametest-api-v1, fabric-command-api-v2, fabric-content-registries-v0, fabric-convention-tags-v1, fabric-convention-tags-v2, fabric-crash-report-info-v1, fabric-data-attachment-api-v1, fabric-data-generation-api-v1, fabric-dimensions-v1, fabric-entity-events-v1, fabric-events-interaction-v0, fabric-game-rule-api-v1, fabric-gametest-api-v1, fabric-item-api-v1, fabric-item-group-api-v1, fabric-key-binding-api-v1, fabric-lifecycle-events-v1, fabric-loot-api-v2, fabric-loot-api-v3, fabric-message-api-v1, fabric-model-loading-api-v1, fabric-networking-api-v1, fabric-object-builder-api-v1, fabric-particles-v1]
[15:32:09] [Render thread/DEBUG] (net.fabricmc.fabric.impl.resource.loader.ModResourcePackUtil) [Fabric] cur @ fabric, auto-enabled fabric-recipe-api-v1, currently enabled: [vanilla, fabric, fabric-api, fabric-api-base, fabric-api-lookup-api-v1, fabric-biome-api-v1, fabric-block-api-v1, fabric-block-view-api-v2, fabric-client-gametest-api-v1, fabric-command-api-v2, fabric-content-registries-v0, fabric-convention-tags-v1, fabric-convention-tags-v2, fabric-crash-report-info-v1, fabric-data-attachment-api-v1, fabric-data-generation-api-v1, fabric-dimensions-v1, fabric-entity-events-v1, fabric-events-interaction-v0, fabric-game-rule-api-v1, fabric-gametest-api-v1, fabric-item-api-v1, fabric-item-group-api-v1, fabric-key-binding-api-v1, fabric-lifecycle-events-v1, fabric-loot-api-v2, fabric-loot-api-v3, fabric-message-api-v1, fabric-model-loading-api-v1, fabric-networking-api-v1, fabric-object-builder-api-v1, fabric-particles-v1, fabric-recipe-api-v1]
[15:32:09] [Render thread/DEBUG] (net.fabricmc.fabric.impl.resource.loader.ModResourcePackUtil) [Fabric] cur @ fabric, auto-enabled fabric-registry-sync-v0, currently enabled: [vanilla, fabric, fabric-api, fabric-api-base, fabric-api-lookup-api-v1, fabric-biome-api-v1, fabric-block-api-v1, fabric-block-view-api-v2, fabric-client-gametest-api-v1, fabric-command-api-v2, fabric-content-registries-v0, fabric-convention-tags-v1, fabric-convention-tags-v2, fabric-crash-report-info-v1, fabric-data-attachment-api-v1, fabric-data-generation-api-v1, fabric-dimensions-v1, fabric-entity-events-v1, fabric-events-interaction-v0, fabric-game-rule-api-v1, fabric-gametest-api-v1, fabric-item-api-v1, fabric-item-group-api-v1, fabric-key-binding-api-v1, fabric-lifecycle-events-v1, fabric-loot-api-v2, fabric-loot-api-v3, fabric-message-api-v1, fabric-model-loading-api-v1, fabric-networking-api-v1, fabric-object-builder-api-v1, fabric-particles-v1, fabric-recipe-api-v1, fabric-registry-sync-v0]
[15:32:09] [Render thread/DEBUG] (net.fabricmc.fabric.impl.resource.loader.ModResourcePackUtil) [Fabric] cur @ fabric, auto-enabled fabric-renderer-api-v1, currently enabled: [vanilla, fabric, fabric-api, fabric-api-base, fabric-api-lookup-api-v1, fabric-biome-api-v1, fabric-block-api-v1, fabric-block-view-api-v2, fabric-client-gametest-api-v1, fabric-command-api-v2, fabric-content-registries-v0, fabric-convention-tags-v1, fabric-convention-tags-v2, fabric-crash-report-info-v1, fabric-data-attachment-api-v1, fabric-data-generation-api-v1, fabric-dimensions-v1, fabric-entity-events-v1, fabric-events-interaction-v0, fabric-game-rule-api-v1, fabric-gametest-api-v1, fabric-item-api-v1, fabric-item-group-api-v1, fabric-key-binding-api-v1, fabric-lifecycle-events-v1, fabric-loot-api-v2, fabric-loot-api-v3, fabric-message-api-v1, fabric-model-loading-api-v1, fabric-networking-api-v1, fabric-object-builder-api-v1, fabric-particles-v1, fabric-recipe-api-v1, fabric-registry-sync-v0, fabric-renderer-api-v1]
[15:32:09] [Render thread/DEBUG] (net.fabricmc.fabric.impl.resource.loader.ModResourcePackUtil) [Fabric] cur @ fabric, auto-enabled fabric-renderer-indigo, currently enabled: [vanilla, fabric, fabric-api, fabric-api-base, fabric-api-lookup-api-v1, fabric-biome-api-v1, fabric-block-api-v1, fabric-block-view-api-v2, fabric-client-gametest-api-v1, fabric-command-api-v2, fabric-content-registries-v0, fabric-convention-tags-v1, fabric-convention-tags-v2, fabric-crash-report-info-v1, fabric-data-attachment-api-v1, fabric-data-generation-api-v1, fabric-dimensions-v1, fabric-entity-events-v1, fabric-events-interaction-v0, fabric-game-rule-api-v1, fabric-gametest-api-v1, fabric-item-api-v1, fabric-item-group-api-v1, fabric-key-binding-api-v1, fabric-lifecycle-events-v1, fabric-loot-api-v2, fabric-loot-api-v3, fabric-message-api-v1, fabric-model-loading-api-v1, fabric-networking-api-v1, fabric-object-builder-api-v1, fabric-particles-v1, fabric-recipe-api-v1, fabric-registry-sync-v0, fabric-renderer-api-v1, fabric-renderer-indigo]
[15:32:09] [Render thread/DEBUG] (net.fabricmc.fabric.impl.resource.loader.ModResourcePackUtil) [Fabric] cur @ fabric, auto-enabled fabric-rendering-fluids-v1, currently enabled: [vanilla, fabric, fabric-api, fabric-api-base, fabric-api-lookup-api-v1, fabric-biome-api-v1, fabric-block-api-v1, fabric-block-view-api-v2, fabric-client-gametest-api-v1, fabric-command-api-v2, fabric-content-registries-v0, fabric-convention-tags-v1, fabric-convention-tags-v2, fabric-crash-report-info-v1, fabric-data-attachment-api-v1, fabric-data-generation-api-v1, fabric-dimensions-v1, fabric-entity-events-v1, fabric-events-interaction-v0, fabric-game-rule-api-v1, fabric-gametest-api-v1, fabric-item-api-v1, fabric-item-group-api-v1, fabric-key-binding-api-v1, fabric-lifecycle-events-v1, fabric-loot-api-v2, fabric-loot-api-v3, fabric-message-api-v1, fabric-model-loading-api-v1, fabric-networking-api-v1, fabric-object-builder-api-v1, fabric-particles-v1, fabric-recipe-api-v1, fabric-registry-sync-v0, fabric-renderer-api-v1, fabric-renderer-indigo, fabric-rendering-fluids-v1]
[15:32:09] [Render thread/DEBUG] (net.fabricmc.fabric.impl.resource.loader.ModResourcePackUtil) [Fabric] cur @ fabric, auto-enabled fabric-rendering-v1, currently enabled: [vanilla, fabric, fabric-api, fabric-api-base, fabric-api-lookup-api-v1, fabric-biome-api-v1, fabric-block-api-v1, fabric-block-view-api-v2, fabric-client-gametest-api-v1, fabric-command-api-v2, fabric-content-registries-v0, fabric-convention-tags-v1, fabric-convention-tags-v2, fabric-crash-report-info-v1, fabric-data-attachment-api-v1, fabric-data-generation-api-v1, fabric-dimensions-v1, fabric-entity-events-v1, fabric-events-interaction-v0, fabric-game-rule-api-v1, fabric-gametest-api-v1, fabric-item-api-v1, fabric-item-group-api-v1, fabric-key-binding-api-v1, fabric-lifecycle-events-v1, fabric-loot-api-v2, fabric-loot-api-v3, fabric-message-api-v1, fabric-model-loading-api-v1, fabric-networking-api-v1, fabric-object-builder-api-v1, fabric-particles-v1, fabric-recipe-api-v1, fabric-registry-sync-v0, fabric-renderer-api-v1, fabric-renderer-indigo, fabric-rendering-fluids-v1, fabric-rendering-v1]
[15:32:09] [Render thread/DEBUG] (net.fabricmc.fabric.impl.resource.loader.ModResourcePackUtil) [Fabric] cur @ fabric, auto-enabled fabric-resource-conditions-api-v1, currently enabled: [vanilla, fabric, fabric-api, fabric-api-base, fabric-api-lookup-api-v1, fabric-biome-api-v1, fabric-block-api-v1, fabric-block-view-api-v2, fabric-client-gametest-api-v1, fabric-command-api-v2, fabric-content-registries-v0, fabric-convention-tags-v1, fabric-convention-tags-v2, fabric-crash-report-info-v1, fabric-data-attachment-api-v1, fabric-data-generation-api-v1, fabric-dimensions-v1, fabric-entity-events-v1, fabric-events-interaction-v0, fabric-game-rule-api-v1, fabric-gametest-api-v1, fabric-item-api-v1, fabric-item-group-api-v1, fabric-key-binding-api-v1, fabric-lifecycle-events-v1, fabric-loot-api-v2, fabric-loot-api-v3, fabric-message-api-v1, fabric-model-loading-api-v1, fabric-networking-api-v1, fabric-object-builder-api-v1, fabric-particles-v1, fabric-recipe-api-v1, fabric-registry-sync-v0, fabric-renderer-api-v1, fabric-renderer-indigo, fabric-rendering-fluids-v1, fabric-rendering-v1, fabric-resource-conditions-api-v1]
[15:32:09] [Render thread/DEBUG] (net.fabricmc.fabric.impl.resource.loader.ModResourcePackUtil) [Fabric] cur @ fabric, auto-enabled fabric-resource-loader-v0, currently enabled: [vanilla, fabric, fabric-api, fabric-api-base, fabric-api-lookup-api-v1, fabric-biome-api-v1, fabric-block-api-v1, fabric-block-view-api-v2, fabric-client-gametest-api-v1, fabric-command-api-v2, fabric-content-registries-v0, fabric-convention-tags-v1, fabric-convention-tags-v2, fabric-crash-report-info-v1, fabric-data-attachment-api-v1, fabric-data-generation-api-v1, fabric-dimensions-v1, fabric-entity-events-v1, fabric-events-interaction-v0, fabric-game-rule-api-v1, fabric-gametest-api-v1, fabric-item-api-v1, fabric-item-group-api-v1, fabric-key-binding-api-v1, fabric-lifecycle-events-v1, fabric-loot-api-v2, fabric-loot-api-v3, fabric-message-api-v1, fabric-model-loading-api-v1, fabric-networking-api-v1, fabric-object-builder-api-v1, fabric-particles-v1, fabric-recipe-api-v1, fabric-registry-sync-v0, fabric-renderer-api-v1, fabric-renderer-indigo, fabric-rendering-fluids-v1, fabric-rendering-v1, fabric-resource-conditions-api-v1, fabric-resource-loader-v0]
[15:32:09] [Render thread/DEBUG] (net.fabricmc.fabric.impl.resource.loader.ModResourcePackUtil) [Fabric] cur @ fabric, auto-enabled fabric-resource-loader-v1, currently enabled: [vanilla, fabric, fabric-api, fabric-api-base, fabric-api-lookup-api-v1, fabric-biome-api-v1, fabric-block-api-v1, fabric-block-view-api-v2, fabric-client-gametest-api-v1, fabric-command-api-v2, fabric-content-registries-v0, fabric-convention-tags-v1, fabric-convention-tags-v2, fabric-crash-report-info-v1, fabric-data-attachment-api-v1, fabric-data-generation-api-v1, fabric-dimensions-v1, fabric-entity-events-v1, fabric-events-interaction-v0, fabric-game-rule-api-v1, fabric-gametest-api-v1, fabric-item-api-v1, fabric-item-group-api-v1, fabric-key-binding-api-v1, fabric-lifecycle-events-v1, fabric-loot-api-v2, fabric-loot-api-v3, fabric-message-api-v1, fabric-model-loading-api-v1, fabric-networking-api-v1, fabric-object-builder-api-v1, fabric-particles-v1, fabric-recipe-api-v1, fabric-registry-sync-v0, fabric-renderer-api-v1, fabric-renderer-indigo, fabric-rendering-fluids-v1, fabric-rendering-v1, fabric-resource-conditions-api-v1, fabric-resource-loader-v0, fabric-resource-loader-v1]
[15:32:09] [Render thread/DEBUG] (net.fabricmc.fabric.impl.resource.loader.ModResourcePackUtil) [Fabric] cur @ fabric, auto-enabled fabric-screen-api-v1, currently enabled: [vanilla, fabric, fabric-api, fabric-api-base, fabric-api-lookup-api-v1, fabric-biome-api-v1, fabric-block-api-v1, fabric-block-view-api-v2, fabric-client-gametest-api-v1, fabric-command-api-v2, fabric-content-registries-v0, fabric-convention-tags-v1, fabric-convention-tags-v2, fabric-crash-report-info-v1, fabric-data-attachment-api-v1, fabric-data-generation-api-v1, fabric-dimensions-v1, fabric-entity-events-v1, fabric-events-interaction-v0, fabric-game-rule-api-v1, fabric-gametest-api-v1, fabric-item-api-v1, fabric-item-group-api-v1, fabric-key-binding-api-v1, fabric-lifecycle-events-v1, fabric-loot-api-v2, fabric-loot-api-v3, fabric-message-api-v1, fabric-model-loading-api-v1, fabric-networking-api-v1, fabric-object-builder-api-v1, fabric-particles-v1, fabric-recipe-api-v1, fabric-registry-sync-v0, fabric-renderer-api-v1, fabric-renderer-indigo, fabric-rendering-fluids-v1, fabric-rendering-v1, fabric-resource-conditions-api-v1, fabric-resource-loader-v0, fabric-resource-loader-v1, fabric-screen-api-v1]
[15:32:09] [Render thread/DEBUG] (net.fabricmc.fabric.impl.resource.loader.ModResourcePackUtil) [Fabric] cur @ fabric, auto-enabled fabric-screen-handler-api-v1, currently enabled: [vanilla, fabric, fabric-api, fabric-api-base, fabric-api-lookup-api-v1, fabric-biome-api-v1, fabric-block-api-v1, fabric-block-view-api-v2, fabric-client-gametest-api-v1, fabric-command-api-v2, fabric-content-registries-v0, fabric-convention-tags-v1, fabric-convention-tags-v2, fabric-crash-report-info-v1, fabric-data-attachment-api-v1, fabric-data-generation-api-v1, fabric-dimensions-v1, fabric-entity-events-v1, fabric-events-interaction-v0, fabric-game-rule-api-v1, fabric-gametest-api-v1, fabric-item-api-v1, fabric-item-group-api-v1, fabric-key-binding-api-v1, fabric-lifecycle-events-v1, fabric-loot-api-v2, fabric-loot-api-v3, fabric-message-api-v1, fabric-model-loading-api-v1, fabric-networking-api-v1, fabric-object-builder-api-v1, fabric-particles-v1, fabric-recipe-api-v1, fabric-registry-sync-v0, fabric-renderer-api-v1, fabric-renderer-indigo, fabric-rendering-fluids-v1, fabric-rendering-v1, fabric-resource-conditions-api-v1, fabric-resource-loader-v0, fabric-resource-loader-v1, fabric-screen-api-v1, fabric-screen-handler-api-v1]
[15:32:09] [Render thread/DEBUG] (net.fabricmc.fabric.impl.resource.loader.ModResourcePackUtil) [Fabric] cur @ fabric, auto-enabled fabric-serialization-api-v1, currently enabled: [vanilla, fabric, fabric-api, fabric-api-base, fabric-api-lookup-api-v1, fabric-biome-api-v1, fabric-block-api-v1, fabric-block-view-api-v2, fabric-client-gametest-api-v1, fabric-command-api-v2, fabric-content-registries-v0, fabric-convention-tags-v1, fabric-convention-tags-v2, fabric-crash-report-info-v1, fabric-data-attachment-api-v1, fabric-data-generation-api-v1, fabric-dimensions-v1, fabric-entity-events-v1, fabric-events-interaction-v0, fabric-game-rule-api-v1, fabric-gametest-api-v1, fabric-item-api-v1, fabric-item-group-api-v1, fabric-key-binding-api-v1, fabric-lifecycle-events-v1, fabric-loot-api-v2, fabric-loot-api-v3, fabric-message-api-v1, fabric-model-loading-api-v1, fabric-networking-api-v1, fabric-object-builder-api-v1, fabric-particles-v1, fabric-recipe-api-v1, fabric-registry-sync-v0, fabric-renderer-api-v1, fabric-renderer-indigo, fabric-rendering-fluids-v1, fabric-rendering-v1, fabric-resource-conditions-api-v1, fabric-resource-loader-v0, fabric-resource-loader-v1, fabric-screen-api-v1, fabric-screen-handler-api-v1, fabric-serialization-api-v1]
[15:32:09] [Render thread/DEBUG] (net.fabricmc.fabric.impl.resource.loader.ModResourcePackUtil) [Fabric] cur @ fabric, auto-enabled fabric-sound-api-v1, currently enabled: [vanilla, fabric, fabric-api, fabric-api-base, fabric-api-lookup-api-v1, fabric-biome-api-v1, fabric-block-api-v1, fabric-block-view-api-v2, fabric-client-gametest-api-v1, fabric-command-api-v2, fabric-content-registries-v0, fabric-convention-tags-v1, fabric-convention-tags-v2, fabric-crash-report-info-v1, fabric-data-attachment-api-v1, fabric-data-generation-api-v1, fabric-dimensions-v1, fabric-entity-events-v1, fabric-events-interaction-v0, fabric-game-rule-api-v1, fabric-gametest-api-v1, fabric-item-api-v1, fabric-item-group-api-v1, fabric-key-binding-api-v1, fabric-lifecycle-events-v1, fabric-loot-api-v2, fabric-loot-api-v3, fabric-message-api-v1, fabric-model-loading-api-v1, fabric-networking-api-v1, fabric-object-builder-api-v1, fabric-particles-v1, fabric-recipe-api-v1, fabric-registry-sync-v0, fabric-renderer-api-v1, fabric-renderer-indigo, fabric-rendering-fluids-v1, fabric-rendering-v1, fabric-resource-conditions-api-v1, fabric-resource-loader-v0, fabric-resource-loader-v1, fabric-screen-api-v1, fabric-screen-handler-api-v1, fabric-serialization-api-v1, fabric-sound-api-v1]
[15:32:09] [Render thread/DEBUG] (net.fabricmc.fabric.impl.resource.loader.ModResourcePackUtil) [Fabric] cur @ fabric, auto-enabled fabric-tag-api-v1, currently enabled: [vanilla, fabric, fabric-api, fabric-api-base, fabric-api-lookup-api-v1, fabric-biome-api-v1, fabric-block-api-v1, fabric-block-view-api-v2, fabric-client-gametest-api-v1, fabric-command-api-v2, fabric-content-registries-v0, fabric-convention-tags-v1, fabric-convention-tags-v2, fabric-crash-report-info-v1, fabric-data-attachment-api-v1, fabric-data-generation-api-v1, fabric-dimensions-v1, fabric-entity-events-v1, fabric-events-interaction-v0, fabric-game-rule-api-v1, fabric-gametest-api-v1, fabric-item-api-v1, fabric-item-group-api-v1, fabric-key-binding-api-v1, fabric-lifecycle-events-v1, fabric-loot-api-v2, fabric-loot-api-v3, fabric-message-api-v1, fabric-model-loading-api-v1, fabric-networking-api-v1, fabric-object-builder-api-v1, fabric-particles-v1, fabric-recipe-api-v1, fabric-registry-sync-v0, fabric-renderer-api-v1, fabric-renderer-indigo, fabric-rendering-fluids-v1, fabric-rendering-v1, fabric-resource-conditions-api-v1, fabric-resource-loader-v0, fabric-resource-loader-v1, fabric-screen-api-v1, fabric-screen-handler-api-v1, fabric-serialization-api-v1, fabric-sound-api-v1, fabric-tag-api-v1]
[15:32:09] [Render thread/DEBUG] (net.fabricmc.fabric.impl.resource.loader.ModResourcePackUtil) [Fabric] cur @ fabric, auto-enabled fabric-transfer-api-v1, currently enabled: [vanilla, fabric, fabric-api, fabric-api-base, fabric-api-lookup-api-v1, fabric-biome-api-v1, fabric-block-api-v1, fabric-block-view-api-v2, fabric-client-gametest-api-v1, fabric-command-api-v2, fabric-content-registries-v0, fabric-convention-tags-v1, fabric-convention-tags-v2, fabric-crash-report-info-v1, fabric-data-attachment-api-v1, fabric-data-generation-api-v1, fabric-dimensions-v1, fabric-entity-events-v1, fabric-events-interaction-v0, fabric-game-rule-api-v1, fabric-gametest-api-v1, fabric-item-api-v1, fabric-item-group-api-v1, fabric-key-binding-api-v1, fabric-lifecycle-events-v1, fabric-loot-api-v2, fabric-loot-api-v3, fabric-message-api-v1, fabric-model-loading-api-v1, fabric-networking-api-v1, fabric-object-builder-api-v1, fabric-particles-v1, fabric-recipe-api-v1, fabric-registry-sync-v0, fabric-renderer-api-v1, fabric-renderer-indigo, fabric-rendering-fluids-v1, fabric-rendering-v1, fabric-resource-conditions-api-v1, fabric-resource-loader-v0, fabric-resource-loader-v1, fabric-screen-api-v1, fabric-screen-handler-api-v1, fabric-serialization-api-v1, fabric-sound-api-v1, fabric-tag-api-v1, fabric-transfer-api-v1]
[15:32:09] [Render thread/DEBUG] (net.fabricmc.fabric.impl.resource.loader.ModResourcePackUtil) [Fabric] cur @ fabric, auto-enabled fabric-transitive-access-wideners-v1, currently enabled: [vanilla, fabric, fabric-api, fabric-api-base, fabric-api-lookup-api-v1, fabric-biome-api-v1, fabric-block-api-v1, fabric-block-view-api-v2, fabric-client-gametest-api-v1, fabric-command-api-v2, fabric-content-registries-v0, fabric-convention-tags-v1, fabric-convention-tags-v2, fabric-crash-report-info-v1, fabric-data-attachment-api-v1, fabric-data-generation-api-v1, fabric-dimensions-v1, fabric-entity-events-v1, fabric-events-interaction-v0, fabric-game-rule-api-v1, fabric-gametest-api-v1, fabric-item-api-v1, fabric-item-group-api-v1, fabric-key-binding-api-v1, fabric-lifecycle-events-v1, fabric-loot-api-v2, fabric-loot-api-v3, fabric-message-api-v1, fabric-model-loading-api-v1, fabric-networking-api-v1, fabric-object-builder-api-v1, fabric-particles-v1, fabric-recipe-api-v1, fabric-registry-sync-v0, fabric-renderer-api-v1, fabric-renderer-indigo, fabric-rendering-fluids-v1, fabric-rendering-v1, fabric-resource-conditions-api-v1, fabric-resource-loader-v0, fabric-resource-loader-v1, fabric-screen-api-v1, fabric-screen-handler-api-v1, fabric-serialization-api-v1, fabric-sound-api-v1, fabric-tag-api-v1, fabric-transfer-api-v1, fabric-transitive-access-wideners-v1]
[15:32:09] [Render thread/DEBUG] (net.fabricmc.fabric.impl.resource.loader.ModResourcePackUtil) [Fabric] cur @ fabric, auto-enabled fabricloader, currently enabled: [vanilla, fabric, fabric-api, fabric-api-base, fabric-api-lookup-api-v1, fabric-biome-api-v1, fabric-block-api-v1, fabric-block-view-api-v2, fabric-client-gametest-api-v1, fabric-command-api-v2, fabric-content-registries-v0, fabric-convention-tags-v1, fabric-convention-tags-v2, fabric-crash-report-info-v1, fabric-data-attachment-api-v1, fabric-data-generation-api-v1, fabric-dimensions-v1, fabric-entity-events-v1, fabric-events-interaction-v0, fabric-game-rule-api-v1, fabric-gametest-api-v1, fabric-item-api-v1, fabric-item-group-api-v1, fabric-key-binding-api-v1, fabric-lifecycle-events-v1, fabric-loot-api-v2, fabric-loot-api-v3, fabric-message-api-v1, fabric-model-loading-api-v1, fabric-networking-api-v1, fabric-object-builder-api-v1, fabric-particles-v1, fabric-recipe-api-v1, fabric-registry-sync-v0, fabric-renderer-api-v1, fabric-renderer-indigo, fabric-rendering-fluids-v1, fabric-rendering-v1, fabric-resource-conditions-api-v1, fabric-resource-loader-v0, fabric-resource-loader-v1, fabric-screen-api-v1, fabric-screen-handler-api-v1, fabric-serialization-api-v1, fabric-sound-api-v1, fabric-tag-api-v1, fabric-transfer-api-v1, fabric-transitive-access-wideners-v1, fabricloader]
[15:32:09] [Render thread/DEBUG] (net.fabricmc.fabric.impl.resource.loader.ModResourcePackUtil) [Fabric] cur @ fabric, auto-enabled generated_73cffe0, currently enabled: [vanilla, fabric, fabric-api, fabric-api-base, fabric-api-lookup-api-v1, fabric-biome-api-v1, fabric-block-api-v1, fabric-block-view-api-v2, fabric-client-gametest-api-v1, fabric-command-api-v2, fabric-content-registries-v0, fabric-convention-tags-v1, fabric-convention-tags-v2, fabric-crash-report-info-v1, fabric-data-attachment-api-v1, fabric-data-generation-api-v1, fabric-dimensions-v1, fabric-entity-events-v1, fabric-events-interaction-v0, fabric-game-rule-api-v1, fabric-gametest-api-v1, fabric-item-api-v1, fabric-item-group-api-v1, fabric-key-binding-api-v1, fabric-lifecycle-events-v1, fabric-loot-api-v2, fabric-loot-api-v3, fabric-message-api-v1, fabric-model-loading-api-v1, fabric-networking-api-v1, fabric-object-builder-api-v1, fabric-particles-v1, fabric-recipe-api-v1, fabric-registry-sync-v0, fabric-renderer-api-v1, fabric-renderer-indigo, fabric-rendering-fluids-v1, fabric-rendering-v1, fabric-resource-conditions-api-v1, fabric-resource-loader-v0, fabric-resource-loader-v1, fabric-screen-api-v1, fabric-screen-handler-api-v1, fabric-serialization-api-v1, fabric-sound-api-v1, fabric-tag-api-v1, fabric-transfer-api-v1, fabric-transitive-access-wideners-v1, fabricloader, generated_73cffe0]
[15:32:09] [Render thread/DEBUG] (net.fabricmc.fabric.impl.resource.loader.ModResourcePackUtil) [Fabric] cur @ fabric, auto-enabled reload_server_list, currently enabled: [vanilla, fabric, fabric-api, fabric-api-base, fabric-api-lookup-api-v1, fabric-biome-api-v1, fabric-block-api-v1, fabric-block-view-api-v2, fabric-client-gametest-api-v1, fabric-command-api-v2, fabric-content-registries-v0, fabric-convention-tags-v1, fabric-convention-tags-v2, fabric-crash-report-info-v1, fabric-data-attachment-api-v1, fabric-data-generation-api-v1, fabric-dimensions-v1, fabric-entity-events-v1, fabric-events-interaction-v0, fabric-game-rule-api-v1, fabric-gametest-api-v1, fabric-item-api-v1, fabric-item-group-api-v1, fabric-key-binding-api-v1, fabric-lifecycle-events-v1, fabric-loot-api-v2, fabric-loot-api-v3, fabric-message-api-v1, fabric-model-loading-api-v1, fabric-networking-api-v1, fabric-object-builder-api-v1, fabric-particles-v1, fabric-recipe-api-v1, fabric-registry-sync-v0, fabric-renderer-api-v1, fabric-renderer-indigo, fabric-rendering-fluids-v1, fabric-rendering-v1, fabric-resource-conditions-api-v1, fabric-resource-loader-v0, fabric-resource-loader-v1, fabric-screen-api-v1, fabric-screen-handler-api-v1, fabric-serialization-api-v1, fabric-sound-api-v1, fabric-tag-api-v1, fabric-transfer-api-v1, fabric-transitive-access-wideners-v1, fabricloader, generated_73cffe0, reload_server_list]
[15:32:09] [Render thread/DEBUG] (net.fabricmc.fabric.impl.resource.loader.ModResourcePackUtil) [Fabric] Final sorting result: [vanilla, fabric, fabric-api, fabric-api-base, fabric-api-lookup-api-v1, fabric-biome-api-v1, fabric-block-api-v1, fabric-block-view-api-v2, fabric-client-gametest-api-v1, fabric-command-api-v2, fabric-content-registries-v0, fabric-convention-tags-v1, fabric-convention-tags-v2, fabric-crash-report-info-v1, fabric-data-attachment-api-v1, fabric-data-generation-api-v1, fabric-dimensions-v1, fabric-entity-events-v1, fabric-events-interaction-v0, fabric-game-rule-api-v1, fabric-gametest-api-v1, fabric-item-api-v1, fabric-item-group-api-v1, fabric-key-binding-api-v1, fabric-lifecycle-events-v1, fabric-loot-api-v2, fabric-loot-api-v3, fabric-message-api-v1, fabric-model-loading-api-v1, fabric-networking-api-v1, fabric-object-builder-api-v1, fabric-particles-v1, fabric-recipe-api-v1, fabric-registry-sync-v0, fabric-renderer-api-v1, fabric-renderer-indigo, fabric-rendering-fluids-v1, fabric-rendering-v1, fabric-resource-conditions-api-v1, fabric-resource-loader-v0, fabric-resource-loader-v1, fabric-screen-api-v1, fabric-screen-handler-api-v1, fabric-serialization-api-v1, fabric-sound-api-v1, fabric-tag-api-v1, fabric-transfer-api-v1, fabric-transitive-access-wideners-v1, fabricloader, generated_73cffe0, reload_server_list]
[15:32:09] [Render thread/DEBUG] (net.fabricmc.fabric.impl.resource.loader.ModResourcePackUtil) [Fabric] Starting internal pack sorting with: [vanilla, fabric, generated_73cffe0, fabric-api, fabric-api-base, fabric-api-lookup-api-v1, fabric-biome-api-v1, fabric-block-api-v1, fabric-block-view-api-v2, fabric-client-gametest-api-v1, fabric-command-api-v2, fabric-content-registries-v0, fabric-convention-tags-v1, fabric-convention-tags-v2, fabric-crash-report-info-v1, fabric-data-attachment-api-v1, fabric-data-generation-api-v1, fabric-dimensions-v1, fabric-entity-events-v1, fabric-events-interaction-v0, fabric-game-rule-api-v1, fabric-gametest-api-v1, fabric-item-api-v1, fabric-item-group-api-v1, fabric-item-group-api-v1_programmer_art, fabric-key-binding-api-v1, fabric-lifecycle-events-v1, fabric-loot-api-v2, fabric-loot-api-v3, fabric-message-api-v1, fabric-model-loading-api-v1, fabric-networking-api-v1, fabric-object-builder-api-v1, fabric-particles-v1, fabric-recipe-api-v1, fabric-registry-sync-v0, fabric-renderer-api-v1, fabric-renderer-indigo, fabric-rendering-fluids-v1, fabric-rendering-v1, fabric-resource-conditions-api-v1, fabric-resource-loader-v0, fabric-resource-loader-v1, fabric-screen-api-v1, fabric-screen-handler-api-v1, fabric-serialization-api-v1, fabric-sound-api-v1, fabric-tag-api-v1, fabric-transfer-api-v1, fabric-transitive-access-wideners-v1, fabricloader, reload_server_list]
[15:32:09] [Render thread/DEBUG] (net.fabricmc.fabric.impl.resource.loader.ModResourcePackUtil) [Fabric] Removed all internal packs, result: [vanilla, fabric]
[15:32:09] [Render thread/DEBUG] (net.fabricmc.fabric.impl.resource.loader.ModResourcePackUtil) [Fabric] cur @ fabric, auto-enabled fabric-api, currently enabled: [vanilla, fabric, fabric-api]
[15:32:09] [Render thread/DEBUG] (net.fabricmc.fabric.impl.resource.loader.ModResourcePackUtil) [Fabric] cur @ fabric, auto-enabled fabric-api-base, currently enabled: [vanilla, fabric, fabric-api, fabric-api-base]
[15:32:09] [Render thread/DEBUG] (net.fabricmc.fabric.impl.resource.loader.ModResourcePackUtil) [Fabric] cur @ fabric, auto-enabled fabric-api-lookup-api-v1, currently enabled: [vanilla, fabric, fabric-api, fabric-api-base, fabric-api-lookup-api-v1]
[15:32:09] [Render thread/DEBUG] (net.fabricmc.fabric.impl.resource.loader.ModResourcePackUtil) [Fabric] cur @ fabric, auto-enabled fabric-biome-api-v1, currently enabled: [vanilla, fabric, fabric-api, fabric-api-base, fabric-api-lookup-api-v1, fabric-biome-api-v1]
[15:32:09] [Render thread/DEBUG] (net.fabricmc.fabric.impl.resource.loader.ModResourcePackUtil) [Fabric] cur @ fabric, auto-enabled fabric-block-api-v1, currently enabled: [vanilla, fabric, fabric-api, fabric-api-base, fabric-api-lookup-api-v1, fabric-biome-api-v1, fabric-block-api-v1]
[15:32:09] [Render thread/DEBUG] (net.fabricmc.fabric.impl.resource.loader.ModResourcePackUtil) [Fabric] cur @ fabric, auto-enabled fabric-block-view-api-v2, currently enabled: [vanilla, fabric, fabric-api, fabric-api-base, fabric-api-lookup-api-v1, fabric-biome-api-v1, fabric-block-api-v1, fabric-block-view-api-v2]
[15:32:09] [Render thread/DEBUG] (net.fabricmc.fabric.impl.resource.loader.ModResourcePackUtil) [Fabric] cur @ fabric, auto-enabled fabric-client-gametest-api-v1, currently enabled: [vanilla, fabric, fabric-api, fabric-api-base, fabric-api-lookup-api-v1, fabric-biome-api-v1, fabric-block-api-v1, fabric-block-view-api-v2, fabric-client-gametest-api-v1]
[15:32:09] [Render thread/DEBUG] (net.fabricmc.fabric.impl.resource.loader.ModResourcePackUtil) [Fabric] cur @ fabric, auto-enabled fabric-command-api-v2, currently enabled: [vanilla, fabric, fabric-api, fabric-api-base, fabric-api-lookup-api-v1, fabric-biome-api-v1, fabric-block-api-v1, fabric-block-view-api-v2, fabric-client-gametest-api-v1, fabric-command-api-v2]
[15:32:09] [Render thread/DEBUG] (net.fabricmc.fabric.impl.resource.loader.ModResourcePackUtil) [Fabric] cur @ fabric, auto-enabled fabric-content-registries-v0, currently enabled: [vanilla, fabric, fabric-api, fabric-api-base, fabric-api-lookup-api-v1, fabric-biome-api-v1, fabric-block-api-v1, fabric-block-view-api-v2, fabric-client-gametest-api-v1, fabric-command-api-v2, fabric-content-registries-v0]
[15:32:09] [Render thread/DEBUG] (net.fabricmc.fabric.impl.resource.loader.ModResourcePackUtil) [Fabric] cur @ fabric, auto-enabled fabric-convention-tags-v1, currently enabled: [vanilla, fabric, fabric-api, fabric-api-base, fabric-api-lookup-api-v1, fabric-biome-api-v1, fabric-block-api-v1, fabric-block-view-api-v2, fabric-client-gametest-api-v1, fabric-command-api-v2, fabric-content-registries-v0, fabric-convention-tags-v1]
[15:32:09] [Render thread/DEBUG] (net.fabricmc.fabric.impl.resource.loader.ModResourcePackUtil) [Fabric] cur @ fabric, auto-enabled fabric-convention-tags-v2, currently enabled: [vanilla, fabric, fabric-api, fabric-api-base, fabric-api-lookup-api-v1, fabric-biome-api-v1, fabric-block-api-v1, fabric-block-view-api-v2, fabric-client-gametest-api-v1, fabric-command-api-v2, fabric-content-registries-v0, fabric-convention-tags-v1, fabric-convention-tags-v2]
[15:32:09] [Render thread/DEBUG] (net.fabricmc.fabric.impl.resource.loader.ModResourcePackUtil) [Fabric] cur @ fabric, auto-enabled fabric-crash-report-info-v1, currently enabled: [vanilla, fabric, fabric-api, fabric-api-base, fabric-api-lookup-api-v1, fabric-biome-api-v1, fabric-block-api-v1, fabric-block-view-api-v2, fabric-client-gametest-api-v1, fabric-command-api-v2, fabric-content-registries-v0, fabric-convention-tags-v1, fabric-convention-tags-v2, fabric-crash-report-info-v1]
[15:32:09] [Render thread/DEBUG] (net.fabricmc.fabric.impl.resource.loader.ModResourcePackUtil) [Fabric] cur @ fabric, auto-enabled fabric-data-attachment-api-v1, currently enabled: [vanilla, fabric, fabric-api, fabric-api-base, fabric-api-lookup-api-v1, fabric-biome-api-v1, fabric-block-api-v1, fabric-block-view-api-v2, fabric-client-gametest-api-v1, fabric-command-api-v2, fabric-content-registries-v0, fabric-convention-tags-v1, fabric-convention-tags-v2, fabric-crash-report-info-v1, fabric-data-attachment-api-v1]
[15:32:09] [Render thread/DEBUG] (net.fabricmc.fabric.impl.resource.loader.ModResourcePackUtil) [Fabric] cur @ fabric, auto-enabled fabric-data-generation-api-v1, currently enabled: [vanilla, fabric, fabric-api, fabric-api-base, fabric-api-lookup-api-v1, fabric-biome-api-v1, fabric-block-api-v1, fabric-block-view-api-v2, fabric-client-gametest-api-v1, fabric-command-api-v2, fabric-content-registries-v0, fabric-convention-tags-v1, fabric-convention-tags-v2, fabric-crash-report-info-v1, fabric-data-attachment-api-v1, fabric-data-generation-api-v1]
[15:32:09] [Render thread/DEBUG] (net.fabricmc.fabric.impl.resource.loader.ModResourcePackUtil) [Fabric] cur @ fabric, auto-enabled fabric-dimensions-v1, currently enabled: [vanilla, fabric, fabric-api, fabric-api-base, fabric-api-lookup-api-v1, fabric-biome-api-v1, fabric-block-api-v1, fabric-block-view-api-v2, fabric-client-gametest-api-v1, fabric-command-api-v2, fabric-content-registries-v0, fabric-convention-tags-v1, fabric-convention-tags-v2, fabric-crash-report-info-v1, fabric-data-attachment-api-v1, fabric-data-generation-api-v1, fabric-dimensions-v1]
[15:32:09] [Render thread/DEBUG] (net.fabricmc.fabric.impl.resource.loader.ModResourcePackUtil) [Fabric] cur @ fabric, auto-enabled fabric-entity-events-v1, currently enabled: [vanilla, fabric, fabric-api, fabric-api-base, fabric-api-lookup-api-v1, fabric-biome-api-v1, fabric-block-api-v1, fabric-block-view-api-v2, fabric-client-gametest-api-v1, fabric-command-api-v2, fabric-content-registries-v0, fabric-convention-tags-v1, fabric-convention-tags-v2, fabric-crash-report-info-v1, fabric-data-attachment-api-v1, fabric-data-generation-api-v1, fabric-dimensions-v1, fabric-entity-events-v1]
[15:32:09] [Render thread/DEBUG] (net.fabricmc.fabric.impl.resource.loader.ModResourcePackUtil) [Fabric] cur @ fabric, auto-enabled fabric-events-interaction-v0, currently enabled: [vanilla, fabric, fabric-api, fabric-api-base, fabric-api-lookup-api-v1, fabric-biome-api-v1, fabric-block-api-v1, fabric-block-view-api-v2, fabric-client-gametest-api-v1, fabric-command-api-v2, fabric-content-registries-v0, fabric-convention-tags-v1, fabric-convention-tags-v2, fabric-crash-report-info-v1, fabric-data-attachment-api-v1, fabric-data-generation-api-v1, fabric-dimensions-v1, fabric-entity-events-v1, fabric-events-interaction-v0]
[15:32:09] [Render thread/DEBUG] (net.fabricmc.fabric.impl.resource.loader.ModResourcePackUtil) [Fabric] cur @ fabric, auto-enabled fabric-game-rule-api-v1, currently enabled: [vanilla, fabric, fabric-api, fabric-api-base, fabric-api-lookup-api-v1, fabric-biome-api-v1, fabric-block-api-v1, fabric-block-view-api-v2, fabric-client-gametest-api-v1, fabric-command-api-v2, fabric-content-registries-v0, fabric-convention-tags-v1, fabric-convention-tags-v2, fabric-crash-report-info-v1, fabric-data-attachment-api-v1, fabric-data-generation-api-v1, fabric-dimensions-v1, fabric-entity-events-v1, fabric-events-interaction-v0, fabric-game-rule-api-v1]
[15:32:09] [Render thread/DEBUG] (net.fabricmc.fabric.impl.resource.loader.ModResourcePackUtil) [Fabric] cur @ fabric, auto-enabled fabric-gametest-api-v1, currently enabled: [vanilla, fabric, fabric-api, fabric-api-base, fabric-api-lookup-api-v1, fabric-biome-api-v1, fabric-block-api-v1, fabric-block-view-api-v2, fabric-client-gametest-api-v1, fabric-command-api-v2, fabric-content-registries-v0, fabric-convention-tags-v1, fabric-convention-tags-v2, fabric-crash-report-info-v1, fabric-data-attachment-api-v1, fabric-data-generation-api-v1, fabric-dimensions-v1, fabric-entity-events-v1, fabric-events-interaction-v0, fabric-game-rule-api-v1, fabric-gametest-api-v1]
[15:32:09] [Render thread/DEBUG] (net.fabricmc.fabric.impl.resource.loader.ModResourcePackUtil) [Fabric] cur @ fabric, auto-enabled fabric-item-api-v1, currently enabled: [vanilla, fabric, fabric-api, fabric-api-base, fabric-api-lookup-api-v1, fabric-biome-api-v1, fabric-block-api-v1, fabric-block-view-api-v2, fabric-client-gametest-api-v1, fabric-command-api-v2, fabric-content-registries-v0, fabric-convention-tags-v1, fabric-convention-tags-v2, fabric-crash-report-info-v1, fabric-data-attachment-api-v1, fabric-data-generation-api-v1, fabric-dimensions-v1, fabric-entity-events-v1, fabric-events-interaction-v0, fabric-game-rule-api-v1, fabric-gametest-api-v1, fabric-item-api-v1]
[15:32:09] [Render thread/DEBUG] (net.fabricmc.fabric.impl.resource.loader.ModResourcePackUtil) [Fabric] cur @ fabric, auto-enabled fabric-item-group-api-v1, currently enabled: [vanilla, fabric, fabric-api, fabric-api-base, fabric-api-lookup-api-v1, fabric-biome-api-v1, fabric-block-api-v1, fabric-block-view-api-v2, fabric-client-gametest-api-v1, fabric-command-api-v2, fabric-content-registries-v0, fabric-convention-tags-v1, fabric-convention-tags-v2, fabric-crash-report-info-v1, fabric-data-attachment-api-v1, fabric-data-generation-api-v1, fabric-dimensions-v1, fabric-entity-events-v1, fabric-events-interaction-v0, fabric-game-rule-api-v1, fabric-gametest-api-v1, fabric-item-api-v1, fabric-item-group-api-v1]
[15:32:09] [Render thread/DEBUG] (net.fabricmc.fabric.impl.resource.loader.ModResourcePackUtil) [Fabric] cur @ fabric, auto-enabled fabric-key-binding-api-v1, currently enabled: [vanilla, fabric, fabric-api, fabric-api-base, fabric-api-lookup-api-v1, fabric-biome-api-v1, fabric-block-api-v1, fabric-block-view-api-v2, fabric-client-gametest-api-v1, fabric-command-api-v2, fabric-content-registries-v0, fabric-convention-tags-v1, fabric-convention-tags-v2, fabric-crash-report-info-v1, fabric-data-attachment-api-v1, fabric-data-generation-api-v1, fabric-dimensions-v1, fabric-entity-events-v1, fabric-events-interaction-v0, fabric-game-rule-api-v1, fabric-gametest-api-v1, fabric-item-api-v1, fabric-item-group-api-v1, fabric-key-binding-api-v1]
[15:32:09] [Render thread/DEBUG] (net.fabricmc.fabric.impl.resource.loader.ModResourcePackUtil) [Fabric] cur @ fabric, auto-enabled fabric-lifecycle-events-v1, currently enabled: [vanilla, fabric, fabric-api, fabric-api-base, fabric-api-lookup-api-v1, fabric-biome-api-v1, fabric-block-api-v1, fabric-block-view-api-v2, fabric-client-gametest-api-v1, fabric-command-api-v2, fabric-content-registries-v0, fabric-convention-tags-v1, fabric-convention-tags-v2, fabric-crash-report-info-v1, fabric-data-attachment-api-v1, fabric-data-generation-api-v1, fabric-dimensions-v1, fabric-entity-events-v1, fabric-events-interaction-v0, fabric-game-rule-api-v1, fabric-gametest-api-v1, fabric-item-api-v1, fabric-item-group-api-v1, fabric-key-binding-api-v1, fabric-lifecycle-events-v1]
[15:32:09] [Render thread/DEBUG] (net.fabricmc.fabric.impl.resource.loader.ModResourcePackUtil) [Fabric] cur @ fabric, auto-enabled fabric-loot-api-v2, currently enabled: [vanilla, fabric, fabric-api, fabric-api-base, fabric-api-lookup-api-v1, fabric-biome-api-v1, fabric-block-api-v1, fabric-block-view-api-v2, fabric-client-gametest-api-v1, fabric-command-api-v2, fabric-content-registries-v0, fabric-convention-tags-v1, fabric-convention-tags-v2, fabric-crash-report-info-v1, fabric-data-attachment-api-v1, fabric-data-generation-api-v1, fabric-dimensions-v1, fabric-entity-events-v1, fabric-events-interaction-v0, fabric-game-rule-api-v1, fabric-gametest-api-v1, fabric-item-api-v1, fabric-item-group-api-v1, fabric-key-binding-api-v1, fabric-lifecycle-events-v1, fabric-loot-api-v2]
[15:32:09] [Render thread/DEBUG] (net.fabricmc.fabric.impl.resource.loader.ModResourcePackUtil) [Fabric] cur @ fabric, auto-enabled fabric-loot-api-v3, currently enabled: [vanilla, fabric, fabric-api, fabric-api-base, fabric-api-lookup-api-v1, fabric-biome-api-v1, fabric-block-api-v1, fabric-block-view-api-v2, fabric-client-gametest-api-v1, fabric-command-api-v2, fabric-content-registries-v0, fabric-convention-tags-v1, fabric-convention-tags-v2, fabric-crash-report-info-v1, fabric-data-attachment-api-v1, fabric-data-generation-api-v1, fabric-dimensions-v1, fabric-entity-events-v1, fabric-events-interaction-v0, fabric-game-rule-api-v1, fabric-gametest-api-v1, fabric-item-api-v1, fabric-item-group-api-v1, fabric-key-binding-api-v1, fabric-lifecycle-events-v1, fabric-loot-api-v2, fabric-loot-api-v3]
[15:32:09] [Render thread/DEBUG] (net.fabricmc.fabric.impl.resource.loader.ModResourcePackUtil) [Fabric] cur @ fabric, auto-enabled fabric-message-api-v1, currently enabled: [vanilla, fabric, fabric-api, fabric-api-base, fabric-api-lookup-api-v1, fabric-biome-api-v1, fabric-block-api-v1, fabric-block-view-api-v2, fabric-client-gametest-api-v1, fabric-command-api-v2, fabric-content-registries-v0, fabric-convention-tags-v1, fabric-convention-tags-v2, fabric-crash-report-info-v1, fabric-data-attachment-api-v1, fabric-data-generation-api-v1, fabric-dimensions-v1, fabric-entity-events-v1, fabric-events-interaction-v0, fabric-game-rule-api-v1, fabric-gametest-api-v1, fabric-item-api-v1, fabric-item-group-api-v1, fabric-key-binding-api-v1, fabric-lifecycle-events-v1, fabric-loot-api-v2, fabric-loot-api-v3, fabric-message-api-v1]
[15:32:09] [Render thread/DEBUG] (net.fabricmc.fabric.impl.resource.loader.ModResourcePackUtil) [Fabric] cur @ fabric, auto-enabled fabric-model-loading-api-v1, currently enabled: [vanilla, fabric, fabric-api, fabric-api-base, fabric-api-lookup-api-v1, fabric-biome-api-v1, fabric-block-api-v1, fabric-block-view-api-v2, fabric-client-gametest-api-v1, fabric-command-api-v2, fabric-content-registries-v0, fabric-convention-tags-v1, fabric-convention-tags-v2, fabric-crash-report-info-v1, fabric-data-attachment-api-v1, fabric-data-generation-api-v1, fabric-dimensions-v1, fabric-entity-events-v1, fabric-events-interaction-v0, fabric-game-rule-api-v1, fabric-gametest-api-v1, fabric-item-api-v1, fabric-item-group-api-v1, fabric-key-binding-api-v1, fabric-lifecycle-events-v1, fabric-loot-api-v2, fabric-loot-api-v3, fabric-message-api-v1, fabric-model-loading-api-v1]
[15:32:09] [Render thread/DEBUG] (net.fabricmc.fabric.impl.resource.loader.ModResourcePackUtil) [Fabric] cur @ fabric, auto-enabled fabric-networking-api-v1, currently enabled: [vanilla, fabric, fabric-api, fabric-api-base, fabric-api-lookup-api-v1, fabric-biome-api-v1, fabric-block-api-v1, fabric-block-view-api-v2, fabric-client-gametest-api-v1, fabric-command-api-v2, fabric-content-registries-v0, fabric-convention-tags-v1, fabric-convention-tags-v2, fabric-crash-report-info-v1, fabric-data-attachment-api-v1, fabric-data-generation-api-v1, fabric-dimensions-v1, fabric-entity-events-v1, fabric-events-interaction-v0, fabric-game-rule-api-v1, fabric-gametest-api-v1, fabric-item-api-v1, fabric-item-group-api-v1, fabric-key-binding-api-v1, fabric-lifecycle-events-v1, fabric-loot-api-v2, fabric-loot-api-v3, fabric-message-api-v1, fabric-model-loading-api-v1, fabric-networking-api-v1]
[15:32:09] [Render thread/DEBUG] (net.fabricmc.fabric.impl.resource.loader.ModResourcePackUtil) [Fabric] cur @ fabric, auto-enabled fabric-object-builder-api-v1, currently enabled: [vanilla, fabric, fabric-api, fabric-api-base, fabric-api-lookup-api-v1, fabric-biome-api-v1, fabric-block-api-v1, fabric-block-view-api-v2, fabric-client-gametest-api-v1, fabric-command-api-v2, fabric-content-registries-v0, fabric-convention-tags-v1, fabric-convention-tags-v2, fabric-crash-report-info-v1, fabric-data-attachment-api-v1, fabric-data-generation-api-v1, fabric-dimensions-v1, fabric-entity-events-v1, fabric-events-interaction-v0, fabric-game-rule-api-v1, fabric-gametest-api-v1, fabric-item-api-v1, fabric-item-group-api-v1, fabric-key-binding-api-v1, fabric-lifecycle-events-v1, fabric-loot-api-v2, fabric-loot-api-v3, fabric-message-api-v1, fabric-model-loading-api-v1, fabric-networking-api-v1, fabric-object-builder-api-v1]
[15:32:09] [Render thread/DEBUG] (net.fabricmc.fabric.impl.resource.loader.ModResourcePackUtil) [Fabric] cur @ fabric, auto-enabled fabric-particles-v1, currently enabled: [vanilla, fabric, fabric-api, fabric-api-base, fabric-api-lookup-api-v1, fabric-biome-api-v1, fabric-block-api-v1, fabric-block-view-api-v2, fabric-client-gametest-api-v1, fabric-command-api-v2, fabric-content-registries-v0, fabric-convention-tags-v1, fabric-convention-tags-v2, fabric-crash-report-info-v1, fabric-data-attachment-api-v1, fabric-data-generation-api-v1, fabric-dimensions-v1, fabric-entity-events-v1, fabric-events-interaction-v0, fabric-game-rule-api-v1, fabric-gametest-api-v1, fabric-item-api-v1, fabric-item-group-api-v1, fabric-key-binding-api-v1, fabric-lifecycle-events-v1, fabric-loot-api-v2, fabric-loot-api-v3, fabric-message-api-v1, fabric-model-loading-api-v1, fabric-networking-api-v1, fabric-object-builder-api-v1, fabric-particles-v1]
[15:32:09] [Render thread/DEBUG] (net.fabricmc.fabric.impl.resource.loader.ModResourcePackUtil) [Fabric] cur @ fabric, auto-enabled fabric-recipe-api-v1, currently enabled: [vanilla, fabric, fabric-api, fabric-api-base, fabric-api-lookup-api-v1, fabric-biome-api-v1, fabric-block-api-v1, fabric-block-view-api-v2, fabric-client-gametest-api-v1, fabric-command-api-v2, fabric-content-registries-v0, fabric-convention-tags-v1, fabric-convention-tags-v2, fabric-crash-report-info-v1, fabric-data-attachment-api-v1, fabric-data-generation-api-v1, fabric-dimensions-v1, fabric-entity-events-v1, fabric-events-interaction-v0, fabric-game-rule-api-v1, fabric-gametest-api-v1, fabric-item-api-v1, fabric-item-group-api-v1, fabric-key-binding-api-v1, fabric-lifecycle-events-v1, fabric-loot-api-v2, fabric-loot-api-v3, fabric-message-api-v1, fabric-model-loading-api-v1, fabric-networking-api-v1, fabric-object-builder-api-v1, fabric-particles-v1, fabric-recipe-api-v1]
[15:32:09] [Render thread/DEBUG] (net.fabricmc.fabric.impl.resource.loader.ModResourcePackUtil) [Fabric] cur @ fabric, auto-enabled fabric-registry-sync-v0, currently enabled: [vanilla, fabric, fabric-api, fabric-api-base, fabric-api-lookup-api-v1, fabric-biome-api-v1, fabric-block-api-v1, fabric-block-view-api-v2, fabric-client-gametest-api-v1, fabric-command-api-v2, fabric-content-registries-v0, fabric-convention-tags-v1, fabric-convention-tags-v2, fabric-crash-report-info-v1, fabric-data-attachment-api-v1, fabric-data-generation-api-v1, fabric-dimensions-v1, fabric-entity-events-v1, fabric-events-interaction-v0, fabric-game-rule-api-v1, fabric-gametest-api-v1, fabric-item-api-v1, fabric-item-group-api-v1, fabric-key-binding-api-v1, fabric-lifecycle-events-v1, fabric-loot-api-v2, fabric-loot-api-v3, fabric-message-api-v1, fabric-model-loading-api-v1, fabric-networking-api-v1, fabric-object-builder-api-v1, fabric-particles-v1, fabric-recipe-api-v1, fabric-registry-sync-v0]
[15:32:09] [Render thread/DEBUG] (net.fabricmc.fabric.impl.resource.loader.ModResourcePackUtil) [Fabric] cur @ fabric, auto-enabled fabric-renderer-api-v1, currently enabled: [vanilla, fabric, fabric-api, fabric-api-base, fabric-api-lookup-api-v1, fabric-biome-api-v1, fabric-block-api-v1, fabric-block-view-api-v2, fabric-client-gametest-api-v1, fabric-command-api-v2, fabric-content-registries-v0, fabric-convention-tags-v1, fabric-convention-tags-v2, fabric-crash-report-info-v1, fabric-data-attachment-api-v1, fabric-data-generation-api-v1, fabric-dimensions-v1, fabric-entity-events-v1, fabric-events-interaction-v0, fabric-game-rule-api-v1, fabric-gametest-api-v1, fabric-item-api-v1, fabric-item-group-api-v1, fabric-key-binding-api-v1, fabric-lifecycle-events-v1, fabric-loot-api-v2, fabric-loot-api-v3, fabric-message-api-v1, fabric-model-loading-api-v1, fabric-networking-api-v1, fabric-object-builder-api-v1, fabric-particles-v1, fabric-recipe-api-v1, fabric-registry-sync-v0, fabric-renderer-api-v1]
[15:32:09] [Render thread/DEBUG] (net.fabricmc.fabric.impl.resource.loader.ModResourcePackUtil) [Fabric] cur @ fabric, auto-enabled fabric-renderer-indigo, currently enabled: [vanilla, fabric, fabric-api, fabric-api-base, fabric-api-lookup-api-v1, fabric-biome-api-v1, fabric-block-api-v1, fabric-block-view-api-v2, fabric-client-gametest-api-v1, fabric-command-api-v2, fabric-content-registries-v0, fabric-convention-tags-v1, fabric-convention-tags-v2, fabric-crash-report-info-v1, fabric-data-attachment-api-v1, fabric-data-generation-api-v1, fabric-dimensions-v1, fabric-entity-events-v1, fabric-events-interaction-v0, fabric-game-rule-api-v1, fabric-gametest-api-v1, fabric-item-api-v1, fabric-item-group-api-v1, fabric-key-binding-api-v1, fabric-lifecycle-events-v1, fabric-loot-api-v2, fabric-loot-api-v3, fabric-message-api-v1, fabric-model-loading-api-v1, fabric-networking-api-v1, fabric-object-builder-api-v1, fabric-particles-v1, fabric-recipe-api-v1, fabric-registry-sync-v0, fabric-renderer-api-v1, fabric-renderer-indigo]
[15:32:09] [Render thread/DEBUG] (net.fabricmc.fabric.impl.resource.loader.ModResourcePackUtil) [Fabric] cur @ fabric, auto-enabled fabric-rendering-fluids-v1, currently enabled: [vanilla, fabric, fabric-api, fabric-api-base, fabric-api-lookup-api-v1, fabric-biome-api-v1, fabric-block-api-v1, fabric-block-view-api-v2, fabric-client-gametest-api-v1, fabric-command-api-v2, fabric-content-registries-v0, fabric-convention-tags-v1, fabric-convention-tags-v2, fabric-crash-report-info-v1, fabric-data-attachment-api-v1, fabric-data-generation-api-v1, fabric-dimensions-v1, fabric-entity-events-v1, fabric-events-interaction-v0, fabric-game-rule-api-v1, fabric-gametest-api-v1, fabric-item-api-v1, fabric-item-group-api-v1, fabric-key-binding-api-v1, fabric-lifecycle-events-v1, fabric-loot-api-v2, fabric-loot-api-v3, fabric-message-api-v1, fabric-model-loading-api-v1, fabric-networking-api-v1, fabric-object-builder-api-v1, fabric-particles-v1, fabric-recipe-api-v1, fabric-registry-sync-v0, fabric-renderer-api-v1, fabric-renderer-indigo, fabric-rendering-fluids-v1]
[15:32:09] [Render thread/DEBUG] (net.fabricmc.fabric.impl.resource.loader.ModResourcePackUtil) [Fabric] cur @ fabric, auto-enabled fabric-rendering-v1, currently enabled: [vanilla, fabric, fabric-api, fabric-api-base, fabric-api-lookup-api-v1, fabric-biome-api-v1, fabric-block-api-v1, fabric-block-view-api-v2, fabric-client-gametest-api-v1, fabric-command-api-v2, fabric-content-registries-v0, fabric-convention-tags-v1, fabric-convention-tags-v2, fabric-crash-report-info-v1, fabric-data-attachment-api-v1, fabric-data-generation-api-v1, fabric-dimensions-v1, fabric-entity-events-v1, fabric-events-interaction-v0, fabric-game-rule-api-v1, fabric-gametest-api-v1, fabric-item-api-v1, fabric-item-group-api-v1, fabric-key-binding-api-v1, fabric-lifecycle-events-v1, fabric-loot-api-v2, fabric-loot-api-v3, fabric-message-api-v1, fabric-model-loading-api-v1, fabric-networking-api-v1, fabric-object-builder-api-v1, fabric-particles-v1, fabric-recipe-api-v1, fabric-registry-sync-v0, fabric-renderer-api-v1, fabric-renderer-indigo, fabric-rendering-fluids-v1, fabric-rendering-v1]
[15:32:09] [Render thread/DEBUG] (net.fabricmc.fabric.impl.resource.loader.ModResourcePackUtil) [Fabric] cur @ fabric, auto-enabled fabric-resource-conditions-api-v1, currently enabled: [vanilla, fabric, fabric-api, fabric-api-base, fabric-api-lookup-api-v1, fabric-biome-api-v1, fabric-block-api-v1, fabric-block-view-api-v2, fabric-client-gametest-api-v1, fabric-command-api-v2, fabric-content-registries-v0, fabric-convention-tags-v1, fabric-convention-tags-v2, fabric-crash-report-info-v1, fabric-data-attachment-api-v1, fabric-data-generation-api-v1, fabric-dimensions-v1, fabric-entity-events-v1, fabric-events-interaction-v0, fabric-game-rule-api-v1, fabric-gametest-api-v1, fabric-item-api-v1, fabric-item-group-api-v1, fabric-key-binding-api-v1, fabric-lifecycle-events-v1, fabric-loot-api-v2, fabric-loot-api-v3, fabric-message-api-v1, fabric-model-loading-api-v1, fabric-networking-api-v1, fabric-object-builder-api-v1, fabric-particles-v1, fabric-recipe-api-v1, fabric-registry-sync-v0, fabric-renderer-api-v1, fabric-renderer-indigo, fabric-rendering-fluids-v1, fabric-rendering-v1, fabric-resource-conditions-api-v1]
[15:32:09] [Render thread/DEBUG] (net.fabricmc.fabric.impl.resource.loader.ModResourcePackUtil) [Fabric] cur @ fabric, auto-enabled fabric-resource-loader-v0, currently enabled: [vanilla, fabric, fabric-api, fabric-api-base, fabric-api-lookup-api-v1, fabric-biome-api-v1, fabric-block-api-v1, fabric-block-view-api-v2, fabric-client-gametest-api-v1, fabric-command-api-v2, fabric-content-registries-v0, fabric-convention-tags-v1, fabric-convention-tags-v2, fabric-crash-report-info-v1, fabric-data-attachment-api-v1, fabric-data-generation-api-v1, fabric-dimensions-v1, fabric-entity-events-v1, fabric-events-interaction-v0, fabric-game-rule-api-v1, fabric-gametest-api-v1, fabric-item-api-v1, fabric-item-group-api-v1, fabric-key-binding-api-v1, fabric-lifecycle-events-v1, fabric-loot-api-v2, fabric-loot-api-v3, fabric-message-api-v1, fabric-model-loading-api-v1, fabric-networking-api-v1, fabric-object-builder-api-v1, fabric-particles-v1, fabric-recipe-api-v1, fabric-registry-sync-v0, fabric-renderer-api-v1, fabric-renderer-indigo, fabric-rendering-fluids-v1, fabric-rendering-v1, fabric-resource-conditions-api-v1, fabric-resource-loader-v0]
[15:32:09] [Render thread/DEBUG] (net.fabricmc.fabric.impl.resource.loader.ModResourcePackUtil) [Fabric] cur @ fabric, auto-enabled fabric-resource-loader-v1, currently enabled: [vanilla, fabric, fabric-api, fabric-api-base, fabric-api-lookup-api-v1, fabric-biome-api-v1, fabric-block-api-v1, fabric-block-view-api-v2, fabric-client-gametest-api-v1, fabric-command-api-v2, fabric-content-registries-v0, fabric-convention-tags-v1, fabric-convention-tags-v2, fabric-crash-report-info-v1, fabric-data-attachment-api-v1, fabric-data-generation-api-v1, fabric-dimensions-v1, fabric-entity-events-v1, fabric-events-interaction-v0, fabric-game-rule-api-v1, fabric-gametest-api-v1, fabric-item-api-v1, fabric-item-group-api-v1, fabric-key-binding-api-v1, fabric-lifecycle-events-v1, fabric-loot-api-v2, fabric-loot-api-v3, fabric-message-api-v1, fabric-model-loading-api-v1, fabric-networking-api-v1, fabric-object-builder-api-v1, fabric-particles-v1, fabric-recipe-api-v1, fabric-registry-sync-v0, fabric-renderer-api-v1, fabric-renderer-indigo, fabric-rendering-fluids-v1, fabric-rendering-v1, fabric-resource-conditions-api-v1, fabric-resource-loader-v0, fabric-resource-loader-v1]
[15:32:09] [Render thread/DEBUG] (net.fabricmc.fabric.impl.resource.loader.ModResourcePackUtil) [Fabric] cur @ fabric, auto-enabled fabric-screen-api-v1, currently enabled: [vanilla, fabric, fabric-api, fabric-api-base, fabric-api-lookup-api-v1, fabric-biome-api-v1, fabric-block-api-v1, fabric-block-view-api-v2, fabric-client-gametest-api-v1, fabric-command-api-v2, fabric-content-registries-v0, fabric-convention-tags-v1, fabric-convention-tags-v2, fabric-crash-report-info-v1, fabric-data-attachment-api-v1, fabric-data-generation-api-v1, fabric-dimensions-v1, fabric-entity-events-v1, fabric-events-interaction-v0, fabric-game-rule-api-v1, fabric-gametest-api-v1, fabric-item-api-v1, fabric-item-group-api-v1, fabric-key-binding-api-v1, fabric-lifecycle-events-v1, fabric-loot-api-v2, fabric-loot-api-v3, fabric-message-api-v1, fabric-model-loading-api-v1, fabric-networking-api-v1, fabric-object-builder-api-v1, fabric-particles-v1, fabric-recipe-api-v1, fabric-registry-sync-v0, fabric-renderer-api-v1, fabric-renderer-indigo, fabric-rendering-fluids-v1, fabric-rendering-v1, fabric-resource-conditions-api-v1, fabric-resource-loader-v0, fabric-resource-loader-v1, fabric-screen-api-v1]
[15:32:09] [Render thread/DEBUG] (net.fabricmc.fabric.impl.resource.loader.ModResourcePackUtil) [Fabric] cur @ fabric, auto-enabled fabric-screen-handler-api-v1, currently enabled: [vanilla, fabric, fabric-api, fabric-api-base, fabric-api-lookup-api-v1, fabric-biome-api-v1, fabric-block-api-v1, fabric-block-view-api-v2, fabric-client-gametest-api-v1, fabric-command-api-v2, fabric-content-registries-v0, fabric-convention-tags-v1, fabric-convention-tags-v2, fabric-crash-report-info-v1, fabric-data-attachment-api-v1, fabric-data-generation-api-v1, fabric-dimensions-v1, fabric-entity-events-v1, fabric-events-interaction-v0, fabric-game-rule-api-v1, fabric-gametest-api-v1, fabric-item-api-v1, fabric-item-group-api-v1, fabric-key-binding-api-v1, fabric-lifecycle-events-v1, fabric-loot-api-v2, fabric-loot-api-v3, fabric-message-api-v1, fabric-model-loading-api-v1, fabric-networking-api-v1, fabric-object-builder-api-v1, fabric-particles-v1, fabric-recipe-api-v1, fabric-registry-sync-v0, fabric-renderer-api-v1, fabric-renderer-indigo, fabric-rendering-fluids-v1, fabric-rendering-v1, fabric-resource-conditions-api-v1, fabric-resource-loader-v0, fabric-resource-loader-v1, fabric-screen-api-v1, fabric-screen-handler-api-v1]
[15:32:09] [Render thread/DEBUG] (net.fabricmc.fabric.impl.resource.loader.ModResourcePackUtil) [Fabric] cur @ fabric, auto-enabled fabric-serialization-api-v1, currently enabled: [vanilla, fabric, fabric-api, fabric-api-base, fabric-api-lookup-api-v1, fabric-biome-api-v1, fabric-block-api-v1, fabric-block-view-api-v2, fabric-client-gametest-api-v1, fabric-command-api-v2, fabric-content-registries-v0, fabric-convention-tags-v1, fabric-convention-tags-v2, fabric-crash-report-info-v1, fabric-data-attachment-api-v1, fabric-data-generation-api-v1, fabric-dimensions-v1, fabric-entity-events-v1, fabric-events-interaction-v0, fabric-game-rule-api-v1, fabric-gametest-api-v1, fabric-item-api-v1, fabric-item-group-api-v1, fabric-key-binding-api-v1, fabric-lifecycle-events-v1, fabric-loot-api-v2, fabric-loot-api-v3, fabric-message-api-v1, fabric-model-loading-api-v1, fabric-networking-api-v1, fabric-object-builder-api-v1, fabric-particles-v1, fabric-recipe-api-v1, fabric-registry-sync-v0, fabric-renderer-api-v1, fabric-renderer-indigo, fabric-rendering-fluids-v1, fabric-rendering-v1, fabric-resource-conditions-api-v1, fabric-resource-loader-v0, fabric-resource-loader-v1, fabric-screen-api-v1, fabric-screen-handler-api-v1, fabric-serialization-api-v1]
[15:32:09] [Render thread/DEBUG] (net.fabricmc.fabric.impl.resource.loader.ModResourcePackUtil) [Fabric] cur @ fabric, auto-enabled fabric-sound-api-v1, currently enabled: [vanilla, fabric, fabric-api, fabric-api-base, fabric-api-lookup-api-v1, fabric-biome-api-v1, fabric-block-api-v1, fabric-block-view-api-v2, fabric-client-gametest-api-v1, fabric-command-api-v2, fabric-content-registries-v0, fabric-convention-tags-v1, fabric-convention-tags-v2, fabric-crash-report-info-v1, fabric-data-attachment-api-v1, fabric-data-generation-api-v1, fabric-dimensions-v1, fabric-entity-events-v1, fabric-events-interaction-v0, fabric-game-rule-api-v1, fabric-gametest-api-v1, fabric-item-api-v1, fabric-item-group-api-v1, fabric-key-binding-api-v1, fabric-lifecycle-events-v1, fabric-loot-api-v2, fabric-loot-api-v3, fabric-message-api-v1, fabric-model-loading-api-v1, fabric-networking-api-v1, fabric-object-builder-api-v1, fabric-particles-v1, fabric-recipe-api-v1, fabric-registry-sync-v0, fabric-renderer-api-v1, fabric-renderer-indigo, fabric-rendering-fluids-v1, fabric-rendering-v1, fabric-resource-conditions-api-v1, fabric-resource-loader-v0, fabric-resource-loader-v1, fabric-screen-api-v1, fabric-screen-handler-api-v1, fabric-serialization-api-v1, fabric-sound-api-v1]
[15:32:09] [Render thread/DEBUG] (net.fabricmc.fabric.impl.resource.loader.ModResourcePackUtil) [Fabric] cur @ fabric, auto-enabled fabric-tag-api-v1, currently enabled: [vanilla, fabric, fabric-api, fabric-api-base, fabric-api-lookup-api-v1, fabric-biome-api-v1, fabric-block-api-v1, fabric-block-view-api-v2, fabric-client-gametest-api-v1, fabric-command-api-v2, fabric-content-registries-v0, fabric-convention-tags-v1, fabric-convention-tags-v2, fabric-crash-report-info-v1, fabric-data-attachment-api-v1, fabric-data-generation-api-v1, fabric-dimensions-v1, fabric-entity-events-v1, fabric-events-interaction-v0, fabric-game-rule-api-v1, fabric-gametest-api-v1, fabric-item-api-v1, fabric-item-group-api-v1, fabric-key-binding-api-v1, fabric-lifecycle-events-v1, fabric-loot-api-v2, fabric-loot-api-v3, fabric-message-api-v1, fabric-model-loading-api-v1, fabric-networking-api-v1, fabric-object-builder-api-v1, fabric-particles-v1, fabric-recipe-api-v1, fabric-registry-sync-v0, fabric-renderer-api-v1, fabric-renderer-indigo, fabric-rendering-fluids-v1, fabric-rendering-v1, fabric-resource-conditions-api-v1, fabric-resource-loader-v0, fabric-resource-loader-v1, fabric-screen-api-v1, fabric-screen-handler-api-v1, fabric-serialization-api-v1, fabric-sound-api-v1, fabric-tag-api-v1]
[15:32:09] [Render thread/DEBUG] (net.fabricmc.fabric.impl.resource.loader.ModResourcePackUtil) [Fabric] cur @ fabric, auto-enabled fabric-transfer-api-v1, currently enabled: [vanilla, fabric, fabric-api, fabric-api-base, fabric-api-lookup-api-v1, fabric-biome-api-v1, fabric-block-api-v1, fabric-block-view-api-v2, fabric-client-gametest-api-v1, fabric-command-api-v2, fabric-content-registries-v0, fabric-convention-tags-v1, fabric-convention-tags-v2, fabric-crash-report-info-v1, fabric-data-attachment-api-v1, fabric-data-generation-api-v1, fabric-dimensions-v1, fabric-entity-events-v1, fabric-events-interaction-v0, fabric-game-rule-api-v1, fabric-gametest-api-v1, fabric-item-api-v1, fabric-item-group-api-v1, fabric-key-binding-api-v1, fabric-lifecycle-events-v1, fabric-loot-api-v2, fabric-loot-api-v3, fabric-message-api-v1, fabric-model-loading-api-v1, fabric-networking-api-v1, fabric-object-builder-api-v1, fabric-particles-v1, fabric-recipe-api-v1, fabric-registry-sync-v0, fabric-renderer-api-v1, fabric-renderer-indigo, fabric-rendering-fluids-v1, fabric-rendering-v1, fabric-resource-conditions-api-v1, fabric-resource-loader-v0, fabric-resource-loader-v1, fabric-screen-api-v1, fabric-screen-handler-api-v1, fabric-serialization-api-v1, fabric-sound-api-v1, fabric-tag-api-v1, fabric-transfer-api-v1]
[15:32:09] [Render thread/DEBUG] (net.fabricmc.fabric.impl.resource.loader.ModResourcePackUtil) [Fabric] cur @ fabric, auto-enabled fabric-transitive-access-wideners-v1, currently enabled: [vanilla, fabric, fabric-api, fabric-api-base, fabric-api-lookup-api-v1, fabric-biome-api-v1, fabric-block-api-v1, fabric-block-view-api-v2, fabric-client-gametest-api-v1, fabric-command-api-v2, fabric-content-registries-v0, fabric-convention-tags-v1, fabric-convention-tags-v2, fabric-crash-report-info-v1, fabric-data-attachment-api-v1, fabric-data-generation-api-v1, fabric-dimensions-v1, fabric-entity-events-v1, fabric-events-interaction-v0, fabric-game-rule-api-v1, fabric-gametest-api-v1, fabric-item-api-v1, fabric-item-group-api-v1, fabric-key-binding-api-v1, fabric-lifecycle-events-v1, fabric-loot-api-v2, fabric-loot-api-v3, fabric-message-api-v1, fabric-model-loading-api-v1, fabric-networking-api-v1, fabric-object-builder-api-v1, fabric-particles-v1, fabric-recipe-api-v1, fabric-registry-sync-v0, fabric-renderer-api-v1, fabric-renderer-indigo, fabric-rendering-fluids-v1, fabric-rendering-v1, fabric-resource-conditions-api-v1, fabric-resource-loader-v0, fabric-resource-loader-v1, fabric-screen-api-v1, fabric-screen-handler-api-v1, fabric-serialization-api-v1, fabric-sound-api-v1, fabric-tag-api-v1, fabric-transfer-api-v1, fabric-transitive-access-wideners-v1]
[15:32:09] [Render thread/DEBUG] (net.fabricmc.fabric.impl.resource.loader.ModResourcePackUtil) [Fabric] cur @ fabric, auto-enabled fabricloader, currently enabled: [vanilla, fabric, fabric-api, fabric-api-base, fabric-api-lookup-api-v1, fabric-biome-api-v1, fabric-block-api-v1, fabric-block-view-api-v2, fabric-client-gametest-api-v1, fabric-command-api-v2, fabric-content-registries-v0, fabric-convention-tags-v1, fabric-convention-tags-v2, fabric-crash-report-info-v1, fabric-data-attachment-api-v1, fabric-data-generation-api-v1, fabric-dimensions-v1, fabric-entity-events-v1, fabric-events-interaction-v0, fabric-game-rule-api-v1, fabric-gametest-api-v1, fabric-item-api-v1, fabric-item-group-api-v1, fabric-key-binding-api-v1, fabric-lifecycle-events-v1, fabric-loot-api-v2, fabric-loot-api-v3, fabric-message-api-v1, fabric-model-loading-api-v1, fabric-networking-api-v1, fabric-object-builder-api-v1, fabric-particles-v1, fabric-recipe-api-v1, fabric-registry-sync-v0, fabric-renderer-api-v1, fabric-renderer-indigo, fabric-rendering-fluids-v1, fabric-rendering-v1, fabric-resource-conditions-api-v1, fabric-resource-loader-v0, fabric-resource-loader-v1, fabric-screen-api-v1, fabric-screen-handler-api-v1, fabric-serialization-api-v1, fabric-sound-api-v1, fabric-tag-api-v1, fabric-transfer-api-v1, fabric-transitive-access-wideners-v1, fabricloader]
[15:32:09] [Render thread/DEBUG] (net.fabricmc.fabric.impl.resource.loader.ModResourcePackUtil) [Fabric] cur @ fabric, auto-enabled generated_73cffe0, currently enabled: [vanilla, fabric, fabric-api, fabric-api-base, fabric-api-lookup-api-v1, fabric-biome-api-v1, fabric-block-api-v1, fabric-block-view-api-v2, fabric-client-gametest-api-v1, fabric-command-api-v2, fabric-content-registries-v0, fabric-convention-tags-v1, fabric-convention-tags-v2, fabric-crash-report-info-v1, fabric-data-attachment-api-v1, fabric-data-generation-api-v1, fabric-dimensions-v1, fabric-entity-events-v1, fabric-events-interaction-v0, fabric-game-rule-api-v1, fabric-gametest-api-v1, fabric-item-api-v1, fabric-item-group-api-v1, fabric-key-binding-api-v1, fabric-lifecycle-events-v1, fabric-loot-api-v2, fabric-loot-api-v3, fabric-message-api-v1, fabric-model-loading-api-v1, fabric-networking-api-v1, fabric-object-builder-api-v1, fabric-particles-v1, fabric-recipe-api-v1, fabric-registry-sync-v0, fabric-renderer-api-v1, fabric-renderer-indigo, fabric-rendering-fluids-v1, fabric-rendering-v1, fabric-resource-conditions-api-v1, fabric-resource-loader-v0, fabric-resource-loader-v1, fabric-screen-api-v1, fabric-screen-handler-api-v1, fabric-serialization-api-v1, fabric-sound-api-v1, fabric-tag-api-v1, fabric-transfer-api-v1, fabric-transitive-access-wideners-v1, fabricloader, generated_73cffe0]
[15:32:09] [Render thread/DEBUG] (net.fabricmc.fabric.impl.resource.loader.ModResourcePackUtil) [Fabric] cur @ fabric, auto-enabled reload_server_list, currently enabled: [vanilla, fabric, fabric-api, fabric-api-base, fabric-api-lookup-api-v1, fabric-biome-api-v1, fabric-block-api-v1, fabric-block-view-api-v2, fabric-client-gametest-api-v1, fabric-command-api-v2, fabric-content-registries-v0, fabric-convention-tags-v1, fabric-convention-tags-v2, fabric-crash-report-info-v1, fabric-data-attachment-api-v1, fabric-data-generation-api-v1, fabric-dimensions-v1, fabric-entity-events-v1, fabric-events-interaction-v0, fabric-game-rule-api-v1, fabric-gametest-api-v1, fabric-item-api-v1, fabric-item-group-api-v1, fabric-key-binding-api-v1, fabric-lifecycle-events-v1, fabric-loot-api-v2, fabric-loot-api-v3, fabric-message-api-v1, fabric-model-loading-api-v1, fabric-networking-api-v1, fabric-object-builder-api-v1, fabric-particles-v1, fabric-recipe-api-v1, fabric-registry-sync-v0, fabric-renderer-api-v1, fabric-renderer-indigo, fabric-rendering-fluids-v1, fabric-rendering-v1, fabric-resource-conditions-api-v1, fabric-resource-loader-v0, fabric-resource-loader-v1, fabric-screen-api-v1, fabric-screen-handler-api-v1, fabric-serialization-api-v1, fabric-sound-api-v1, fabric-tag-api-v1, fabric-transfer-api-v1, fabric-transitive-access-wideners-v1, fabricloader, generated_73cffe0, reload_server_list]
[15:32:09] [Render thread/DEBUG] (net.fabricmc.fabric.impl.resource.loader.ModResourcePackUtil) [Fabric] Final sorting result: [vanilla, fabric, fabric-api, fabric-api-base, fabric-api-lookup-api-v1, fabric-biome-api-v1, fabric-block-api-v1, fabric-block-view-api-v2, fabric-client-gametest-api-v1, fabric-command-api-v2, fabric-content-registries-v0, fabric-convention-tags-v1, fabric-convention-tags-v2, fabric-crash-report-info-v1, fabric-data-attachment-api-v1, fabric-data-generation-api-v1, fabric-dimensions-v1, fabric-entity-events-v1, fabric-events-interaction-v0, fabric-game-rule-api-v1, fabric-gametest-api-v1, fabric-item-api-v1, fabric-item-group-api-v1, fabric-key-binding-api-v1, fabric-lifecycle-events-v1, fabric-loot-api-v2, fabric-loot-api-v3, fabric-message-api-v1, fabric-model-loading-api-v1, fabric-networking-api-v1, fabric-object-builder-api-v1, fabric-particles-v1, fabric-recipe-api-v1, fabric-registry-sync-v0, fabric-renderer-api-v1, fabric-renderer-indigo, fabric-rendering-fluids-v1, fabric-rendering-v1, fabric-resource-conditions-api-v1, fabric-resource-loader-v0, fabric-resource-loader-v1, fabric-screen-api-v1, fabric-screen-handler-api-v1, fabric-serialization-api-v1, fabric-sound-api-v1, fabric-tag-api-v1, fabric-transfer-api-v1, fabric-transitive-access-wideners-v1, fabricloader, generated_73cffe0, reload_server_list]
[15:32:09] [Render thread/DEBUG] (FabricLoader/Mixin) Mixing KeyedClientResourceReloadListenerMixin from fabric-resource-loader-v1.client.mixins.json into net.minecraft.client.resource.language.LanguageManager
[15:32:09] [Render thread/DEBUG] (FabricLoader/Mixin) Mixing KeyedClientResourceReloadListenerMixin from fabric-resource-loader-v1.client.mixins.json into net.minecraft.client.texture.TextureManager
[15:32:09] [Render thread/DEBUG] (FabricLoader/Mixin) Mixing KeyedClientResourceReloadListenerMixin from fabric-resource-loader-v1.client.mixins.json into net.minecraft.client.gl.ShaderLoader
[15:32:09] [Render thread/DEBUG] (FabricLoader/Mixin) Mixing KeyedClientResourceReloadListenerMixin from fabric-resource-loader-v1.client.mixins.json into net.minecraft.client.sound.SoundManager
[15:32:09] [Render thread/DEBUG] (FabricLoader/Mixin) Mixing SoundSystemMixin from fabric-sound-api-v1.mixins.json into net.minecraft.client.sound.SoundSystem
[15:32:09] [Render thread/DEBUG] (FabricLoader/Mixin) Mixing KeyedClientResourceReloadListenerMixin from fabric-resource-loader-v1.client.mixins.json into net.minecraft.client.resource.SplashTextResourceSupplier
[15:32:09] [Render thread/DEBUG] (FabricLoader/Mixin) Mixing KeyedClientResourceReloadListenerMixin from fabric-resource-loader-v1.client.mixins.json into net.minecraft.client.texture.AtlasManager
[15:32:09] [Render thread/DEBUG] (FabricLoader/Mixin) Mixing KeyedClientResourceReloadListenerMixin from fabric-resource-loader-v1.client.mixins.json into net.minecraft.client.font.FontManager
[15:32:09] [Render thread/DEBUG] (FabricLoader/Mixin) Mixing KeyedClientResourceReloadListenerMixin from fabric-resource-loader-v1.client.mixins.json into net.minecraft.client.resource.GrassColormapResourceSupplier
[15:32:09] [Render thread/DEBUG] (FabricLoader/Mixin) Mixing KeyedClientResourceReloadListenerMixin from fabric-resource-loader-v1.client.mixins.json into net.minecraft.client.resource.FoliageColormapResourceSupplier
[15:32:09] [Render thread/DEBUG] (FabricLoader/Mixin) Mixing KeyedClientResourceReloadListenerMixin from fabric-resource-loader-v1.client.mixins.json into net.minecraft.client.resource.DryFoliageColormapResourceSupplier
[15:32:09] [Render thread/DEBUG] (FabricLoader/Mixin) Mixing BlockColorsMixin from fabric-rendering-v1.mixins.json into net.minecraft.client.color.block.BlockColors
[15:32:09] [Render thread/DEBUG] (FabricLoader/Mixin) Mixing BlockColorsMixin from fabric-registry-sync-v0.client.mixins.json into net.minecraft.client.color.block.BlockColors
[15:32:09] [Render thread/DEBUG] (FabricLoader/Mixin) fabric-rendering-v1.mixins.json:BlockColorsMixin from mod fabric-rendering-v1->@Inject::create(Lorg/spongepowered/asm/mixin/injection/callback/CallbackInfoReturnable;)V does use it's CallbackInfoReturnable
[15:32:09] [Render thread/DEBUG] (FabricLoader/Mixin) fabric-registry-sync-v0.client.mixins.json:BlockColorsMixin from mod fabric-registry-sync-v0->@Inject::create(Lorg/spongepowered/asm/mixin/injection/callback/CallbackInfo;)V doesn't use it's CallbackInfo
[15:32:09] [Render thread/DEBUG] (FabricLoader/Mixin) fabric-registry-sync-v0.client.mixins.json:BlockColorsMixin from mod fabric-registry-sync-v0->@Inject::create(Lorg/spongepowered/asm/mixin/injection/callback/CallbackInfo;)V has 0 override(s) in child classes
[15:32:09] [Render thread/DEBUG] (FabricLoader/Mixin) fabric-registry-sync-v0.client.mixins.json:BlockColorsMixin from mod fabric-registry-sync-v0->@Inject::create(Lorg/spongepowered/asm/mixin/injection/callback/CallbackInfo;)V won't be passed a CallbackInfo as a result
[15:32:09] [Render thread/DEBUG] (FabricLoader/Mixin) Mixing BakedModelManagerMixin from fabric-model-loading-api-v1.mixins.json into net.minecraft.client.render.model.BakedModelManager
[15:32:09] [Render thread/DEBUG] (FabricLoader/Mixin) Renaming synthetic method lambda$withModelDispatcher$3(Ljava/util/concurrent/CompletableFuture;Ljava/util/function/Function;Ljava/lang/Object;)Ljava/lang/Object; to md26369a$fabric-model-loading-api-v1$lambda$withModelDispatcher$3$0 in fabric-model-loading-api-v1.mixins.json:BakedModelManagerMixin from mod fabric-model-loading-api-v1
[15:32:09] [Render thread/DEBUG] (FabricLoader/Mixin) Renaming synthetic method lambda$hookBlockStateModels$2(Lnet/minecraft/client/render/model/BlockStatesLoader$LoadedModels;Lnet/fabricmc/fabric/impl/client/model/loading/ModelLoadingEventDispatcher;)Lnet/minecraft/client/render/model/BlockStatesLoader$LoadedModels; to md26369a$fabric-model-loading-api-v1$lambda$hookBlockStateModels$2$1 in fabric-model-loading-api-v1.mixins.json:BakedModelManagerMixin from mod fabric-model-loading-api-v1
[15:32:09] [Render thread/DEBUG] (FabricLoader/Mixin) Renaming synthetic method lambda$hookModels$1(Ljava/util/Map;Lnet/fabricmc/fabric/impl/client/model/loading/ModelLoadingEventDispatcher;)Ljava/util/Map; to md26369a$fabric-model-loading-api-v1$lambda$hookModels$1$2 in fabric-model-loading-api-v1.mixins.json:BakedModelManagerMixin from mod fabric-model-loading-api-v1
[15:32:09] [Render thread/DEBUG] (FabricLoader/Mixin) Renaming synthetic method lambda$resetEventDispatcherFuture$0(Ljava/lang/Void;)Ljava/lang/Void; to md26369a$fabric-model-loading-api-v1$lambda$resetEventDispatcherFuture$0$3 in fabric-model-loading-api-v1.mixins.json:BakedModelManagerMixin from mod fabric-model-loading-api-v1
[15:32:09] [Render thread/DEBUG] (FabricLoader/Mixin) Mixing KeyedClientResourceReloadListenerMixin from fabric-resource-loader-v1.client.mixins.json into net.minecraft.client.render.model.BakedModelManager
[15:32:09] [Render thread/DEBUG] (FabricLoader/Mixin) fabric-model-loading-api-v1.mixins.json:BakedModelManagerMixin from mod fabric-model-loading-api-v1->@Inject::onHeadReload(Lnet/minecraft/resource/ResourceReloader$Store;Ljava/util/concurrent/Executor;Lnet/minecraft/resource/ResourceReloader$Synchronizer;Ljava/util/concurrent/Executor;Lorg/spongepowered/asm/mixin/injection/callback/CallbackInfoReturnable;)V doesn't use it's CallbackInfoReturnable
[15:32:09] [Render thread/DEBUG] (FabricLoader/Mixin) fabric-model-loading-api-v1.mixins.json:BakedModelManagerMixin from mod fabric-model-loading-api-v1->@Inject::onHeadReload(Lnet/minecraft/resource/ResourceReloader$Store;Ljava/util/concurrent/Executor;Lnet/minecraft/resource/ResourceReloader$Synchronizer;Ljava/util/concurrent/Executor;Lorg/spongepowered/asm/mixin/injection/callback/CallbackInfoReturnable;)V has 0 override(s) in child classes
[15:32:09] [Render thread/DEBUG] (FabricLoader/Mixin) fabric-model-loading-api-v1.mixins.json:BakedModelManagerMixin from mod fabric-model-loading-api-v1->@Inject::onHeadReload(Lnet/minecraft/resource/ResourceReloader$Store;Ljava/util/concurrent/Executor;Lnet/minecraft/resource/ResourceReloader$Synchronizer;Ljava/util/concurrent/Executor;Lorg/spongepowered/asm/mixin/injection/callback/CallbackInfoReturnable;)V won't be passed a CallbackInfoReturnable as a result
[15:32:09] [Render thread/DEBUG] (FabricLoader/Mixin) fabric-model-loading-api-v1.mixins.json:BakedModelManagerMixin from mod fabric-model-loading-api-v1->@Inject::resolveExtraModels(Ljava/util/Map;Lnet/minecraft/client/render/model/BlockStatesLoader$LoadedModels;Lnet/minecraft/client/item/ItemAssetsLoader$Result;Lorg/spongepowered/asm/mixin/injection/callback/CallbackInfoReturnable;)V doesn't use it's CallbackInfoReturnable
[15:32:09] [Render thread/DEBUG] (FabricLoader/Mixin) fabric-model-loading-api-v1.mixins.json:BakedModelManagerMixin from mod fabric-model-loading-api-v1->@Inject::onReturnUpload(Lorg/spongepowered/asm/mixin/injection/callback/CallbackInfo;)V doesn't use it's CallbackInfo
[15:32:09] [Render thread/DEBUG] (FabricLoader/Mixin) fabric-model-loading-api-v1.mixins.json:BakedModelManagerMixin from mod fabric-model-loading-api-v1->@Inject::onReturnUpload(Lorg/spongepowered/asm/mixin/injection/callback/CallbackInfo;)V has 0 override(s) in child classes
[15:32:09] [Render thread/DEBUG] (FabricLoader/Mixin) fabric-model-loading-api-v1.mixins.json:BakedModelManagerMixin from mod fabric-model-loading-api-v1->@Inject::onReturnUpload(Lorg/spongepowered/asm/mixin/injection/callback/CallbackInfo;)V won't be passed a CallbackInfo as a result
[15:32:09] [Render thread/DEBUG] (FabricLoader/Mixin) Mixing client.sprite.ErrorCollectingSpriteGetterMixin from fabric-renderer-api-v1.mixins.json into net.minecraft.client.render.model.ErrorCollectingSpriteGetter
[15:32:09] [Render thread/DEBUG] (FabricLoader/Mixin) Mixing client.block.particle.BlockModelsMixin from fabric-renderer-api-v1.mixins.json into net.minecraft.client.render.block.BlockModels
[15:32:09] [Render thread/DEBUG] (FabricLoader/Mixin) Mixing KeyedClientResourceReloadListenerMixin from fabric-resource-loader-v1.client.mixins.json into net.minecraft.client.render.entity.equipment.EquipmentModelLoader
[15:32:09] [Render thread/DEBUG] (FabricLoader/Mixin) Mixing JsonDataLoaderMixin from fabric-loot-api-v3.mixins.json into net.minecraft.resource.JsonDataLoader
[15:32:09] [Render thread/DEBUG] (FabricLoader/Mixin) Mixing JsonDataLoaderMixin from fabric-resource-conditions-api-v1.mixins.json into net.minecraft.resource.JsonDataLoader
[15:32:09] [Render thread/DEBUG] (FabricLoader/Mixin) fabric-loot-api-v3.mixins.json:JsonDataLoaderMixin from mod fabric-loot-api-v3->@Inject::fillSourceMap(Lnet/minecraft/resource/ResourceManager;Lnet/minecraft/resource/ResourceFinder;Lcom/mojang/serialization/DynamicOps;Lcom/mojang/serialization/Codec;Ljava/util/Map;Lorg/spongepowered/asm/mixin/injection/callback/CallbackInfo;)V doesn't use it's CallbackInfo
[15:32:09] [Render thread/DEBUG] (FabricLoader/Mixin) fabric-resource-conditions-api-v1.mixins.json:JsonDataLoaderMixin from mod fabric-resource-conditions-api-v1->@Inject::skipData(Ljava/util/Map;Lnet/minecraft/util/Identifier;Ljava/lang/Object;Lorg/spongepowered/asm/mixin/injection/callback/CallbackInfo;)V does use it's CallbackInfo
[15:32:09] [Render thread/DEBUG] (FabricLoader/Mixin) Mixing ModelBakerMixin from fabric-model-loading-api-v1.mixins.json into net.minecraft.client.render.model.ModelBaker
[15:32:09] [Render thread/DEBUG] (FabricLoader/Mixin) Renaming synthetic method lambda$withExtraModels$2(Lnet/minecraft/client/render/model/ModelBaker$BakedModels;Ljava/util/Map;)Lnet/minecraft/client/render/model/ModelBaker$BakedModels; to md26369a$fabric-model-loading-api-v1$lambda$withExtraModels$2$0 in fabric-model-loading-api-v1.mixins.json:ModelBakerMixin from mod fabric-model-loading-api-v1
[15:32:09] [Render thread/DEBUG] (FabricLoader/Mixin) Renaming synthetic method lambda$withExtraModels$1(Lnet/minecraft/client/render/model/ModelBaker$BakerImpl;Lnet/fabricmc/fabric/api/client/model/loading/v1/ExtraModelKey;Lnet/fabricmc/fabric/api/client/model/loading/v1/UnbakedExtraModel;)Ljava/lang/Object; to md26369a$fabric-model-loading-api-v1$lambda$withExtraModels$1$1 in fabric-model-loading-api-v1.mixins.json:ModelBakerMixin from mod fabric-model-loading-api-v1
[15:32:09] [Render thread/DEBUG] (FabricLoader/Mixin) Renaming synthetic method lambda$hookBlockModelBake$0(Ljava/util/function/BiFunction;Lnet/minecraft/block/BlockState;Lnet/minecraft/client/render/model/BlockStateModel$UnbakedGrouped;)Lnet/minecraft/client/render/model/BlockStateModel; to md26369a$fabric-model-loading-api-v1$lambda$hookBlockModelBake$0$2 in fabric-model-loading-api-v1.mixins.json:ModelBakerMixin from mod fabric-model-loading-api-v1
[15:32:09] [Render thread/DEBUG] (FabricLoader/Mixin) fabric-model-loading-api-v1.mixins.json:ModelBakerMixin from mod fabric-model-loading-api-v1->@Inject::onReturnInit(Lorg/spongepowered/asm/mixin/injection/callback/CallbackInfo;)V doesn't use it's CallbackInfo
[15:32:09] [Render thread/DEBUG] (FabricLoader/Mixin) fabric-model-loading-api-v1.mixins.json:ModelBakerMixin from mod fabric-model-loading-api-v1->@Inject::onReturnInit(Lorg/spongepowered/asm/mixin/injection/callback/CallbackInfo;)V has 0 override(s) in child classes
[15:32:09] [Render thread/DEBUG] (FabricLoader/Mixin) fabric-model-loading-api-v1.mixins.json:ModelBakerMixin from mod fabric-model-loading-api-v1->@Inject::onReturnInit(Lorg/spongepowered/asm/mixin/injection/callback/CallbackInfo;)V won't be passed a CallbackInfo as a result
[15:32:09] [Render thread/DEBUG] (FabricLoader/Mixin) Mixing BlockRenderManagerAccessor from fabric-renderer-indigo.mixins.json into net.minecraft.client.render.block.BlockRenderManager
[15:32:09] [Render thread/DEBUG] (FabricLoader/Mixin) Mixing BlockRenderManagerMixin from fabric-renderer-indigo.mixins.json into net.minecraft.client.render.block.BlockRenderManager
[15:32:09] [Render thread/DEBUG] (FabricLoader/Mixin) Renaming synthetic method lambda$afterGetModel$0(Lnet/minecraft/client/render/VertexConsumer;Lnet/minecraft/client/render/BlockRenderLayer;)Lnet/minecraft/client/render/VertexConsumer; to md26369a$fabric-renderer-indigo$lambda$afterGetModel$0$0 in fabric-renderer-indigo.mixins.json:BlockRenderManagerMixin from mod fabric-renderer-indigo
[15:32:09] [Render thread/DEBUG] (FabricLoader/Mixin) Mixing KeyedClientResourceReloadListenerMixin from fabric-resource-loader-v1.client.mixins.json into net.minecraft.client.render.block.BlockRenderManager
[15:32:09] [Render thread/DEBUG] (FabricLoader/Mixin) Mixing client.block.render.BlockRenderManagerMixin from fabric-renderer-api-v1.mixins.json into net.minecraft.client.render.block.BlockRenderManager
[15:32:09] [Render thread/DEBUG] (FabricLoader/Mixin) fabric-renderer-indigo.mixins.json:BlockRenderManagerMixin from mod fabric-renderer-indigo->@Inject::afterGetModel(Lnet/minecraft/block/BlockState;Lnet/minecraft/util/math/BlockPos;Lnet/minecraft/world/BlockRenderView;Lnet/minecraft/client/util/math/MatrixStack;Lnet/minecraft/client/render/VertexConsumer;Lorg/spongepowered/asm/mixin/injection/callback/CallbackInfo;)V does use it's CallbackInfo
[15:32:09] [Render thread/DEBUG] (FabricLoader/Mixin) Mixing BlockModelRendererMixin from fabric-renderer-indigo.mixins.json into net.minecraft.client.render.block.BlockModelRenderer
[15:32:09] [Render thread/DEBUG] (FabricLoader/Mixin) Renaming synthetic method lambda$render$0(Lnet/minecraft/client/render/VertexConsumer;Lnet/minecraft/client/render/BlockRenderLayer;)Lnet/minecraft/client/render/VertexConsumer; to md26369a$fabric-renderer-indigo$lambda$render$0$0 in fabric-renderer-indigo.mixins.json:BlockModelRendererMixin from mod fabric-renderer-indigo
[15:32:09] [Render thread/DEBUG] (FabricLoader/Mixin) Mixing client.block.render.BlockModelRendererMixin from fabric-renderer-api-v1.mixins.json into net.minecraft.client.render.block.BlockModelRenderer
[15:32:09] [Render thread/DEBUG] (FabricLoader/Mixin) Mixing FluidRendererMixin from fabric-rendering-fluids-v1.mixins.json into net.minecraft.client.render.block.FluidRenderer
[15:32:10] [Render thread/DEBUG] (FabricLoader/Mixin) fabric-rendering-fluids-v1.mixins.json:FluidRendererMixin from mod fabric-rendering-fluids-v1->@Inject::onResourceReloadReturn(Lorg/spongepowered/asm/mixin/injection/callback/CallbackInfo;)V doesn't use it's CallbackInfo
[15:32:10] [Render thread/DEBUG] (FabricLoader/Mixin) fabric-rendering-fluids-v1.mixins.json:FluidRendererMixin from mod fabric-rendering-fluids-v1->@Inject::onResourceReloadReturn(Lorg/spongepowered/asm/mixin/injection/callback/CallbackInfo;)V has 0 override(s) in child classes
[15:32:10] [Render thread/DEBUG] (FabricLoader/Mixin) fabric-rendering-fluids-v1.mixins.json:FluidRendererMixin from mod fabric-rendering-fluids-v1->@Inject::onResourceReloadReturn(Lorg/spongepowered/asm/mixin/injection/callback/CallbackInfo;)V won't be passed a CallbackInfo as a result
[15:32:10] [Render thread/DEBUG] (FabricLoader/Mixin) fabric-rendering-fluids-v1.mixins.json:FluidRendererMixin from mod fabric-rendering-fluids-v1->@Inject::onHeadRender(Lnet/minecraft/world/BlockRenderView;Lnet/minecraft/util/math/BlockPos;Lnet/minecraft/client/render/VertexConsumer;Lnet/minecraft/block/BlockState;Lnet/minecraft/fluid/FluidState;Lorg/spongepowered/asm/mixin/injection/callback/CallbackInfo;)V does use it's CallbackInfo
[15:32:10] [Render thread/DEBUG] (FabricLoader/Mixin) Mixing KeyedClientResourceReloadListenerMixin from fabric-resource-loader-v1.client.mixins.json into net.minecraft.client.render.entity.EntityRenderManager
[15:32:10] [Render thread/DEBUG] (FabricLoader/Mixin) Mixing LivingEntityRendererAccessor from fabric-rendering-v1.mixins.json into net.minecraft.client.render.entity.LivingEntityRenderer
[15:32:10] [Render thread/DEBUG] (FabricLoader/Mixin) Mixing LivingEntityRendererMixin from fabric-rendering-v1.mixins.json into net.minecraft.client.render.entity.LivingEntityRenderer
[15:32:10] [Render thread/DEBUG] (FabricLoader/Mixin) Mixing HeldItemRendererMixin from fabric-item-api-v1.client.mixins.json into net.minecraft.client.render.item.HeldItemRenderer
[15:32:10] [Render thread/DEBUG] (FabricLoader/Mixin) fabric-item-api-v1.client.mixins.json:HeldItemRendererMixin from mod fabric-item-api-v1->@Inject::modifyProgressAnimation(Lorg/spongepowered/asm/mixin/injection/callback/CallbackInfo;)V doesn't use it's CallbackInfo
[15:32:10] [Render thread/DEBUG] (FabricLoader/Mixin) fabric-item-api-v1.client.mixins.json:HeldItemRendererMixin from mod fabric-item-api-v1->@Inject::modifyProgressAnimation(Lorg/spongepowered/asm/mixin/injection/callback/CallbackInfo;)V has 0 override(s) in child classes
[15:32:10] [Render thread/DEBUG] (FabricLoader/Mixin) fabric-item-api-v1.client.mixins.json:HeldItemRendererMixin from mod fabric-item-api-v1->@Inject::modifyProgressAnimation(Lorg/spongepowered/asm/mixin/injection/callback/CallbackInfo;)V won't be passed a CallbackInfo as a result
[15:32:10] [Render thread/DEBUG] (FabricLoader/Mixin) Mixing RenderStateMixin from fabric-rendering-v1.mixins.json into net.minecraft.client.render.MapRenderState
[15:32:10] [Render thread/DEBUG] (FabricLoader/Mixin) Mixing KeyedClientResourceReloadListenerMixin from fabric-resource-loader-v1.client.mixins.json into net.minecraft.client.render.block.entity.BlockEntityRenderManager
[15:32:10] [Render thread/DEBUG] (FabricLoader/Mixin) Mixing ParticleSpriteManagerMixin from fabric-particles-v1.client.mixins.json into net.minecraft.client.particle.ParticleSpriteManager
[15:32:10] [Render thread/DEBUG] (FabricLoader/Mixin) Mixing KeyedClientResourceReloadListenerMixin from fabric-resource-loader-v1.client.mixins.json into net.minecraft.client.particle.ParticleSpriteManager
[15:32:10] [Render thread/DEBUG] (FabricLoader/Mixin) Mixing ParticleSpriteManagerMixin from fabric-registry-sync-v0.client.mixins.json into net.minecraft.client.particle.ParticleSpriteManager
[15:32:10] [Render thread/DEBUG] (FabricLoader/Mixin) fabric-particles-v1.client.mixins.json:ParticleSpriteManagerMixin from mod fabric-particles-v1->@Inject::onRegisterDefaultFactories(Lorg/spongepowered/asm/mixin/injection/callback/CallbackInfo;)V doesn't use it's CallbackInfo
[15:32:10] [Render thread/DEBUG] (FabricLoader/Mixin) fabric-particles-v1.client.mixins.json:ParticleSpriteManagerMixin from mod fabric-particles-v1->@Inject::onRegisterDefaultFactories(Lorg/spongepowered/asm/mixin/injection/callback/CallbackInfo;)V has 0 override(s) in child classes
[15:32:10] [Render thread/DEBUG] (FabricLoader/Mixin) fabric-particles-v1.client.mixins.json:ParticleSpriteManagerMixin from mod fabric-particles-v1->@Inject::onRegisterDefaultFactories(Lorg/spongepowered/asm/mixin/injection/callback/CallbackInfo;)V won't be passed a CallbackInfo as a result
[15:32:10] [Render thread/DEBUG] (FabricLoader/Mixin) fabric-registry-sync-v0.client.mixins.json:ParticleSpriteManagerMixin from mod fabric-registry-sync-v0->@Inject::onInit(Lorg/spongepowered/asm/mixin/injection/callback/CallbackInfo;)V doesn't use it's CallbackInfo
[15:32:10] [Render thread/DEBUG] (FabricLoader/Mixin) fabric-registry-sync-v0.client.mixins.json:ParticleSpriteManagerMixin from mod fabric-registry-sync-v0->@Inject::onInit(Lorg/spongepowered/asm/mixin/injection/callback/CallbackInfo;)V has 0 override(s) in child classes
[15:32:10] [Render thread/DEBUG] (FabricLoader/Mixin) fabric-registry-sync-v0.client.mixins.json:ParticleSpriteManagerMixin from mod fabric-registry-sync-v0->@Inject::onInit(Lorg/spongepowered/asm/mixin/injection/callback/CallbackInfo;)V won't be passed a CallbackInfo as a result
[15:32:10] [Render thread/DEBUG] (FabricLoader/Mixin) Mixing client.block.particle.BlockMarkerParticleMixin from fabric-renderer-api-v1.mixins.json into net.minecraft.client.particle.BlockMarkerParticle
[15:32:10] [Render thread/DEBUG] (FabricLoader/Mixin) Mixing BlockDustParticleMixin from fabric-particles-v1.client.mixins.json into net.minecraft.client.particle.BlockDustParticle
[15:32:10] [Render thread/DEBUG] (FabricLoader/Mixin) Mixing client.block.particle.BlockDustParticleMixin from fabric-renderer-api-v1.mixins.json into net.minecraft.client.particle.BlockDustParticle
[15:32:10] [Render thread/DEBUG] (FabricLoader/Mixin) Mixing ItemRenderStateMixin from fabric-renderer-indigo.mixins.json into net.minecraft.client.render.item.ItemRenderState
[15:32:10] [Render thread/DEBUG] (FabricLoader/Mixin) Mixing RenderStateMixin from fabric-rendering-v1.mixins.json into net.minecraft.client.render.item.ItemRenderState
[15:32:10] [Render thread/DEBUG] (FabricLoader/Mixin) Mixing renderstate.ItemRenderStateMixin from fabric-rendering-v1.mixins.json into net.minecraft.client.render.item.ItemRenderState
[15:32:10] [Render thread/DEBUG] (FabricLoader/Mixin) fabric-renderer-indigo.mixins.json:ItemRenderStateMixin from mod fabric-renderer-indigo->@Inject::afterInitVecLoad(Ljava/util/function/Consumer;Lorg/spongepowered/asm/mixin/injection/callback/CallbackInfo;)V doesn't use it's CallbackInfo
[15:32:10] [Render thread/DEBUG] (FabricLoader/Mixin) fabric-renderer-indigo.mixins.json:ItemRenderStateMixin from mod fabric-renderer-indigo->@Inject::afterInitVecLoad(Ljava/util/function/Consumer;Lorg/spongepowered/asm/mixin/injection/callback/CallbackInfo;)V has 0 override(s) in child classes
[15:32:10] [Render thread/DEBUG] (FabricLoader/Mixin) fabric-renderer-indigo.mixins.json:ItemRenderStateMixin from mod fabric-renderer-indigo->@Inject::afterInitVecLoad(Ljava/util/function/Consumer;Lorg/spongepowered/asm/mixin/injection/callback/CallbackInfo;)V won't be passed a CallbackInfo as a result
[15:32:10] [Render thread/DEBUG] (FabricLoader/Mixin) fabric-renderer-indigo.mixins.json:ItemRenderStateMixin from mod fabric-renderer-indigo->@Inject::afterLayerLoad(Ljava/util/function/Consumer;Lorg/spongepowered/asm/mixin/injection/callback/CallbackInfo;)V doesn't use it's CallbackInfo
[15:32:10] [Render thread/DEBUG] (FabricLoader/Mixin) fabric-renderer-indigo.mixins.json:ItemRenderStateMixin from mod fabric-renderer-indigo->@Inject::afterLayerLoad(Ljava/util/function/Consumer;Lorg/spongepowered/asm/mixin/injection/callback/CallbackInfo;)V has 0 override(s) in child classes
[15:32:10] [Render thread/DEBUG] (FabricLoader/Mixin) fabric-renderer-indigo.mixins.json:ItemRenderStateMixin from mod fabric-renderer-indigo->@Inject::afterLayerLoad(Ljava/util/function/Consumer;Lorg/spongepowered/asm/mixin/injection/callback/CallbackInfo;)V won't be passed a CallbackInfo as a result
[15:32:10] [Render thread/DEBUG] (FabricLoader/Mixin) fabric-rendering-v1.mixins.json:renderstate.ItemRenderStateMixin from mod fabric-rendering-v1->@Inject::clearExtraRenderData(Lorg/spongepowered/asm/mixin/injection/callback/CallbackInfo;)V doesn't use it's CallbackInfo
[15:32:10] [Render thread/DEBUG] (FabricLoader/Mixin) fabric-rendering-v1.mixins.json:renderstate.ItemRenderStateMixin from mod fabric-rendering-v1->@Inject::clearExtraRenderData(Lorg/spongepowered/asm/mixin/injection/callback/CallbackInfo;)V has 0 override(s) in child classes
[15:32:10] [Render thread/DEBUG] (FabricLoader/Mixin) fabric-rendering-v1.mixins.json:renderstate.ItemRenderStateMixin from mod fabric-rendering-v1->@Inject::clearExtraRenderData(Lorg/spongepowered/asm/mixin/injection/callback/CallbackInfo;)V won't be passed a CallbackInfo as a result
[15:32:10] [Render thread/DEBUG] (FabricLoader/Mixin) Mixing ItemRenderStateLayerRenderStateMixin from fabric-renderer-indigo.mixins.json into net.minecraft.client.render.item.ItemRenderState$LayerRenderState
[15:32:10] [Render thread/DEBUG] (FabricLoader/Mixin) Mixing RenderStateMixin from fabric-rendering-v1.mixins.json into net.minecraft.client.render.item.ItemRenderState$LayerRenderState
[15:32:10] [Render thread/DEBUG] (FabricLoader/Mixin) Mixing renderstate.ItemRenderStateLayerRenderStateMixin from fabric-rendering-v1.mixins.json into net.minecraft.client.render.item.ItemRenderState$LayerRenderState
[15:32:10] [Render thread/DEBUG] (FabricLoader/Mixin) Mixing client.item.ItemRenderStateLayerRenderStateMixin from fabric-renderer-api-v1.mixins.json into net.minecraft.client.render.item.ItemRenderState$LayerRenderState
[15:32:10] [Render thread/DEBUG] (FabricLoader/Mixin) fabric-renderer-indigo.mixins.json:ItemRenderStateLayerRenderStateMixin from mod fabric-renderer-indigo->@Inject::onReturnClear(Lorg/spongepowered/asm/mixin/injection/callback/CallbackInfo;)V doesn't use it's CallbackInfo
[15:32:10] [Render thread/DEBUG] (FabricLoader/Mixin) fabric-renderer-indigo.mixins.json:ItemRenderStateLayerRenderStateMixin from mod fabric-renderer-indigo->@Inject::onReturnClear(Lorg/spongepowered/asm/mixin/injection/callback/CallbackInfo;)V has 0 override(s) in child classes
[15:32:10] [Render thread/DEBUG] (FabricLoader/Mixin) fabric-renderer-indigo.mixins.json:ItemRenderStateLayerRenderStateMixin from mod fabric-renderer-indigo->@Inject::onReturnClear(Lorg/spongepowered/asm/mixin/injection/callback/CallbackInfo;)V won't be passed a CallbackInfo as a result
[15:32:10] [Render thread/DEBUG] (FabricLoader/Mixin) fabric-rendering-v1.mixins.json:renderstate.ItemRenderStateLayerRenderStateMixin from mod fabric-rendering-v1->@Inject::clearExtraRenderData(Lorg/spongepowered/asm/mixin/injection/callback/CallbackInfo;)V doesn't use it's CallbackInfo
[15:32:10] [Render thread/DEBUG] (FabricLoader/Mixin) fabric-rendering-v1.mixins.json:renderstate.ItemRenderStateLayerRenderStateMixin from mod fabric-rendering-v1->@Inject::clearExtraRenderData(Lorg/spongepowered/asm/mixin/injection/callback/CallbackInfo;)V has 0 override(s) in child classes
[15:32:10] [Render thread/DEBUG] (FabricLoader/Mixin) fabric-rendering-v1.mixins.json:renderstate.ItemRenderStateLayerRenderStateMixin from mod fabric-rendering-v1->@Inject::clearExtraRenderData(Lorg/spongepowered/asm/mixin/injection/callback/CallbackInfo;)V won't be passed a CallbackInfo as a result
[15:32:10] [Render thread/DEBUG] (FabricLoader/Mixin) Mixing ParticleManagerAccessor from fabric-particles-v1.client.mixins.json into net.minecraft.client.particle.ParticleManager
[15:32:10] [Render thread/DEBUG] (FabricLoader/Mixin) Renaming @Accessor method getParticleTextureSheets()Ljava/util/List; to getParticleTextureSheets$fabric-particles-v1_$md$26369a$0 in fabric-particles-v1.client.mixins.json:ParticleManagerAccessor from mod fabric-particles-v1
[15:32:10] [Render thread/DEBUG] (FabricLoader/Mixin) Mixing ParticleManagerMixin from fabric-particles-v1.client.mixins.json into net.minecraft.client.particle.ParticleManager
[15:32:10] [Render thread/DEBUG] (FabricLoader/Mixin) fabric-particles-v1.client.mixins.json:ParticleManagerMixin from mod fabric-particles-v1->@Inject::classInit(Lorg/spongepowered/asm/mixin/injection/callback/CallbackInfo;)V doesn't use it's CallbackInfo
[15:32:10] [Render thread/DEBUG] (FabricLoader/Mixin) fabric-particles-v1.client.mixins.json:ParticleManagerMixin from mod fabric-particles-v1->@Inject::createParticleRenderer(Lnet/minecraft/client/particle/ParticleTextureSheet;Lorg/spongepowered/asm/mixin/injection/callback/CallbackInfoReturnable;)V does use it's CallbackInfoReturnable
[15:32:10] [Render thread/DEBUG] (FabricLoader/Mixin) Mixing KeyedClientResourceReloadListenerMixin from fabric-resource-loader-v1.client.mixins.json into net.minecraft.client.resource.waypoint.WaypointStyleAssetManager
[15:32:10] [Render thread/DEBUG] (FabricLoader/Mixin) Mixing GameRendererMixin from fabric-rendering-v1.mixins.json into net.minecraft.client.render.GameRenderer
[15:32:10] [Render thread/DEBUG] (FabricLoader/Mixin) Mixing GameRendererMixin from fabric-screen-api-v1.mixins.json into net.minecraft.client.render.GameRenderer
[15:32:10] [Render thread/DEBUG] (FabricLoader/Mixin) Mixing client.MixinGameRenderer from architectury.mixins.json into net.minecraft.client.render.GameRenderer
[15:32:10] [Render thread/DEBUG] (FabricLoader/Mixin) architectury.mixins.json:client.MixinGameRenderer from mod architectury: Class version 65 required is higher than the class version supported by the current version of Mixin (JAVA_16 supports class version 60)
[15:32:10] [Render thread/DEBUG] (FabricLoader/Mixin) fabric-rendering-v1.mixins.json:GameRendererMixin from mod fabric-rendering-v1->@Inject::guiRendererReady(Lnet/minecraft/client/MinecraftClient;Lnet/minecraft/client/render/item/HeldItemRenderer;Lnet/minecraft/client/render/BufferBuilderStorage;Lnet/minecraft/client/render/block/BlockRenderManager;Lorg/spongepowered/asm/mixin/injection/callback/CallbackInfo;)V doesn't use it's CallbackInfo
[15:32:10] [Render thread/DEBUG] (FabricLoader/Mixin) fabric-rendering-v1.mixins.json:GameRendererMixin from mod fabric-rendering-v1->@Inject::guiRendererReady(Lnet/minecraft/client/MinecraftClient;Lnet/minecraft/client/render/item/HeldItemRenderer;Lnet/minecraft/client/render/BufferBuilderStorage;Lnet/minecraft/client/render/block/BlockRenderManager;Lorg/spongepowered/asm/mixin/injection/callback/CallbackInfo;)V has 0 override(s) in child classes
[15:32:10] [Render thread/DEBUG] (FabricLoader/Mixin) fabric-rendering-v1.mixins.json:GameRendererMixin from mod fabric-rendering-v1->@Inject::guiRendererReady(Lnet/minecraft/client/MinecraftClient;Lnet/minecraft/client/render/item/HeldItemRenderer;Lnet/minecraft/client/render/BufferBuilderStorage;Lnet/minecraft/client/render/block/BlockRenderManager;Lorg/spongepowered/asm/mixin/injection/callback/CallbackInfo;)V won't be passed a CallbackInfo as a result
[15:32:10] [Render thread/DEBUG] (FabricLoader/Mixin) Mixing RenderStateMixin from fabric-rendering-v1.mixins.json into net.minecraft.client.render.state.WorldRenderState
[15:32:10] [Render thread/DEBUG] (FabricLoader/Mixin) Mixing renderstate.WorldRenderStateMixin from fabric-rendering-v1.mixins.json into net.minecraft.client.render.state.WorldRenderState
[15:32:10] [Render thread/DEBUG] (FabricLoader/Mixin) fabric-rendering-v1.mixins.json:renderstate.WorldRenderStateMixin from mod fabric-rendering-v1->@Inject::clearExtraRenderData(Lorg/spongepowered/asm/mixin/injection/callback/CallbackInfo;)V doesn't use it's CallbackInfo
[15:32:10] [Render thread/DEBUG] (FabricLoader/Mixin) fabric-rendering-v1.mixins.json:renderstate.WorldRenderStateMixin from mod fabric-rendering-v1->@Inject::clearExtraRenderData(Lorg/spongepowered/asm/mixin/injection/callback/CallbackInfo;)V has 0 override(s) in child classes
[15:32:10] [Render thread/DEBUG] (FabricLoader/Mixin) fabric-rendering-v1.mixins.json:renderstate.WorldRenderStateMixin from mod fabric-rendering-v1->@Inject::clearExtraRenderData(Lorg/spongepowered/asm/mixin/injection/callback/CallbackInfo;)V won't be passed a CallbackInfo as a result
[15:32:10] [Render thread/DEBUG] (FabricLoader/Mixin) Mixing RenderStateMixin from fabric-rendering-v1.mixins.json into net.minecraft.client.render.state.CameraRenderState
[15:32:10] [Render thread/DEBUG] (FabricLoader/Mixin) Mixing RenderStateMixin from fabric-rendering-v1.mixins.json into net.minecraft.client.render.state.WeatherRenderState
[15:32:10] [Render thread/DEBUG] (FabricLoader/Mixin) Mixing renderstate.WeatherRenderStateMixin from fabric-rendering-v1.mixins.json into net.minecraft.client.render.state.WeatherRenderState
[15:32:10] [Render thread/DEBUG] (FabricLoader/Mixin) fabric-rendering-v1.mixins.json:renderstate.WeatherRenderStateMixin from mod fabric-rendering-v1->@Inject::clearExtraRenderData(Lorg/spongepowered/asm/mixin/injection/callback/CallbackInfo;)V doesn't use it's CallbackInfo
[15:32:10] [Render thread/DEBUG] (FabricLoader/Mixin) fabric-rendering-v1.mixins.json:renderstate.WeatherRenderStateMixin from mod fabric-rendering-v1->@Inject::clearExtraRenderData(Lorg/spongepowered/asm/mixin/injection/callback/CallbackInfo;)V has 0 override(s) in child classes
[15:32:10] [Render thread/DEBUG] (FabricLoader/Mixin) fabric-rendering-v1.mixins.json:renderstate.WeatherRenderStateMixin from mod fabric-rendering-v1->@Inject::clearExtraRenderData(Lorg/spongepowered/asm/mixin/injection/callback/CallbackInfo;)V won't be passed a CallbackInfo as a result
[15:32:10] [Render thread/DEBUG] (FabricLoader/Mixin) Mixing RenderStateMixin from fabric-rendering-v1.mixins.json into net.minecraft.client.render.state.WorldBorderRenderState
[15:32:10] [Render thread/DEBUG] (FabricLoader/Mixin) Mixing renderstate.WorldBorderRenderStateMixin from fabric-rendering-v1.mixins.json into net.minecraft.client.render.state.WorldBorderRenderState
[15:32:10] [Render thread/DEBUG] (FabricLoader/Mixin) fabric-rendering-v1.mixins.json:renderstate.WorldBorderRenderStateMixin from mod fabric-rendering-v1->@Inject::clearExtraRenderData(Lorg/spongepowered/asm/mixin/injection/callback/CallbackInfo;)V doesn't use it's CallbackInfo
[15:32:10] [Render thread/DEBUG] (FabricLoader/Mixin) fabric-rendering-v1.mixins.json:renderstate.WorldBorderRenderStateMixin from mod fabric-rendering-v1->@Inject::clearExtraRenderData(Lorg/spongepowered/asm/mixin/injection/callback/CallbackInfo;)V has 0 override(s) in child classes
[15:32:10] [Render thread/DEBUG] (FabricLoader/Mixin) fabric-rendering-v1.mixins.json:renderstate.WorldBorderRenderStateMixin from mod fabric-rendering-v1->@Inject::clearExtraRenderData(Lorg/spongepowered/asm/mixin/injection/callback/CallbackInfo;)V won't be passed a CallbackInfo as a result
[15:32:10] [Render thread/DEBUG] (FabricLoader/Mixin) Mixing RenderStateMixin from fabric-rendering-v1.mixins.json into net.minecraft.client.render.state.SkyRenderState
[15:32:10] [Render thread/DEBUG] (FabricLoader/Mixin) Mixing renderstate.SkyRenderStateMixin from fabric-rendering-v1.mixins.json into net.minecraft.client.render.state.SkyRenderState
[15:32:10] [Render thread/DEBUG] (FabricLoader/Mixin) fabric-rendering-v1.mixins.json:renderstate.SkyRenderStateMixin from mod fabric-rendering-v1->@Inject::clearExtraRenderData(Lorg/spongepowered/asm/mixin/injection/callback/CallbackInfo;)V doesn't use it's CallbackInfo
[15:32:10] [Render thread/DEBUG] (FabricLoader/Mixin) fabric-rendering-v1.mixins.json:renderstate.SkyRenderStateMixin from mod fabric-rendering-v1->@Inject::clearExtraRenderData(Lorg/spongepowered/asm/mixin/injection/callback/CallbackInfo;)V has 0 override(s) in child classes
[15:32:10] [Render thread/DEBUG] (FabricLoader/Mixin) fabric-rendering-v1.mixins.json:renderstate.SkyRenderStateMixin from mod fabric-rendering-v1->@Inject::clearExtraRenderData(Lorg/spongepowered/asm/mixin/injection/callback/CallbackInfo;)V won't be passed a CallbackInfo as a result
[15:32:10] [Render thread/DEBUG] (FabricLoader/Mixin) Mixing client.block.render.OrderedRenderCommandQueueImplMixin from fabric-renderer-api-v1.mixins.json into net.minecraft.client.render.command.OrderedRenderCommandQueueImpl
[15:32:10] [Render thread/DEBUG] (FabricLoader/Mixin) Mixing client.block.render.FallingBlockCommandRendererMixin from fabric-renderer-api-v1.mixins.json into net.minecraft.client.render.command.FallingBlockCommandRenderer
[15:32:10] [Render thread/DEBUG] (FabricLoader/Mixin) fabric-renderer-api-v1.mixins.json:client.block.render.FallingBlockCommandRendererMixin from mod fabric-renderer-api-v1->@Inject::beforeRenderMovingBlocks(Lnet/minecraft/client/render/command/BatchingRenderCommandQueue;Lnet/minecraft/client/render/VertexConsumerProvider$Immediate;Lnet/minecraft/client/render/block/BlockRenderManager;Lnet/minecraft/client/render/OutlineVertexConsumerProvider;Lorg/spongepowered/asm/mixin/injection/callback/CallbackInfo;)V doesn't use it's CallbackInfo
[15:32:10] [Render thread/DEBUG] (FabricLoader/Mixin) fabric-renderer-api-v1.mixins.json:client.block.render.FallingBlockCommandRendererMixin from mod fabric-renderer-api-v1->@Inject::beforeRenderMovingBlocks(Lnet/minecraft/client/render/command/BatchingRenderCommandQueue;Lnet/minecraft/client/render/VertexConsumerProvider$Immediate;Lnet/minecraft/client/render/block/BlockRenderManager;Lnet/minecraft/client/render/OutlineVertexConsumerProvider;Lorg/spongepowered/asm/mixin/injection/callback/CallbackInfo;)V has 0 override(s) in child classes
[15:32:10] [Render thread/DEBUG] (FabricLoader/Mixin) fabric-renderer-api-v1.mixins.json:client.block.render.FallingBlockCommandRendererMixin from mod fabric-renderer-api-v1->@Inject::beforeRenderMovingBlocks(Lnet/minecraft/client/render/command/BatchingRenderCommandQueue;Lnet/minecraft/client/render/VertexConsumerProvider$Immediate;Lnet/minecraft/client/render/block/BlockRenderManager;Lnet/minecraft/client/render/OutlineVertexConsumerProvider;Lorg/spongepowered/asm/mixin/injection/callback/CallbackInfo;)V won't be passed a CallbackInfo as a result
[15:32:10] [Render thread/DEBUG] (FabricLoader/Mixin) fabric-renderer-api-v1.mixins.json:client.block.render.FallingBlockCommandRendererMixin from mod fabric-renderer-api-v1->@Inject::onReturnRender(Lnet/minecraft/client/render/command/BatchingRenderCommandQueue;Lnet/minecraft/client/render/VertexConsumerProvider$Immediate;Lnet/minecraft/client/render/block/BlockRenderManager;Lnet/minecraft/client/render/OutlineVertexConsumerProvider;Lorg/spongepowered/asm/mixin/injection/callback/CallbackInfo;)V doesn't use it's CallbackInfo
[15:32:10] [Render thread/DEBUG] (FabricLoader/Mixin) fabric-renderer-api-v1.mixins.json:client.block.render.FallingBlockCommandRendererMixin from mod fabric-renderer-api-v1->@Inject::onReturnRender(Lnet/minecraft/client/render/command/BatchingRenderCommandQueue;Lnet/minecraft/client/render/VertexConsumerProvider$Immediate;Lnet/minecraft/client/render/block/BlockRenderManager;Lnet/minecraft/client/render/OutlineVertexConsumerProvider;Lorg/spongepowered/asm/mixin/injection/callback/CallbackInfo;)V has 0 override(s) in child classes
[15:32:10] [Render thread/DEBUG] (FabricLoader/Mixin) fabric-renderer-api-v1.mixins.json:client.block.render.FallingBlockCommandRendererMixin from mod fabric-renderer-api-v1->@Inject::onReturnRender(Lnet/minecraft/client/render/command/BatchingRenderCommandQueue;Lnet/minecraft/client/render/VertexConsumerProvider$Immediate;Lnet/minecraft/client/render/block/BlockRenderManager;Lnet/minecraft/client/render/OutlineVertexConsumerProvider;Lorg/spongepowered/asm/mixin/injection/callback/CallbackInfo;)V won't be passed a CallbackInfo as a result
[15:32:10] [Render thread/DEBUG] (FabricLoader/Mixin) Mixing GuiRendererMixin from fabric-rendering-v1.mixins.json into net.minecraft.client.gui.render.GuiRenderer
[15:32:10] [Render thread/DEBUG] (FabricLoader/Mixin) Renaming synthetic method lambda$substituteSpecialElementRenderer$0(Ljava/lang/Class;)Lnet/fabricmc/fabric/impl/client/rendering/SpecialGuiElementRendererPool; to md26369a$fabric-rendering-v1$lambda$substituteSpecialElementRenderer$0$0 in fabric-rendering-v1.mixins.json:GuiRendererMixin from mod fabric-rendering-v1
[15:32:10] [Render thread/DEBUG] (FabricLoader/Mixin) fabric-rendering-v1.mixins.json:GuiRendererMixin from mod fabric-rendering-v1->@Inject::mutableSpecialElementRenderers(Lnet/minecraft/client/gui/render/state/GuiRenderState;Lnet/minecraft/client/render/VertexConsumerProvider$Immediate;Lnet/minecraft/client/render/command/OrderedRenderCommandQueue;Lnet/minecraft/client/render/command/RenderDispatcher;Ljava/util/List;Lorg/spongepowered/asm/mixin/injection/callback/CallbackInfo;)V doesn't use it's CallbackInfo
[15:32:10] [Render thread/DEBUG] (FabricLoader/Mixin) fabric-rendering-v1.mixins.json:GuiRendererMixin from mod fabric-rendering-v1->@Inject::mutableSpecialElementRenderers(Lnet/minecraft/client/gui/render/state/GuiRenderState;Lnet/minecraft/client/render/VertexConsumerProvider$Immediate;Lnet/minecraft/client/render/command/OrderedRenderCommandQueue;Lnet/minecraft/client/render/command/RenderDispatcher;Ljava/util/List;Lorg/spongepowered/asm/mixin/injection/callback/CallbackInfo;)V has 0 override(s) in child classes
[15:32:10] [Render thread/DEBUG] (FabricLoader/Mixin) fabric-rendering-v1.mixins.json:GuiRendererMixin from mod fabric-rendering-v1->@Inject::mutableSpecialElementRenderers(Lnet/minecraft/client/gui/render/state/GuiRenderState;Lnet/minecraft/client/render/VertexConsumerProvider$Immediate;Lnet/minecraft/client/render/command/OrderedRenderCommandQueue;Lnet/minecraft/client/render/command/RenderDispatcher;Ljava/util/List;Lorg/spongepowered/asm/mixin/injection/callback/CallbackInfo;)V won't be passed a CallbackInfo as a result
[15:32:10] [Render thread/DEBUG] (FabricLoader/Mixin) fabric-rendering-v1.mixins.json:GuiRendererMixin from mod fabric-rendering-v1->@Inject::prePrepareSpecialElements(Lorg/spongepowered/asm/mixin/injection/callback/CallbackInfo;)V doesn't use it's CallbackInfo
[15:32:10] [Render thread/DEBUG] (FabricLoader/Mixin) fabric-rendering-v1.mixins.json:GuiRendererMixin from mod fabric-rendering-v1->@Inject::prePrepareSpecialElements(Lorg/spongepowered/asm/mixin/injection/callback/CallbackInfo;)V has 0 override(s) in child classes
[15:32:10] [Render thread/DEBUG] (FabricLoader/Mixin) fabric-rendering-v1.mixins.json:GuiRendererMixin from mod fabric-rendering-v1->@Inject::prePrepareSpecialElements(Lorg/spongepowered/asm/mixin/injection/callback/CallbackInfo;)V won't be passed a CallbackInfo as a result
[15:32:10] [Render thread/DEBUG] (FabricLoader/Mixin) fabric-rendering-v1.mixins.json:GuiRendererMixin from mod fabric-rendering-v1->@Inject::postPrepareSpecialElements(Lorg/spongepowered/asm/mixin/injection/callback/CallbackInfo;)V doesn't use it's CallbackInfo
[15:32:10] [Render thread/DEBUG] (FabricLoader/Mixin) fabric-rendering-v1.mixins.json:GuiRendererMixin from mod fabric-rendering-v1->@Inject::postPrepareSpecialElements(Lorg/spongepowered/asm/mixin/injection/callback/CallbackInfo;)V has 0 override(s) in child classes
[15:32:10] [Render thread/DEBUG] (FabricLoader/Mixin) fabric-rendering-v1.mixins.json:GuiRendererMixin from mod fabric-rendering-v1->@Inject::postPrepareSpecialElements(Lorg/spongepowered/asm/mixin/injection/callback/CallbackInfo;)V won't be passed a CallbackInfo as a result
[15:32:10] [Render thread/DEBUG] (FabricLoader/Mixin) fabric-rendering-v1.mixins.json:GuiRendererMixin from mod fabric-rendering-v1->@Inject::closeRendererPools(Lorg/spongepowered/asm/mixin/injection/callback/CallbackInfo;)V doesn't use it's CallbackInfo
[15:32:10] [Render thread/DEBUG] (FabricLoader/Mixin) fabric-rendering-v1.mixins.json:GuiRendererMixin from mod fabric-rendering-v1->@Inject::closeRendererPools(Lorg/spongepowered/asm/mixin/injection/callback/CallbackInfo;)V has 0 override(s) in child classes
[15:32:10] [Render thread/DEBUG] (FabricLoader/Mixin) fabric-rendering-v1.mixins.json:GuiRendererMixin from mod fabric-rendering-v1->@Inject::closeRendererPools(Lorg/spongepowered/asm/mixin/injection/callback/CallbackInfo;)V won't be passed a CallbackInfo as a result
[15:32:10] [Render thread/DEBUG] (FabricLoader/Mixin) Mixing client.block.particle.InGameOverlayRendererMixin from fabric-renderer-api-v1.mixins.json into net.minecraft.client.gui.hud.InGameOverlayRenderer
[15:32:10] [Render thread/DEBUG] (FabricLoader/Mixin) fabric-renderer-api-v1.mixins.json:client.block.particle.InGameOverlayRendererMixin from mod fabric-renderer-api-v1->@Inject::onReturnGetInWallBlockState(Lorg/spongepowered/asm/mixin/injection/callback/CallbackInfoReturnable;)V does use it's CallbackInfoReturnable
[15:32:10] [Render thread/DEBUG] (FabricLoader/Mixin) Mixing WorldRendererMixin from fabric-rendering-v1.mixins.json into net.minecraft.client.render.WorldRenderer
[15:32:10] [Render thread/DEBUG] (FabricLoader/Mixin) Mixing KeyedClientResourceReloadListenerMixin from fabric-resource-loader-v1.client.mixins.json into net.minecraft.client.render.WorldRenderer
[15:32:10] [Render thread/DEBUG] (FabricLoader/Mixin) fabric-rendering-v1.mixins.json:WorldRendererMixin from mod fabric-rendering-v1->@Inject::onReload(Lorg/spongepowered/asm/mixin/injection/callback/CallbackInfo;)V doesn't use it's CallbackInfo
[15:32:10] [Render thread/DEBUG] (FabricLoader/Mixin) fabric-rendering-v1.mixins.json:WorldRendererMixin from mod fabric-rendering-v1->@Inject::onReload(Lorg/spongepowered/asm/mixin/injection/callback/CallbackInfo;)V has 0 override(s) in child classes
[15:32:10] [Render thread/DEBUG] (FabricLoader/Mixin) fabric-rendering-v1.mixins.json:WorldRendererMixin from mod fabric-rendering-v1->@Inject::onReload(Lorg/spongepowered/asm/mixin/injection/callback/CallbackInfo;)V won't be passed a CallbackInfo as a result
[15:32:10] [Render thread/DEBUG] (FabricLoader/Mixin) Mixing KeyedClientResourceReloadListenerMixin from fabric-resource-loader-v1.client.mixins.json into net.minecraft.client.render.CloudRenderer
[15:32:10] [Render thread/DEBUG] (FabricLoader/Mixin) Mixing KeyedClientResourceReloadListenerMixin from fabric-resource-loader-v1.client.mixins.json into net.minecraft.client.resource.VideoWarningManager
[15:32:10] [Render thread/DEBUG] (FabricLoader/Mixin) Mixing InGameHudAccessor from fabric-rendering-v1.mixins.json into net.minecraft.client.gui.hud.InGameHud
[15:32:10] [Render thread/DEBUG] (FabricLoader/Mixin) Mixing InGameHudMixin from fabric-rendering-v1.mixins.json into net.minecraft.client.gui.hud.InGameHud
[15:32:10] [Render thread/DEBUG] (FabricLoader/Mixin) Renaming synthetic method lambda$wrapSubtitlesHud$22(Lcom/llamalad7/mixinextras/injector/wrapoperation/Operation;Lnet/minecraft/client/gui/hud/InGameHud;ZLnet/minecraft/client/gui/DrawContext;Lnet/minecraft/client/render/RenderTickCounter;)V to md26369a$fabric-rendering-v1$lambda$wrapSubtitlesHud$22$0 in fabric-rendering-v1.mixins.json:InGameHudMixin from mod fabric-rendering-v1
[15:32:10] [Render thread/DEBUG] (FabricLoader/Mixin) Renaming synthetic method lambda$wrapPlayerList$21(Lcom/llamalad7/mixinextras/injector/wrapoperation/Operation;Lnet/minecraft/client/gui/hud/InGameHud;Lnet/minecraft/client/gui/DrawContext;Lnet/minecraft/client/render/RenderTickCounter;)V to md26369a$fabric-rendering-v1$lambda$wrapPlayerList$21$1 in fabric-rendering-v1.mixins.json:InGameHudMixin from mod fabric-rendering-v1
[15:32:10] [Render thread/DEBUG] (FabricLoader/Mixin) Renaming synthetic method lambda$wrapChat$20(Lcom/llamalad7/mixinextras/injector/wrapoperation/Operation;Lnet/minecraft/client/gui/hud/InGameHud;Lnet/minecraft/client/gui/DrawContext;Lnet/minecraft/client/render/RenderTickCounter;)V to md26369a$fabric-rendering-v1$lambda$wrapChat$20$2 in fabric-rendering-v1.mixins.json:InGameHudMixin from mod fabric-rendering-v1
[15:32:10] [Render thread/DEBUG] (FabricLoader/Mixin) Renaming synthetic method lambda$wrapTitleAndSubtitle$19(Lcom/llamalad7/mixinextras/injector/wrapoperation/Operation;Lnet/minecraft/client/gui/hud/InGameHud;Lnet/minecraft/client/gui/DrawContext;Lnet/minecraft/client/render/RenderTickCounter;)V to md26369a$fabric-rendering-v1$lambda$wrapTitleAndSubtitle$19$3 in fabric-rendering-v1.mixins.json:InGameHudMixin from mod fabric-rendering-v1
[15:32:10] [Render thread/DEBUG] (FabricLoader/Mixin) Renaming synthetic method lambda$wrapOverlayMessage$18(Lcom/llamalad7/mixinextras/injector/wrapoperation/Operation;Lnet/minecraft/client/gui/hud/InGameHud;Lnet/minecraft/client/gui/DrawContext;Lnet/minecraft/client/render/RenderTickCounter;)V to md26369a$fabric-rendering-v1$lambda$wrapOverlayMessage$18$4 in fabric-rendering-v1.mixins.json:InGameHudMixin from mod fabric-rendering-v1
[15:32:10] [Render thread/DEBUG] (FabricLoader/Mixin) Renaming synthetic method lambda$wrapScoreboardSidebar$17(Lcom/llamalad7/mixinextras/injector/wrapoperation/Operation;Lnet/minecraft/client/gui/hud/InGameHud;Lnet/minecraft/client/gui/DrawContext;Lnet/minecraft/client/render/RenderTickCounter;)V to md26369a$fabric-rendering-v1$lambda$wrapScoreboardSidebar$17$5 in fabric-rendering-v1.mixins.json:InGameHudMixin from mod fabric-rendering-v1
[15:32:10] [Render thread/DEBUG] (FabricLoader/Mixin) Renaming synthetic method lambda$wrapDemoTimer$16(Lcom/llamalad7/mixinextras/injector/wrapoperation/Operation;Lnet/minecraft/client/gui/hud/InGameHud;Lnet/minecraft/client/gui/DrawContext;Lnet/minecraft/client/render/RenderTickCounter;)V to md26369a$fabric-rendering-v1$lambda$wrapDemoTimer$16$6 in fabric-rendering-v1.mixins.json:InGameHudMixin from mod fabric-rendering-v1
[15:32:10] [Render thread/DEBUG] (FabricLoader/Mixin) Renaming synthetic method lambda$wrapSleepOverlay$15(Lcom/llamalad7/mixinextras/injector/wrapoperation/Operation;Lnet/minecraft/client/gui/hud/InGameHud;Lnet/minecraft/client/gui/DrawContext;Lnet/minecraft/client/render/RenderTickCounter;)V to md26369a$fabric-rendering-v1$lambda$wrapSleepOverlay$15$7 in fabric-rendering-v1.mixins.json:InGameHudMixin from mod fabric-rendering-v1
[15:32:10] [Render thread/DEBUG] (FabricLoader/Mixin) Renaming synthetic method lambda$wrapBossBarHud$14(Lcom/llamalad7/mixinextras/injector/wrapoperation/Operation;Lnet/minecraft/client/gui/hud/InGameHud;Lnet/minecraft/client/gui/DrawContext;Lnet/minecraft/client/render/RenderTickCounter;)V to md26369a$fabric-rendering-v1$lambda$wrapBossBarHud$14$8 in fabric-rendering-v1.mixins.json:InGameHudMixin from mod fabric-rendering-v1
[15:32:10] [Render thread/DEBUG] (FabricLoader/Mixin) Renaming synthetic method lambda$wrapStatusEffectOverlay$13(Lcom/llamalad7/mixinextras/injector/wrapoperation/Operation;Lnet/minecraft/client/gui/hud/InGameHud;Lnet/minecraft/client/gui/DrawContext;Lnet/minecraft/client/render/RenderTickCounter;)V to md26369a$fabric-rendering-v1$lambda$wrapStatusEffectOverlay$13$9 in fabric-rendering-v1.mixins.json:InGameHudMixin from mod fabric-rendering-v1
[15:32:10] [Render thread/DEBUG] (FabricLoader/Mixin) Renaming synthetic method lambda$wrapRenderSpectatorHud$12(Lcom/llamalad7/mixinextras/injector/wrapoperation/Operation;Lnet/minecraft/client/gui/hud/SpectatorHud;Lnet/minecraft/client/gui/DrawContext;Lnet/minecraft/client/render/RenderTickCounter;)V to md26369a$fabric-rendering-v1$lambda$wrapRenderSpectatorHud$12$a in fabric-rendering-v1.mixins.json:InGameHudMixin from mod fabric-rendering-v1
[15:32:10] [Render thread/DEBUG] (FabricLoader/Mixin) Renaming synthetic method lambda$wrapHeldItemTooltip$11(Lcom/llamalad7/mixinextras/injector/wrapoperation/Operation;Lnet/minecraft/client/gui/hud/InGameHud;Lnet/minecraft/client/gui/DrawContext;Lnet/minecraft/client/render/RenderTickCounter;)V to md26369a$fabric-rendering-v1$lambda$wrapHeldItemTooltip$11$b in fabric-rendering-v1.mixins.json:InGameHudMixin from mod fabric-rendering-v1
[15:32:10] [Render thread/DEBUG] (FabricLoader/Mixin) Renaming synthetic method lambda$wrapExperienceLevel$10(Lcom/llamalad7/mixinextras/injector/wrapoperation/Operation;Lnet/minecraft/client/font/TextRenderer;ILnet/minecraft/client/gui/DrawContext;Lnet/minecraft/client/render/RenderTickCounter;)V to md26369a$fabric-rendering-v1$lambda$wrapExperienceLevel$10$c in fabric-rendering-v1.mixins.json:InGameHudMixin from mod fabric-rendering-v1
[15:32:10] [Render thread/DEBUG] (FabricLoader/Mixin) Renaming synthetic method lambda$wrapRenderBar$9(Lcom/llamalad7/mixinextras/injector/wrapoperation/Operation;Lnet/minecraft/client/gui/hud/bar/Bar;Lnet/minecraft/client/gui/DrawContext;Lnet/minecraft/client/render/RenderTickCounter;)V to md26369a$fabric-rendering-v1$lambda$wrapRenderBar$9$d in fabric-rendering-v1.mixins.json:InGameHudMixin from mod fabric-rendering-v1
[15:32:10] [Render thread/DEBUG] (FabricLoader/Mixin) Renaming synthetic method lambda$wrapMountHealth$8(Lcom/llamalad7/mixinextras/injector/wrapoperation/Operation;Lnet/minecraft/client/gui/hud/InGameHud;Lnet/minecraft/client/gui/DrawContext;Lnet/minecraft/client/render/RenderTickCounter;)V to md26369a$fabric-rendering-v1$lambda$wrapMountHealth$8$e in fabric-rendering-v1.mixins.json:InGameHudMixin from mod fabric-rendering-v1
[15:32:10] [Render thread/DEBUG] (FabricLoader/Mixin) Renaming synthetic method lambda$wrapAirBar$7(Lcom/llamalad7/mixinextras/injector/wrapoperation/Operation;Lnet/minecraft/client/gui/hud/InGameHud;Lnet/minecraft/entity/player/PlayerEntity;IIILnet/minecraft/client/gui/DrawContext;Lnet/minecraft/client/render/RenderTickCounter;)V to md26369a$fabric-rendering-v1$lambda$wrapAirBar$7$f in fabric-rendering-v1.mixins.json:InGameHudMixin from mod fabric-rendering-v1
[15:32:10] [Render thread/DEBUG] (FabricLoader/Mixin) Renaming synthetic method lambda$wrapFoodBar$6(Lcom/llamalad7/mixinextras/injector/wrapoperation/Operation;Lnet/minecraft/client/gui/hud/InGameHud;Lnet/minecraft/entity/player/PlayerEntity;IILnet/minecraft/client/gui/DrawContext;Lnet/minecraft/client/render/RenderTickCounter;)V to md26369a$fabric-rendering-v1$lambda$wrapFoodBar$6$10 in fabric-rendering-v1.mixins.json:InGameHudMixin from mod fabric-rendering-v1
[15:32:10] [Render thread/DEBUG] (FabricLoader/Mixin) Renaming synthetic method lambda$wrapHealthBar$5(Lcom/llamalad7/mixinextras/injector/wrapoperation/Operation;Lnet/minecraft/client/gui/hud/InGameHud;Lnet/minecraft/entity/player/PlayerEntity;IIIIFIIIZLnet/minecraft/client/gui/DrawContext;Lnet/minecraft/client/render/RenderTickCounter;)V to md26369a$fabric-rendering-v1$lambda$wrapHealthBar$5$11 in fabric-rendering-v1.mixins.json:InGameHudMixin from mod fabric-rendering-v1
[15:32:10] [Render thread/DEBUG] (FabricLoader/Mixin) Renaming synthetic method lambda$wrapArmorBar$4(Lcom/llamalad7/mixinextras/injector/wrapoperation/Operation;Lnet/minecraft/entity/player/PlayerEntity;IIIILnet/minecraft/client/gui/DrawContext;Lnet/minecraft/client/render/RenderTickCounter;)V to md26369a$fabric-rendering-v1$lambda$wrapArmorBar$4$12 in fabric-rendering-v1.mixins.json:InGameHudMixin from mod fabric-rendering-v1
[15:32:10] [Render thread/DEBUG] (FabricLoader/Mixin) Renaming synthetic method lambda$wrapHotbar$3(Lcom/llamalad7/mixinextras/injector/wrapoperation/Operation;Lnet/minecraft/client/gui/hud/InGameHud;Lnet/minecraft/client/gui/DrawContext;Lnet/minecraft/client/render/RenderTickCounter;)V to md26369a$fabric-rendering-v1$lambda$wrapHotbar$3$13 in fabric-rendering-v1.mixins.json:InGameHudMixin from mod fabric-rendering-v1
[15:32:10] [Render thread/DEBUG] (FabricLoader/Mixin) Renaming synthetic method lambda$wrapSpectatorMenu$2(Lcom/llamalad7/mixinextras/injector/wrapoperation/Operation;Lnet/minecraft/client/gui/hud/SpectatorHud;Lnet/minecraft/client/gui/DrawContext;Lnet/minecraft/client/render/RenderTickCounter;)V to md26369a$fabric-rendering-v1$lambda$wrapSpectatorMenu$2$14 in fabric-rendering-v1.mixins.json:InGameHudMixin from mod fabric-rendering-v1
[15:32:10] [Render thread/DEBUG] (FabricLoader/Mixin) Renaming synthetic method lambda$wrapCrosshair$1(Lcom/llamalad7/mixinextras/injector/wrapoperation/Operation;Lnet/minecraft/client/gui/hud/InGameHud;Lnet/minecraft/client/gui/DrawContext;Lnet/minecraft/client/render/RenderTickCounter;)V to md26369a$fabric-rendering-v1$lambda$wrapCrosshair$1$15 in fabric-rendering-v1.mixins.json:InGameHudMixin from mod fabric-rendering-v1
[15:32:10] [Render thread/DEBUG] (FabricLoader/Mixin) Renaming synthetic method lambda$wrapMiscOverlays$0(Lcom/llamalad7/mixinextras/injector/wrapoperation/Operation;Lnet/minecraft/client/gui/hud/InGameHud;Lnet/minecraft/client/gui/DrawContext;Lnet/minecraft/client/render/RenderTickCounter;)V to md26369a$fabric-rendering-v1$lambda$wrapMiscOverlays$0$16 in fabric-rendering-v1.mixins.json:InGameHudMixin from mod fabric-rendering-v1
[15:32:10] [Render thread/DEBUG] (FabricLoader/Mixin) fabric-rendering-v1.mixins.json:InGameHudMixin from mod fabric-rendering-v1->@Inject::render(Lnet/minecraft/client/gui/DrawContext;Lnet/minecraft/client/render/RenderTickCounter;Lorg/spongepowered/asm/mixin/injection/callback/CallbackInfo;)V doesn't use it's CallbackInfo
[15:32:10] [Render thread/DEBUG] (FabricLoader/Mixin) fabric-rendering-v1.mixins.json:InGameHudMixin from mod fabric-rendering-v1->@Inject::render(Lnet/minecraft/client/gui/DrawContext;Lnet/minecraft/client/render/RenderTickCounter;Lorg/spongepowered/asm/mixin/injection/callback/CallbackInfo;)V has 0 override(s) in child classes
[15:32:10] [Render thread/DEBUG] (FabricLoader/Mixin) fabric-rendering-v1.mixins.json:InGameHudMixin from mod fabric-rendering-v1->@Inject::render(Lnet/minecraft/client/gui/DrawContext;Lnet/minecraft/client/render/RenderTickCounter;Lorg/spongepowered/asm/mixin/injection/callback/CallbackInfo;)V won't be passed a CallbackInfo as a result
[15:32:10] [Render thread/DEBUG] (FabricLoader/Mixin) Mixing client.MixinDebugScreenOverlay from architectury.mixins.json into net.minecraft.client.gui.hud.DebugHud
[15:32:10] [Render thread/DEBUG] (FabricLoader/Mixin) architectury.mixins.json:client.MixinDebugScreenOverlay from mod architectury: Class version 65 required is higher than the class version supported by the current version of Mixin (JAVA_16 supports class version 60)
[15:32:10] [Render thread/DEBUG] (FabricLoader/Mixin) architectury.mixins.json:client.MixinDebugScreenOverlay from mod architectury->@Inject::getLeftTexts(Lnet/minecraft/client/gui/DrawContext;Ljava/util/List;ZLorg/spongepowered/asm/mixin/injection/callback/CallbackInfo;)V doesn't use it's CallbackInfo
[15:32:10] [Render thread/DEBUG] (FabricLoader/Mixin) architectury.mixins.json:client.MixinDebugScreenOverlay from mod architectury->@Inject::getLeftTexts(Lnet/minecraft/client/gui/DrawContext;Ljava/util/List;ZLorg/spongepowered/asm/mixin/injection/callback/CallbackInfo;)V has 0 override(s) in child classes
[15:32:10] [Render thread/DEBUG] (FabricLoader/Mixin) architectury.mixins.json:client.MixinDebugScreenOverlay from mod architectury->@Inject::getLeftTexts(Lnet/minecraft/client/gui/DrawContext;Ljava/util/List;ZLorg/spongepowered/asm/mixin/injection/callback/CallbackInfo;)V won't be passed a CallbackInfo as a result
[15:32:10] [Render thread/DEBUG] (FabricLoader/Mixin) Mixing ResourceMixin from fabric-resource-loader-v0.mixins.json into net.minecraft.resource.Resource
[15:32:10] [Render thread/ERROR] (com.mojang.text2speech.Narrator) Error while loading the narrator
com.mojang.text2speech.Narrator$InitializeException: Failed to load library flite
	at knot/com.mojang.text2speech.NarratorLinux$FliteLibrary.loadNative(NarratorLinux.java:81) ~[text2speech-1.18.11.jar:?]
	at knot/com.mojang.text2speech.NarratorLinux.<init>(NarratorLinux.java:18) ~[text2speech-1.18.11.jar:?]
	at knot/com.mojang.text2speech.Narrator.getNarrator(Narrator.java:41) [text2speech-1.18.11.jar:?]
	at knot/net.minecraft.client.util.NarratorManager.<init>(NarratorManager.java) [minecraft-merged-0649bd5f2c-1.21.9-loom.mappings.1_21_9.layered+hash.1356837008-v2.jar:?]
	at knot/net.minecraft.client.MinecraftClient.<init>(MinecraftClient.java:758) [minecraft-merged-0649bd5f2c-1.21.9-loom.mappings.1_21_9.layered+hash.1356837008-v2.jar:?]
	at knot/net.minecraft.client.main.Main.main(Main.java:208) [minecraft-merged-0649bd5f2c-1.21.9-loom.mappings.1_21_9.layered+hash.1356837008-v2.jar:?]
	at net.fabricmc.loader.impl.game.minecraft.MinecraftGameProvider.launch(MinecraftGameProvider.java:506) [fabric-loader-0.17.3.jar:?]
	at net.fabricmc.loader.impl.launch.knot.Knot.launch(Knot.java:72) [fabric-loader-0.17.3.jar:?]
	at net.fabricmc.loader.impl.launch.knot.KnotClient.main(KnotClient.java:23) [fabric-loader-0.17.3.jar:?]
	at net.fabricmc.devlaunchinjector.Main.main(Main.java:86) [dev-launch-injector-0.2.1+build.8.jar:?]
	at dev.architectury.transformer.TransformerRuntime.main(TransformerRuntime.java:220) [architectury-transformer-5.2.87-runtime.jar:5.2.87]
Caused by: java.lang.UnsatisfiedLinkError: Unable to load library 'flite':
libflite.so: cannot open shared object file: No such file or directory
libflite.so: cannot open shared object file: No such file or directory
Native library (linux-x86-64/libflite.so) not found in resource path (/home/lordender_kitty/IdeaProjects/Reload Server List/fabric/build/classes/java/main:/home/lordender_kitty/IdeaProjects/Reload Server List/fabric/build/resources/main:/home/lordender_kitty/.gradle/caches/fabric-loom/1.21.9/loom.mappings.1_21_9.layered+hash.1356837008-v2/mappings.jar:/home/lordender_kitty/.gradle/caches/modules-2/files-2.1/dev.architectury/architectury-transformer/5.2.87/c81d58e13fbd902ba5d909126733b9e3771c4395/architectury-transformer-5.2.87-agent.jar:/home/lordender_kitty/.gradle/caches/modules-2/files-2.1/dev.architectury/architectury-transformer/5.2.87/980814ce433a3396de4495194f027dfecc94bb3a/architectury-transformer-5.2.87-runtime.jar:/home/lordender_kitty/IdeaProjects/Reload Server List/common/build/devlibs/reload_server_list-common-2.0-dev.jar:/home/lordender_kitty/.gradle/caches/modules-2/files-2.1/org.ow2.asm/asm/9.9/c29635c8a7afa03d74b33c1884df8abb2b3f3dcc/asm-9.9.jar:/home/lordender_kitty/.gradle/caches/modules-2/files-2.1/org.ow2.asm/asm-analysis/9.9/bf4fa6e66638851c1cd22c2caea0c3ee5d5f437/asm-analysis-9.9.jar:/home/lordender_kitty/.gradle/caches/modules-2/files-2.1/org.ow2.asm/asm-commons/9.9/db9165a3bf908ded6b08612d583a15d1d0c7bda0/asm-commons-9.9.jar:/home/lordender_kitty/.gradle/caches/modules-2/files-2.1/org.ow2.asm/asm-tree/9.9/f8de6eead6d24dd0f45bd065bbe112b2cda6ea21/asm-tree-9.9.jar:/home/lordender_kitty/.gradle/caches/modules-2/files-2.1/org.ow2.asm/asm-util/9.9/42fdfc0508b43807c8078d6e82ecff2ce2112ae8/asm-util-9.9.jar:/home/lordender_kitty/.gradle/caches/modules-2/files-2.1/net.fabricmc/sponge-mixin/0.16.5+mixin.0.8.7/80fc3a9f592673cea87f4cd702f87991c6c9fe4d/sponge-mixin-0.16.5+mixin.0.8.7.jar:/home/lordender_kitty/.gradle/caches/modules-2/files-2.1/io.github.llamalad7/mixinextras-fabric/0.5.0/91a83dfb7abd320f6236bd1fcf5c0ff143d59a13/mixinextras-fabric-0.5.0.jar:/home/lordender_kitty/.gradle/caches/modules-2/files-2.1/net.fabricmc/dev-launch-injector/0.2.1+build.8/da8bef7e6e2f952da707f282bdb46882a0fce5e3/dev-launch-injector-0.2.1+build.8.jar:/home/lordender_kitty/.gradle/caches/modules-2/files-2.1/net.minecrell/terminalconsoleappender/1.3.0/b562e9bb61235c9520e26282cdee71f8f802d1fc/terminalconsoleappender-1.3.0.jar:/home/lordender_kitty/.gradle/caches/modules-2/files-2.1/com.fasterxml.jackson.core/jackson-annotations/2.13.4/858c6cc78e1f08a885b1613e1d817c829df70a6e/jackson-annotations-2.13.4.jar:/home/lordender_kitty/.gradle/caches/modules-2/files-2.1/com.fasterxml.jackson.core/jackson-core/2.13.4/cf934c681294b97ef6d80082faeefbe1edadf56/jackson-core-2.13.4.jar:/home/lordender_kitty/.gradle/caches/modules-2/files-2.1/com.fasterxml.jackson.core/jackson-databind/2.13.4.2/325c06bdfeb628cfb80ebaaf1a26cc1eb558a585/jackson-databind-2.13.4.2.jar:/home/lordender_kitty/.gradle/caches/modules-2/files-2.1/com.github.oshi/oshi-core/6.6.5/e1099981fd15dc4236c4499d82aba1276fb43a9a/oshi-core-6.6.5.jar:/home/lordender_kitty/.gradle/caches/modules-2/files-2.1/com.github.stephenc.jcip/jcip-annotations/1.0-1/ef31541dd28ae2cefdd17c7ebf352d93e9058c63/jcip-annotations-1.0-1.jar:/home/lordender_kitty/.gradle/caches/modules-2/files-2.1/com.google.code.gson/gson/2.11.0/527175ca6d81050b53bdd4c457a6d6e017626b0e/gson-2.11.0.jar:/home/lordender_kitty/.gradle/caches/modules-2/files-2.1/com.google.guava/failureaccess/1.0.2/c4a06a64e650562f30b7bf9aaec1bfed43aca12b/failureaccess-1.0.2.jar:/home/lordender_kitty/.gradle/caches/modules-2/files-2.1/com.google.guava/guava/33.3.1-jre/852f8b363da0111e819460021ca693cacca3e8db/guava-33.3.1-jre.jar:/home/lordender_kitty/.gradle/caches/modules-2/files-2.1/com.ibm.icu/icu4j/76.1/215f3a8e936d4069344bd75f2b1368fd58112894/icu4j-76.1.jar:/home/lordender_kitty/.gradle/caches/modules-2/files-2.1/com.microsoft.azure/msal4j/1.17.2/a6211e3d71d0388929babaa0ff0951b30d001852/msal4j-1.17.2.jar:/home/lordender_kitty/.gradle/caches/modules-2/files-2.1/com.mojang/authlib/7.0.61/efee1e6b54e863108576eb3b3ae71144626aaefc/authlib-7.0.61.jar:/home/lordender_kitty/.gradle/caches/modules-2/files-2.1/com.mojang/blocklist/1.0.10/5c685c5ffa94c4cd39496c7184c1d122e515ecef/blocklist-1.0.10.jar:/home/lordender_kitty/.gradle/caches/modules-2/files-2.1/com.mojang/brigadier/1.3.10/d15b53a14cf20fdcaa98f731af5dda654452c010/brigadier-1.3.10.jar:/home/lordender_kitty/.gradle/caches/modules-2/files-2.1/com.mojang/datafixerupper/8.0.16/67d4de6d7f95d89bcf5862995fb854ebaec02a34/datafixerupper-8.0.16.jar:/home/lordender_kitty/.gradle/caches/modules-2/files-2.1/com.mojang/jtracy/1.0.36/20a63d06b621bfeb3cb21ef51b7fa40c0fc22021/jtracy-1.0.36.jar:/home/lordender_kitty/.gradle/caches/modules-2/files-2.1/com.mojang/jtracy/1.0.36/8f2967c139b024bf80024a3eab63e906c3ee2e5b/jtracy-1.0.36-natives-linux.jar:/home/lordender_kitty/.gradle/caches/modules-2/files-2.1/com.mojang/logging/1.5.10/9ab1202793717af9df9c1704d0a02892067001eb/logging-1.5.10.jar:/home/lordender_kitty/.gradle/caches/modules-2/files-2.1/com.mojang/patchy/2.2.10/da05971b07cbb379d002cf7eaec6a2048211fefc/patchy-2.2.10.jar:/home/lordender_kitty/.gradle/caches/modules-2/files-2.1/com.mojang/text2speech/1.18.11/e853a12cdd6ba4f4836e8f4bf3b37844a13482b6/text2speech-1.18.11.jar:/home/lordender_kitty/.gradle/caches/modules-2/files-2.1/com.nimbusds/content-type/2.3/e3aa0be212d7a42839a8f3f506f5b990bcce0222/content-type-2.3.jar:/home/lordender_kitty/.gradle/caches/modules-2/files-2.1/com.nimbusds/lang-tag/1.7/97c73ecd70bc7e8eefb26c5eea84f251a63f1031/lang-tag-1.7.jar:/home/lordender_kitty/.gradle/caches/modules-2/files-2.1/com.nimbusds/nimbus-jose-jwt/9.40/42b1dfa0360e4062951b070bac52dd8d96fd7b38/nimbus-jose-jwt-9.40.jar:/home/lordender_kitty/.gradle/caches/modules-2/files-2.1/com.nimbusds/oauth2-oidc-sdk/11.18/7c7ec4f4066625ff07a711ad856fa04da1ff9de/oauth2-oidc-sdk-11.18.jar:/home/lordender_kitty/.gradle/caches/modules-2/files-2.1/commons-codec/commons-codec/1.17.1/973638b7149d333563584137ebf13a691bb60579/commons-codec-1.17.1.jar:/home/lordender_kitty/.gradle/caches/modules-2/files-2.1/commons-io/commons-io/2.17.0/ddcc8433eb019fb48fe25207c0278143f3e1d7e2/commons-io-2.17.0.jar:/home/lordender_kitty/.gradle/caches/modules-2/files-2.1/commons-logging/commons-logging/1.3.4/b9fc14968d63a8b8a8a2c1885fe3e90564239708/commons-logging-1.3.4.jar:/home/lordender_kitty/.gradle/caches/modules-2/files-2.1/io.netty/netty-buffer/4.1.118.Final/7022990af1e0d449f9d5322035899745e19735c5/netty-buffer-4.1.118.Final.jar:/home/lordender_kitty/.gradle/caches/modules-2/files-2.1/io.netty/netty-codec-http/4.1.118.Final/eda08a71294afe78c779b85fd696bc13491507a8/netty-codec-http-4.1.118.Final.jar:/home/lordender_kitty/.gradle/caches/modules-2/files-2.1/io.netty/netty-codec/4.1.118.Final/307f665c08ce57333121de4f460479fc0c3c94d4/netty-codec-4.1.118.Final.jar:/home/lordender_kitty/.gradle/caches/modules-2/files-2.1/io.netty/netty-common/4.1.118.Final/4bb0f9899146484fa89f7b9bc27389d5b8e2ecde/netty-common-4.1.118.Final.jar:/home/lordender_kitty/.gradle/caches/modules-2/files-2.1/io.netty/netty-handler/4.1.118.Final/30ebb05b6b0fb071dbfcf713017c4a767a97bb9b/netty-handler-4.1.118.Final.jar:/home/lordender_kitty/.gradle/caches/modules-2/files-2.1/io.netty/netty-resolver/4.1.118.Final/28c378c19c1779eca1104b400452627f3ebc4aea/netty-resolver-4.1.118.Final.jar:/home/lordender_kitty/.gradle/caches/modules-2/files-2.1/io.netty/netty-transport-classes-epoll/4.1.118.Final/376ce95507066f0e755d97c1c8bcd6c33f657617/netty-transport-classes-epoll-4.1.118.Final.jar:/home/lordender_kitty/.gradle/caches/modules-2/files-2.1/io.netty/netty-transport-native-epoll/4.1.118.Final/82f94d0a9d837f6b6a580379373310ff7288c0f8/netty-transport-native-epoll-4.1.118.Final-linux-aarch_64.jar:/home/lordender_kitty/.gradle/caches/modules-2/files-2.1/io.netty/netty-transport-native-epoll/4.1.118.Final/7e6b89e3746acb7cf6f0aad993bbd058fc6d912e/netty-transport-native-epoll-4.1.118.Final-linux-x86_64.jar:/home/lordender_kitty/.gradle/caches/modules-2/files-2.1/io.netty/netty-transport-native-unix-common/4.1.118.Final/9da25a94e6a0edac90da0bc7894e5a54efcb866b/netty-transport-native-unix-common-4.1.118.Final.jar:/home/lordender_kitty/.gradle/caches/modules-2/files-2.1/io.netty/netty-transport/4.1.118.Final/5a27232e5d08218722d94ca14f0b1b4576e7711c/netty-transport-4.1.118.Final.jar:/home/lordender_kitty/.gradle/caches/modules-2/files-2.1/it.unimi.dsi/fastutil/8.5.15/1e885b40c9563ab0d3899b871fd0b30e958705dc/fastutil-8.5.15.jar:/home/lordender_kitty/.gradle/caches/modules-2/files-2.1/net.java.dev.jna/jna-platform/5.15.0/86b502cad57d45da172b5e3231c537b042e296ef/jna-platform-5.15.0.jar:/home/lordender_kitty/.gradle/caches/modules-2/files-2.1/net.java.dev.jna/jna/5.15.0/1ee1d80ff44f08280188f7c0e740d57207841ac/jna-5.15.0.jar:/home/lordender_kitty/.gradle/caches/modules-2/files-2.1/net.minidev/accessors-smart/2.5.1/19b820261eb2e7de7d5bde11d1c06e4501dd7e5f/accessors-smart-2.5.1.jar:/home/lordender_kitty/.gradle/caches/modules-2/files-2.1/net.minidev/json-smart/2.5.1/4c11d2808d009132dfbbf947ebf37de6bf266c8e/json-smart-2.5.1.jar:/home/lordender_kitty/.gradle/caches/modules-2/files-2.1/net.sf.jopt-simple/jopt-simple/5.0.4/4fdac2fbe92dfad86aa6e9301736f6b4342a3f5c/jopt-simple-5.0.4.jar:/home/lordender_kitty/.gradle/caches/modules-2/files-2.1/org.apache.commons/commons-compress/1.27.1/a19151084758e2fbb6b41eddaa88e7b8ff4e6599/commons-compress-1.27.1.jar:/home/lordender_kitty/.gradle/caches/modules-2/files-2.1/org.apache.commons/commons-lang3/3.17.0/b17d2136f0460dcc0d2016ceefca8723bdf4ee70/commons-lang3-3.17.0.jar:/home/lordender_kitty/.gradle/caches/modules-2/files-2.1/org.apache.httpcomponents/httpclient/4.5.14/1194890e6f56ec29177673f2f12d0b8e627dec98/httpclient-4.5.14.jar:/home/lordender_kitty/.gradle/caches/modules-2/files-2.1/org.apache.httpcomponents/httpcore/4.4.16/51cf043c87253c9f58b539c9f7e44c8894223850/httpcore-4.4.16.jar:/home/lordender_kitty/.gradle/caches/modules-2/files-2.1/org.apache.logging.log4j/log4j-core/2.24.1/c85285146f28d8c8962384f786e2dff04172fb43/log4j-core-2.24.1.jar:/home/lordender_kitty/.gradle/caches/modules-2/files-2.1/org.apache.logging.log4j/log4j-api/2.24.1/7ebeb12c20606373005af4232cd0ecca72613dda/log4j-api-2.24.1.jar:/home/lordender_kitty/.gradle/caches/modules-2/files-2.1/org.apache.logging.log4j/log4j-slf4j2-impl/2.24.1/8e3ddc96464ef7f768823e7e001a52b23de8cd0a/log4j-slf4j2-impl-2.24.1.jar:/home/lordender_kitty/.gradle/caches/modules-2/files-2.1/org.jcraft/jorbis/0.0.17/8872d22b293e8f5d7d56ff92be966e6dc28ebdc6/jorbis-0.0.17.jar:/home/lordender_kitty/.gradle/caches/modules-2/files-2.1/org.joml/joml/1.10.8/fc0a71dad90a2cf41d82a76156a0e700af8e4f8d/joml-1.10.8.jar:/home/lordender_kitty/.gradle/caches/modules-2/files-2.1/org.lwjgl/lwjgl-freetype/3.3.3/a0db6c84a8becc8ca05f9dbfa985edc348a824c7/lwjgl-freetype-3.3.3.jar:/home/lordender_kitty/.gradle/caches/modules-2/files-2.1/org.lwjgl/lwjgl-freetype/3.3.3/149070a5480900347071b7074779531f25a6e3dc/lwjgl-freetype-3.3.3-natives-linux.jar:/home/lordender_kitty/.gradle/caches/modules-2/files-2.1/org.lwjgl/lwjgl-glfw/3.3.3/efa1eb78c5ccd840e9f329717109b5e892d72f8e/lwjgl-glfw-3.3.3.jar:/home/lordender_kitty/.gradle/caches/modules-2/files-2.1/org.lwjgl/lwjgl-glfw/3.3.3/a03684c5e4b1b1dbbe0d29dbbdc27b985b6840f2/lwjgl-glfw-3.3.3-natives-linux.jar:/home/lordender_kitty/.gradle/caches/modules-2/files-2.1/org.lwjgl/lwjgl-jemalloc/3.3.3/b543467b7ff3c6920539a88ee602d34098628be5/lwjgl-jemalloc-3.3.3.jar:/home/lordender_kitty/.gradle/caches/modules-2/files-2.1/org.lwjgl/lwjgl-jemalloc/3.3.3/4f86728bf449b1dd61251c4e0ac01df1389cb51e/lwjgl-jemalloc-3.3.3-natives-linux.jar:/home/lordender_kitty/.gradle/caches/modules-2/files-2.1/org.lwjgl/lwjgl-openal/3.3.3/daada81ceb5fc0c291fbfdd4433cb8d9423577f2/lwjgl-openal-3.3.3.jar:/home/lordender_kitty/.gradle/caches/modules-2/files-2.1/org.lwjgl/lwjgl-openal/3.3.3/3037360cc4595079bea240af250b6d1a527e0905/lwjgl-openal-3.3.3-natives-linux.jar:/home/lordender_kitty/.gradle/caches/modules-2/files-2.1/org.lwjgl/lwjgl-opengl/3.3.3/2f6b0147078396a58979125a4c947664e98293a/lwjgl-opengl-3.3.3.jar:/home/lordender_kitty/.gradle/caches/modules-2/files-2.1/org.lwjgl/lwjgl-opengl/3.3.3/62c70a4b00ca5391882b0f4b787c1588d24f1c86/lwjgl-opengl-3.3.3-natives-linux.jar:/home/lordender_kitty/.gradle/caches/modules-2/files-2.1/org.lwjgl/lwjgl-stb/3.3.3/25dd6161988d7e65f71d5065c99902402ee32746/lwjgl-stb-3.3.3.jar:/home/lordender_kitty/.gradle/caches/modules-2/files-2.1/org.lwjgl/lwjgl-stb/3.3.3/fd1271ccd9d85eff2fa31f3fd543e02ccfaf5041/lwjgl-stb-3.3.3-natives-linux.jar:/home/lordender_kitty/.gradle/caches/modules-2/files-2.1/org.lwjgl/lwjgl-tinyfd/3.3.3/82d755ca94b102e9ca77283b9e2dc46d1b15fbe5/lwjgl-tinyfd-3.3.3.jar:/home/lordender_kitty/.gradle/caches/modules-2/files-2.1/org.lwjgl/lwjgl-tinyfd/3.3.3/d8d58daa0c3e5fd906fee96f5fddbcbc07cc308b/lwjgl-tinyfd-3.3.3-natives-linux.jar:/home/lordender_kitty/.gradle/caches/modules-2/files-2.1/org.lwjgl/lwjgl/3.3.3/29589b5f87ed335a6c7e7ee6a5775f81f97ecb84/lwjgl-3.3.3.jar:/home/lordender_kitty/.gradle/caches/modules-2/files-2.1/org.lwjgl/lwjgl/3.3.3/1713758e3660ba66e1e954396fd18126038b33c0/lwjgl-3.3.3-natives-linux.jar:/home/lordender_kitty/.gradle/caches/modules-2/files-2.1/org.lz4/lz4-java/1.8.0/4b986a99445e49ea5fbf5d149c4b63f6ed6c6780/lz4-java-1.8.0.jar:/home/lordender_kitty/.gradle/caches/modules-2/files-2.1/org.slf4j/slf4j-api/2.0.16/172931663a09a1fa515567af5fbef00897d3c04/slf4j-api-2.0.16.jar:/home/lordender_kitty/IdeaProjects/Reload Server List/.gradle/loom-cache/minecraftMaven/net/minecraft/minecraft-merged-0649bd5f2c/1.21.9-loom.mappings.1_21_9.layered+hash.1356837008-v2/minecraft-merged-0649bd5f2c-1.21.9-loom.mappings.1_21_9.layered+hash.1356837008-v2.jar:/home/lordender_kitty/.gradle/caches/modules-2/files-2.1/net.fabricmc/fabric-loader/0.17.3/deafaba5de4d9bbd76105783ff4e21ce0773874f/fabric-loader-0.17.3.jar:/home/lordender_kitty/IdeaProjects/Reload Server List/.gradle/loom-cache/remapped_mods/remapped/dev/architectury/architectury-fabric-db1d186e/18.0.4/architectury-fabric-db1d186e-18.0.4.jar:/home/lordender_kitty/IdeaProjects/Reload Server List/.gradle/loom-cache/remapped_mods/remapped/net/fabricmc/fabric-api/fabric-api-db1d186e/0.134.0+1.21.9/fabric-api-db1d186e-0.134.0+1.21.9.jar:/home/lordender_kitty/IdeaProjects/Reload Server List/.gradle/loom-cache/remapped_mods/remapped/net/fabricmc/fabric-api/fabric-transfer-api-v1-db1d186e/6.0.15+79ec2c127d/fabric-transfer-api-v1-db1d186e-6.0.15+79ec2c127d.jar:/home/lordender_kitty/IdeaProjects/Reload Server List/.gradle/loom-cache/remapped_mods/remapped/net/fabricmc/fabric-api/fabric-api-lookup-api-v1-db1d186e/1.6.106+d17682157d/fabric-api-lookup-api-v1-db1d186e-1.6.106+d17682157d.jar:/home/lordender_kitty/IdeaProjects/Reload Server List/.gradle/loom-cache/remapped_mods/remapped/net/fabricmc/fabric-api/fabric-command-api-v2-db1d186e/2.3.7+328a75ba7d/fabric-command-api-v2-db1d186e-2.3.7+328a75ba7d.jar:/home/lordender_kitty/IdeaProjects/Reload Server List/.gradle/loom-cache/remapped_mods/remapped/net/fabricmc/fabric-api/fabric-content-registries-v0-db1d186e/10.2.3+b6a242647d/fabric-content-registries-v0-db1d186e-10.2.3+b6a242647d.jar:/home/lordender_kitty/IdeaProjects/Reload Server List/.gradle/loom-cache/remapped_mods/remapped/net/fabricmc/fabric-api/fabric-data-generation-api-v1-db1d186e/23.2.22+d8b85ef17d/fabric-data-generation-api-v1-db1d186e-23.2.22+d8b85ef17d.jar:/home/lordender_kitty/IdeaProjects/Reload Server List/.gradle/loom-cache/remapped_mods/remapped/net/fabricmc/fabric-api/fabric-convention-tags-v1-db1d186e/2.1.47+7f945d5b7d/fabric-convention-tags-v1-db1d186e-2.1.47+7f945d5b7d.jar:/home/lordender_kitty/IdeaProjects/Reload Server List/.gradle/loom-cache/remapped_mods/remapped/net/fabricmc/fabric-api/fabric-convention-tags-v2-db1d186e/2.15.12+3154c1c87d/fabric-convention-tags-v2-db1d186e-2.15.12+3154c1c87d.jar:/home/lordender_kitty/IdeaProjects/Reload Server List/.gradle/loom-cache/remapped_mods/remapped/net/fabricmc/fabric-api/fabric-data-attachment-api-v1-db1d186e/1.8.28+9bce411b7d/fabric-data-attachment-api-v1-db1d186e-1.8.28+9bce411b7d.jar:/home/lordender_kitty/IdeaProjects/Reload Server List/.gradle/loom-cache/remapped_mods/remapped/net/fabricmc/fabric-api/fabric-entity-events-v1-db1d186e/2.1.12+14b92d897d/fabric-entity-events-v1-db1d186e-2.1.12+14b92d897d.jar:/home/lordender_kitty/IdeaProjects/Reload Server List/.gradle/loom-cache/remapped_mods/remapped/net/fabricmc/fabric-api/fabric-events-interaction-v0-db1d186e/4.0.35+5ba217127d/fabric-events-interaction-v0-db1d186e-4.0.35+5ba217127d.jar:/home/lordender_kitty/IdeaProjects/Reload Server List/.gradle/loom-cache/remapped_mods/remapped/net/fabricmc/fabric-api/fabric-gametest-api-v1-db1d186e/3.1.18+33df5e6e7d/fabric-gametest-api-v1-db1d186e-3.1.18+33df5e6e7d.jar:/home/lordender_kitty/IdeaProjects/Reload Server List/.gradle/loom-cache/remapped_mods/remapped/net/fabricmc/fabric-api/fabric-item-api-v1-db1d186e/11.5.8+9bce411b7d/fabric-item-api-v1-db1d186e-11.5.8+9bce411b7d.jar:/home/lordender_kitty/IdeaProjects/Reload Server List/.gradle/loom-cache/remapped_mods/remapped/net/fabricmc/fabric-api/fabric-item-group-api-v1-db1d186e/4.2.24+86b3ae577d/fabric-item-group-api-v1-db1d186e-4.2.24+86b3ae577d.jar:/home/lordender_kitty/IdeaProjects/Reload Server List/.gradle/loom-cache/remapped_mods/remapped/net/fabricmc/fabric-api/fabric-model-loading-api-v1-db1d186e/6.0.0+3ffd6ef07d/fabric-model-loading-api-v1-db1d186e-6.0.0+3ffd6ef07d.jar:/home/lordender_kitty/IdeaProjects/Reload Server List/.gradle/loom-cache/remapped_mods/remapped/net/fabricmc/fabric-api/fabric-renderer-indigo-db1d186e/4.0.19+328a75ba7d/fabric-renderer-indigo-db1d186e-4.0.19+328a75ba7d.jar:/home/lordender_kitty/IdeaProjects/Reload Server List/.gradle/loom-cache/remapped_mods/remapped/net/fabricmc/fabric-api/fabric-renderer-api-v1-db1d186e/7.1.1+328a75ba7d/fabric-renderer-api-v1-db1d186e-7.1.1+328a75ba7d.jar:/home/lordender_kitty/IdeaProjects/Reload Server List/.gradle/loom-cache/remapped_mods/remapped/net/fabricmc/fabric-api/fabric-rendering-v1-db1d186e/16.0.1+328a75ba7d/fabric-rendering-v1-db1d186e-16.0.1+328a75ba7d.jar:/home/lordender_kitty/IdeaProjects/Reload Server List/.gradle/loom-cache/remapped_mods/remapped/net/fabricmc/fabric-api/fabric-lifecycle-events-v1-db1d186e/2.6.9+33df5e6e7d/fabric-lifecycle-events-v1-db1d186e-2.6.9+33df5e6e7d.jar:/home/lordender_kitty/IdeaProjects/Reload Server List/.gradle/loom-cache/remapped_mods/remapped/net/fabricmc/fabric-api/fabric-loot-api-v2-db1d186e/3.0.64+3f89f5a57d/fabric-loot-api-v2-db1d186e-3.0.64+3f89f5a57d.jar:/home/lordender_kitty/IdeaProjects/Reload Server List/.gradle/loom-cache/remapped_mods/remapped/net/fabricmc/fabric-api/fabric-loot-api-v3-db1d186e/2.0.11+d17682157d/fabric-loot-api-v3-db1d186e-2.0.11+d17682157d.jar:/home/lordender_kitty/IdeaProjects/Reload Server List/.gradle/loom-cache/remapped_mods/remapped/net/fabricmc/fabric-api/fabric-message-api-v1-db1d186e/6.1.7+3154c1c87d/fabric-message-api-v1-db1d186e-6.1.7+3154c1c87d.jar:/home/lordender_kitty/IdeaProjects/Reload Server List/.gradle/loom-cache/remapped_mods/remapped/net/fabricmc/fabric-api/fabric-particles-v1-db1d186e/4.2.2+a0ee59a47d/fabric-particles-v1-db1d186e-4.2.2+a0ee59a47d.jar:/home/lordender_kitty/IdeaProjects/Reload Server List/.gradle/loom-cache/remapped_mods/remapped/net/fabricmc/fabric-api/fabric-recipe-api-v1-db1d186e/8.1.26+d17682157d/fabric-recipe-api-v1-db1d186e-8.1.26+d17682157d.jar:/home/lordender_kitty/IdeaProjects/Reload Server List/.gradle/loom-cache/remapped_mods/remapped/net/fabricmc/fabric-api/fabric-object-builder-api-v1-db1d186e/21.1.24+9bce411b7d/fabric-object-builder-api-v1-db1d186e-21.1.24+9bce411b7d.jar:/home/lordender_kitty/IdeaProjects/Reload Server List/.gradle/loom-cache/remapped_mods/remapped/net/fabricmc/fabric-api/fabric-screen-handler-api-v1-db1d186e/1.3.150+d17682157d/fabric-screen-handler-api-v1-db1d186e-1.3.150+d17682157d.jar:/home/lordender_kitty/IdeaProjects/Reload Server List/.gradle/loom-cache/remapped_mods/remapped/net/fabricmc/fabric-api/fabric-registry-sync-v0-db1d186e/6.1.41+679c8c5c7d/fabric-registry-sync-v0-db1d186e-6.1.41+679c8c5c7d.jar:/home/lordender_kitty/IdeaProjects/Reload Server List/.gradle/loom-cache/remapped_mods/remapped/net/fabricmc/fabric-api/fabric-networking-api-v1-db1d186e/5.0.13+d269470c7d/fabric-networking-api-v1-db1d186e-5.0.13+d269470c7d.jar:/home/lordender_kitty/IdeaProjects/Reload Server List/.gradle/loom-cache/remapped_mods/remapped/net/fabricmc/fabric-api/fabric-rendering-fluids-v1-db1d186e/3.1.38+86b3ae577d/fabric-rendering-fluids-v1-db1d186e-3.1.38+86b3ae577d.jar:/home/lordender_kitty/IdeaProjects/Reload Server List/.gradle/loom-cache/remapped_mods/remapped/net/fabricmc/fabric-api/fabric-tag-api-v1-db1d186e/1.2.10+2fa446b27d/fabric-tag-api-v1-db1d186e-1.2.10+2fa446b27d.jar:/home/lordender_kitty/IdeaProjects/Reload Server List/.gradle/loom-cache/remapped_mods/remapped/net/fabricmc/fabric-api/fabric-resource-loader-v0-db1d186e/3.2.2+3388a3b27d/fabric-resource-loader-v0-db1d186e-3.2.2+3388a3b27d.jar:/home/lordender_kitty/IdeaProjects/Reload Server List/.gradle/loom-cache/remapped_mods/remapped/net/fabricmc/fabric-api/fabric-resource-loader-v1-db1d186e/1.0.2+225bca407d/fabric-resource-loader-v1-db1d186e-1.0.2+225bca407d.jar:/home/lordender_kitty/IdeaProjects/Reload Server List/.gradle/loom-cache/remapped_mods/remapped/net/fabricmc/fabric-api/fabric-screen-api-v1-db1d186e/3.1.0+9c82a7987d/fabric-screen-api-v1-db1d186e-3.1.0+9c82a7987d.jar:/home/lordender_kitty/IdeaProjects/Reload Server List/.gradle/loom-cache/remapped_mods/remapped/net/fabricmc/fabric-api/fabric-api-base-db1d186e/1.0.0+14b92d897d/fabric-api-base-db1d186e-1.0.0+14b92d897d.jar:/home/lordender_kitty/IdeaProjects/Reload Server List/.gradle/loom-cache/remapped_mods/remapped/net/fabricmc/fabric-api/fabric-biome-api-v1-db1d186e/16.1.0+c2417d4f7d/fabric-biome-api-v1-db1d186e-16.1.0+c2417d4f7d.jar:/home/lordender_kitty/IdeaProjects/Reload Server List/.gradle/loom-cache/remapped_mods/remapped/net/fabricmc/fabric-api/fabric-block-api-v1-db1d186e/1.1.5+d17682157d/fabric-block-api-v1-db1d186e-1.1.5+d17682157d.jar:/home/lordender_kitty/IdeaProjects/Reload Server List/.gradle/loom-cache/remapped_mods/remapped/net/fabricmc/fabric-api/fabric-block-view-api-v2-db1d186e/1.0.34+e4fd1b927d/fabric-block-view-api-v2-db1d186e-1.0.34+e4fd1b927d.jar:/home/lordender_kitty/IdeaProjects/Reload Server List/.gradle/loom-cache/remapped_mods/remapped/net/fabricmc/fabric-api/fabric-client-gametest-api-v1-db1d186e/4.2.13+14b92d897d/fabric-client-gametest-api-v1-db1d186e-4.2.13+14b92d897d.jar:/home/lordender_kitty/IdeaProjects/Reload Server List/.gradle/loom-cache/remapped_mods/remapped/net/fabricmc/fabric-api/fabric-crash-report-info-v1-db1d186e/0.3.18+33df5e6e7d/fabric-crash-report-info-v1-db1d186e-0.3.18+33df5e6e7d.jar:/home/lordender_kitty/IdeaProjects/Reload Server List/.gradle/loom-cache/remapped_mods/remapped/net/fabricmc/fabric-api/fabric-dimensions-v1-db1d186e/4.0.22+38b9cc197d/fabric-dimensions-v1-db1d186e-4.0.22+38b9cc197d.jar:/home/lordender_kitty/IdeaProjects/Reload Server List/.gradle/loom-cache/remapped_mods/remapped/net/fabricmc/fabric-api/fabric-game-rule-api-v1-db1d186e/1.1.1+e47eaae57d/fabric-game-rule-api-v1-db1d186e-1.1.1+e47eaae57d.jar:/home/lordender_kitty/IdeaProjects/Reload Server List/.gradle/loom-cache/remapped_mods/remapped/net/fabricmc/fabric-api/fabric-key-binding-api-v1-db1d186e/1.1.1+b3ba9c487d/fabric-key-binding-api-v1-db1d186e-1.1.1+b3ba9c487d.jar:/home/lordender_kitty/IdeaProjects/Reload Server List/.gradle/loom-cache/remapped_mods/remapped/net/fabricmc/fabric-api/fabric-resource-conditions-api-v1-db1d186e/5.0.28+33df5e6e7d/fabric-resource-conditions-api-v1-db1d186e-5.0.28+33df5e6e7d.jar:/home/lordender_kitty/IdeaProjects/Reload Server List/.gradle/loom-cache/remapped_mods/remapped/net/fabricmc/fabric-api/fabric-serialization-api-v1-db1d186e/1.0.0+d857c9767d/fabric-serialization-api-v1-db1d186e-1.0.0+d857c9767d.jar:/home/lordender_kitty/IdeaProjects/Reload Server List/.gradle/loom-cache/remapped_mods/remapped/net/fabricmc/fabric-api/fabric-sound-api-v1-db1d186e/1.0.45+328a75ba7d/fabric-sound-api-v1-db1d186e-1.0.45+328a75ba7d.jar:/home/lordender_kitty/IdeaProjects/Reload Server List/.gradle/loom-cache/remapped_mods/remapped/net/fabricmc/fabric-api/fabric-transitive-access-wideners-v1-db1d186e/6.5.3+41eb43437d/fabric-transitive-access-wideners-v1-db1d186e-6.5.3+41eb43437d.jar:/home/lordender_kitty/.gradle/caches/modules-2/files-2.1/org.jline/jline-reader/3.20.0/8f15415b022a25b473e8e16c28ae913186ffb9c4/jline-reader-3.20.0.jar:/home/lordender_kitty/.gradle/caches/modules-2/files-2.1/org.jline/jline-terminal/3.20.0/d0ddcc708ddf527a3454c941b7b9225cc83a15ff/jline-terminal-3.20.0.jar:/tmp/13052392863509841482.jar)
	at knot/com.sun.jna.NativeLibrary.loadLibrary(NativeLibrary.java:325) ~[jna-5.15.0.jar:?]
	at knot/com.sun.jna.NativeLibrary.getInstance(NativeLibrary.java:481) ~[jna-5.15.0.jar:?]
	at knot/com.sun.jna.NativeLibrary.getInstance(NativeLibrary.java:423) ~[jna-5.15.0.jar:?]
	at knot/com.mojang.text2speech.NarratorLinux$FliteLibrary.loadNative(NarratorLinux.java:79) ~[text2speech-1.18.11.jar:?]
	... 10 more
	Suppressed: java.lang.UnsatisfiedLinkError: libflite.so: cannot open shared object file: No such file or directory
		at knot/com.sun.jna.Native.open(Native Method) ~[jna-5.15.0.jar:?]
		at knot/com.sun.jna.NativeLibrary.loadLibrary(NativeLibrary.java:213) ~[jna-5.15.0.jar:?]
		at knot/com.sun.jna.NativeLibrary.getInstance(NativeLibrary.java:481) ~[jna-5.15.0.jar:?]
		at knot/com.sun.jna.NativeLibrary.getInstance(NativeLibrary.java:423) ~[jna-5.15.0.jar:?]
		at knot/com.mojang.text2speech.NarratorLinux$FliteLibrary.loadNative(NarratorLinux.java:79) ~[text2speech-1.18.11.jar:?]
		at knot/com.mojang.text2speech.NarratorLinux.<init>(NarratorLinux.java:18) ~[text2speech-1.18.11.jar:?]
		at knot/com.mojang.text2speech.Narrator.getNarrator(Narrator.java:41) [text2speech-1.18.11.jar:?]
		at knot/net.minecraft.client.util.NarratorManager.<init>(NarratorManager.java) [minecraft-merged-0649bd5f2c-1.21.9-loom.mappings.1_21_9.layered+hash.1356837008-v2.jar:?]
		at knot/net.minecraft.client.MinecraftClient.<init>(MinecraftClient.java:758) [minecraft-merged-0649bd5f2c-1.21.9-loom.mappings.1_21_9.layered+hash.1356837008-v2.jar:?]
		at knot/net.minecraft.client.main.Main.main(Main.java:208) [minecraft-merged-0649bd5f2c-1.21.9-loom.mappings.1_21_9.layered+hash.1356837008-v2.jar:?]
		at net.fabricmc.loader.impl.game.minecraft.MinecraftGameProvider.launch(MinecraftGameProvider.java:506) [fabric-loader-0.17.3.jar:?]
		at net.fabricmc.loader.impl.launch.knot.Knot.launch(Knot.java:72) [fabric-loader-0.17.3.jar:?]
		at net.fabricmc.loader.impl.launch.knot.KnotClient.main(KnotClient.java:23) [fabric-loader-0.17.3.jar:?]
		at net.fabricmc.devlaunchinjector.Main.main(Main.java:86) [dev-launch-injector-0.2.1+build.8.jar:?]
		at dev.architectury.transformer.TransformerRuntime.main(TransformerRuntime.java:220) [architectury-transformer-5.2.87-runtime.jar:5.2.87]
	Suppressed: java.lang.UnsatisfiedLinkError: libflite.so: cannot open shared object file: No such file or directory
		at knot/com.sun.jna.Native.open(Native Method) ~[jna-5.15.0.jar:?]
		at knot/com.sun.jna.NativeLibrary.loadLibrary(NativeLibrary.java:226) ~[jna-5.15.0.jar:?]
		at knot/com.sun.jna.NativeLibrary.getInstance(NativeLibrary.java:481) ~[jna-5.15.0.jar:?]
		at knot/com.sun.jna.NativeLibrary.getInstance(NativeLibrary.java:423) ~[jna-5.15.0.jar:?]
		at knot/com.mojang.text2speech.NarratorLinux$FliteLibrary.loadNative(NarratorLinux.java:79) ~[text2speech-1.18.11.jar:?]
		at knot/com.mojang.text2speech.NarratorLinux.<init>(NarratorLinux.java:18) ~[text2speech-1.18.11.jar:?]
		at knot/com.mojang.text2speech.Narrator.getNarrator(Narrator.java:41) [text2speech-1.18.11.jar:?]
		at knot/net.minecraft.client.util.NarratorManager.<init>(NarratorManager.java) [minecraft-merged-0649bd5f2c-1.21.9-loom.mappings.1_21_9.layered+hash.1356837008-v2.jar:?]
		at knot/net.minecraft.client.MinecraftClient.<init>(MinecraftClient.java:758) [minecraft-merged-0649bd5f2c-1.21.9-loom.mappings.1_21_9.layered+hash.1356837008-v2.jar:?]
		at knot/net.minecraft.client.main.Main.main(Main.java:208) [minecraft-merged-0649bd5f2c-1.21.9-loom.mappings.1_21_9.layered+hash.1356837008-v2.jar:?]
		at net.fabricmc.loader.impl.game.minecraft.MinecraftGameProvider.launch(MinecraftGameProvider.java:506) [fabric-loader-0.17.3.jar:?]
		at net.fabricmc.loader.impl.launch.knot.Knot.launch(Knot.java:72) [fabric-loader-0.17.3.jar:?]
		at net.fabricmc.loader.impl.launch.knot.KnotClient.main(KnotClient.java:23) [fabric-loader-0.17.3.jar:?]
		at net.fabricmc.devlaunchinjector.Main.main(Main.java:86) [dev-launch-injector-0.2.1+build.8.jar:?]
		at dev.architectury.transformer.TransformerRuntime.main(TransformerRuntime.java:220) [architectury-transformer-5.2.87-runtime.jar:5.2.87]
	Suppressed: java.io.IOException: Native library (linux-x86-64/libflite.so) not found in resource path (/home/lordender_kitty/IdeaProjects/Reload Server List/fabric/build/classes/java/main:/home/lordender_kitty/IdeaProjects/Reload Server List/fabric/build/resources/main:/home/lordender_kitty/.gradle/caches/fabric-loom/1.21.9/loom.mappings.1_21_9.layered+hash.1356837008-v2/mappings.jar:/home/lordender_kitty/.gradle/caches/modules-2/files-2.1/dev.architectury/architectury-transformer/5.2.87/c81d58e13fbd902ba5d909126733b9e3771c4395/architectury-transformer-5.2.87-agent.jar:/home/lordender_kitty/.gradle/caches/modules-2/files-2.1/dev.architectury/architectury-transformer/5.2.87/980814ce433a3396de4495194f027dfecc94bb3a/architectury-transformer-5.2.87-runtime.jar:/home/lordender_kitty/IdeaProjects/Reload Server List/common/build/devlibs/reload_server_list-common-2.0-dev.jar:/home/lordender_kitty/.gradle/caches/modules-2/files-2.1/org.ow2.asm/asm/9.9/c29635c8a7afa03d74b33c1884df8abb2b3f3dcc/asm-9.9.jar:/home/lordender_kitty/.gradle/caches/modules-2/files-2.1/org.ow2.asm/asm-analysis/9.9/bf4fa6e66638851c1cd22c2caea0c3ee5d5f437/asm-analysis-9.9.jar:/home/lordender_kitty/.gradle/caches/modules-2/files-2.1/org.ow2.asm/asm-commons/9.9/db9165a3bf908ded6b08612d583a15d1d0c7bda0/asm-commons-9.9.jar:/home/lordender_kitty/.gradle/caches/modules-2/files-2.1/org.ow2.asm/asm-tree/9.9/f8de6eead6d24dd0f45bd065bbe112b2cda6ea21/asm-tree-9.9.jar:/home/lordender_kitty/.gradle/caches/modules-2/files-2.1/org.ow2.asm/asm-util/9.9/42fdfc0508b43807c8078d6e82ecff2ce2112ae8/asm-util-9.9.jar:/home/lordender_kitty/.gradle/caches/modules-2/files-2.1/net.fabricmc/sponge-mixin/0.16.5+mixin.0.8.7/80fc3a9f592673cea87f4cd702f87991c6c9fe4d/sponge-mixin-0.16.5+mixin.0.8.7.jar:/home/lordender_kitty/.gradle/caches/modules-2/files-2.1/io.github.llamalad7/mixinextras-fabric/0.5.0/91a83dfb7abd320f6236bd1fcf5c0ff143d59a13/mixinextras-fabric-0.5.0.jar:/home/lordender_kitty/.gradle/caches/modules-2/files-2.1/net.fabricmc/dev-launch-injector/0.2.1+build.8/da8bef7e6e2f952da707f282bdb46882a0fce5e3/dev-launch-injector-0.2.1+build.8.jar:/home/lordender_kitty/.gradle/caches/modules-2/files-2.1/net.minecrell/terminalconsoleappender/1.3.0/b562e9bb61235c9520e26282cdee71f8f802d1fc/terminalconsoleappender-1.3.0.jar:/home/lordender_kitty/.gradle/caches/modules-2/files-2.1/com.fasterxml.jackson.core/jackson-annotations/2.13.4/858c6cc78e1f08a885b1613e1d817c829df70a6e/jackson-annotations-2.13.4.jar:/home/lordender_kitty/.gradle/caches/modules-2/files-2.1/com.fasterxml.jackson.core/jackson-core/2.13.4/cf934c681294b97ef6d80082faeefbe1edadf56/jackson-core-2.13.4.jar:/home/lordender_kitty/.gradle/caches/modules-2/files-2.1/com.fasterxml.jackson.core/jackson-databind/2.13.4.2/325c06bdfeb628cfb80ebaaf1a26cc1eb558a585/jackson-databind-2.13.4.2.jar:/home/lordender_kitty/.gradle/caches/modules-2/files-2.1/com.github.oshi/oshi-core/6.6.5/e1099981fd15dc4236c4499d82aba1276fb43a9a/oshi-core-6.6.5.jar:/home/lordender_kitty/.gradle/caches/modules-2/files-2.1/com.github.stephenc.jcip/jcip-annotations/1.0-1/ef31541dd28ae2cefdd17c7ebf352d93e9058c63/jcip-annotations-1.0-1.jar:/home/lordender_kitty/.gradle/caches/modules-2/files-2.1/com.google.code.gson/gson/2.11.0/527175ca6d81050b53bdd4c457a6d6e017626b0e/gson-2.11.0.jar:/home/lordender_kitty/.gradle/caches/modules-2/files-2.1/com.google.guava/failureaccess/1.0.2/c4a06a64e650562f30b7bf9aaec1bfed43aca12b/failureaccess-1.0.2.jar:/home/lordender_kitty/.gradle/caches/modules-2/files-2.1/com.google.guava/guava/33.3.1-jre/852f8b363da0111e819460021ca693cacca3e8db/guava-33.3.1-jre.jar:/home/lordender_kitty/.gradle/caches/modules-2/files-2.1/com.ibm.icu/icu4j/76.1/215f3a8e936d4069344bd75f2b1368fd58112894/icu4j-76.1.jar:/home/lordender_kitty/.gradle/caches/modules-2/files-2.1/com.microsoft.azure/msal4j/1.17.2/a6211e3d71d0388929babaa0ff0951b30d001852/msal4j-1.17.2.jar:/home/lordender_kitty/.gradle/caches/modules-2/files-2.1/com.mojang/authlib/7.0.61/efee1e6b54e863108576eb3b3ae71144626aaefc/authlib-7.0.61.jar:/home/lordender_kitty/.gradle/caches/modules-2/files-2.1/com.mojang/blocklist/1.0.10/5c685c5ffa94c4cd39496c7184c1d122e515ecef/blocklist-1.0.10.jar:/home/lordender_kitty/.gradle/caches/modules-2/files-2.1/com.mojang/brigadier/1.3.10/d15b53a14cf20fdcaa98f731af5dda654452c010/brigadier-1.3.10.jar:/home/lordender_kitty/.gradle/caches/modules-2/files-2.1/com.mojang/datafixerupper/8.0.16/67d4de6d7f95d89bcf5862995fb854ebaec02a34/datafixerupper-8.0.16.jar:/home/lordender_kitty/.gradle/caches/modules-2/files-2.1/com.mojang/jtracy/1.0.36/20a63d06b621bfeb3cb21ef51b7fa40c0fc22021/jtracy-1.0.36.jar:/home/lordender_kitty/.gradle/caches/modules-2/files-2.1/com.mojang/jtracy/1.0.36/8f2967c139b024bf80024a3eab63e906c3ee2e5b/jtracy-1.0.36-natives-linux.jar:/home/lordender_kitty/.gradle/caches/modules-2/files-2.1/com.mojang/logging/1.5.10/9ab1202793717af9df9c1704d0a02892067001eb/logging-1.5.10.jar:/home/lordender_kitty/.gradle/caches/modules-2/files-2.1/com.mojang/patchy/2.2.10/da05971b07cbb379d002cf7eaec6a2048211fefc/patchy-2.2.10.jar:/home/lordender_kitty/.gradle/caches/modules-2/files-2.1/com.mojang/text2speech/1.18.11/e853a12cdd6ba4f4836e8f4bf3b37844a13482b6/text2speech-1.18.11.jar:/home/lordender_kitty/.gradle/caches/modules-2/files-2.1/com.nimbusds/content-type/2.3/e3aa0be212d7a42839a8f3f506f5b990bcce0222/content-type-2.3.jar:/home/lordender_kitty/.gradle/caches/modules-2/files-2.1/com.nimbusds/lang-tag/1.7/97c73ecd70bc7e8eefb26c5eea84f251a63f1031/lang-tag-1.7.jar:/home/lordender_kitty/.gradle/caches/modules-2/files-2.1/com.nimbusds/nimbus-jose-jwt/9.40/42b1dfa0360e4062951b070bac52dd8d96fd7b38/nimbus-jose-jwt-9.40.jar:/home/lordender_kitty/.gradle/caches/modules-2/files-2.1/com.nimbusds/oauth2-oidc-sdk/11.18/7c7ec4f4066625ff07a711ad856fa04da1ff9de/oauth2-oidc-sdk-11.18.jar:/home/lordender_kitty/.gradle/caches/modules-2/files-2.1/commons-codec/commons-codec/1.17.1/973638b7149d333563584137ebf13a691bb60579/commons-codec-1.17.1.jar:/home/lordender_kitty/.gradle/caches/modules-2/files-2.1/commons-io/commons-io/2.17.0/ddcc8433eb019fb48fe25207c0278143f3e1d7e2/commons-io-2.17.0.jar:/home/lordender_kitty/.gradle/caches/modules-2/files-2.1/commons-logging/commons-logging/1.3.4/b9fc14968d63a8b8a8a2c1885fe3e90564239708/commons-logging-1.3.4.jar:/home/lordender_kitty/.gradle/caches/modules-2/files-2.1/io.netty/netty-buffer/4.1.118.Final/7022990af1e0d449f9d5322035899745e19735c5/netty-buffer-4.1.118.Final.jar:/home/lordender_kitty/.gradle/caches/modules-2/files-2.1/io.netty/netty-codec-http/4.1.118.Final/eda08a71294afe78c779b85fd696bc13491507a8/netty-codec-http-4.1.118.Final.jar:/home/lordender_kitty/.gradle/caches/modules-2/files-2.1/io.netty/netty-codec/4.1.118.Final/307f665c08ce57333121de4f460479fc0c3c94d4/netty-codec-4.1.118.Final.jar:/home/lordender_kitty/.gradle/caches/modules-2/files-2.1/io.netty/netty-common/4.1.118.Final/4bb0f9899146484fa89f7b9bc27389d5b8e2ecde/netty-common-4.1.118.Final.jar:/home/lordender_kitty/.gradle/caches/modules-2/files-2.1/io.netty/netty-handler/4.1.118.Final/30ebb05b6b0fb071dbfcf713017c4a767a97bb9b/netty-handler-4.1.118.Final.jar:/home/lordender_kitty/.gradle/caches/modules-2/files-2.1/io.netty/netty-resolver/4.1.118.Final/28c378c19c1779eca1104b400452627f3ebc4aea/netty-resolver-4.1.118.Final.jar:/home/lordender_kitty/.gradle/caches/modules-2/files-2.1/io.netty/netty-transport-classes-epoll/4.1.118.Final/376ce95507066f0e755d97c1c8bcd6c33f657617/netty-transport-classes-epoll-4.1.118.Final.jar:/home/lordender_kitty/.gradle/caches/modules-2/files-2.1/io.netty/netty-transport-native-epoll/4.1.118.Final/82f94d0a9d837f6b6a580379373310ff7288c0f8/netty-transport-native-epoll-4.1.118.Final-linux-aarch_64.jar:/home/lordender_kitty/.gradle/caches/modules-2/files-2.1/io.netty/netty-transport-native-epoll/4.1.118.Final/7e6b89e3746acb7cf6f0aad993bbd058fc6d912e/netty-transport-native-epoll-4.1.118.Final-linux-x86_64.jar:/home/lordender_kitty/.gradle/caches/modules-2/files-2.1/io.netty/netty-transport-native-unix-common/4.1.118.Final/9da25a94e6a0edac90da0bc7894e5a54efcb866b/netty-transport-native-unix-common-4.1.118.Final.jar:/home/lordender_kitty/.gradle/caches/modules-2/files-2.1/io.netty/netty-transport/4.1.118.Final/5a27232e5d08218722d94ca14f0b1b4576e7711c/netty-transport-4.1.118.Final.jar:/home/lordender_kitty/.gradle/caches/modules-2/files-2.1/it.unimi.dsi/fastutil/8.5.15/1e885b40c9563ab0d3899b871fd0b30e958705dc/fastutil-8.5.15.jar:/home/lordender_kitty/.gradle/caches/modules-2/files-2.1/net.java.dev.jna/jna-platform/5.15.0/86b502cad57d45da172b5e3231c537b042e296ef/jna-platform-5.15.0.jar:/home/lordender_kitty/.gradle/caches/modules-2/files-2.1/net.java.dev.jna/jna/5.15.0/1ee1d80ff44f08280188f7c0e740d57207841ac/jna-5.15.0.jar:/home/lordender_kitty/.gradle/caches/modules-2/files-2.1/net.minidev/accessors-smart/2.5.1/19b820261eb2e7de7d5bde11d1c06e4501dd7e5f/accessors-smart-2.5.1.jar:/home/lordender_kitty/.gradle/caches/modules-2/files-2.1/net.minidev/json-smart/2.5.1/4c11d2808d009132dfbbf947ebf37de6bf266c8e/json-smart-2.5.1.jar:/home/lordender_kitty/.gradle/caches/modules-2/files-2.1/net.sf.jopt-simple/jopt-simple/5.0.4/4fdac2fbe92dfad86aa6e9301736f6b4342a3f5c/jopt-simple-5.0.4.jar:/home/lordender_kitty/.gradle/caches/modules-2/files-2.1/org.apache.commons/commons-compress/1.27.1/a19151084758e2fbb6b41eddaa88e7b8ff4e6599/commons-compress-1.27.1.jar:/home/lordender_kitty/.gradle/caches/modules-2/files-2.1/org.apache.commons/commons-lang3/3.17.0/b17d2136f0460dcc0d2016ceefca8723bdf4ee70/commons-lang3-3.17.0.jar:/home/lordender_kitty/.gradle/caches/modules-2/files-2.1/org.apache.httpcomponents/httpclient/4.5.14/1194890e6f56ec29177673f2f12d0b8e627dec98/httpclient-4.5.14.jar:/home/lordender_kitty/.gradle/caches/modules-2/files-2.1/org.apache.httpcomponents/httpcore/4.4.16/51cf043c87253c9f58b539c9f7e44c8894223850/httpcore-4.4.16.jar:/home/lordender_kitty/.gradle/caches/modules-2/files-2.1/org.apache.logging.log4j/log4j-core/2.24.1/c85285146f28d8c8962384f786e2dff04172fb43/log4j-core-2.24.1.jar:/home/lordender_kitty/.gradle/caches/modules-2/files-2.1/org.apache.logging.log4j/log4j-api/2.24.1/7ebeb12c20606373005af4232cd0ecca72613dda/log4j-api-2.24.1.jar:/home/lordender_kitty/.gradle/caches/modules-2/files-2.1/org.apache.logging.log4j/log4j-slf4j2-impl/2.24.1/8e3ddc96464ef7f768823e7e001a52b23de8cd0a/log4j-slf4j2-impl-2.24.1.jar:/home/lordender_kitty/.gradle/caches/modules-2/files-2.1/org.jcraft/jorbis/0.0.17/8872d22b293e8f5d7d56ff92be966e6dc28ebdc6/jorbis-0.0.17.jar:/home/lordender_kitty/.gradle/caches/modules-2/files-2.1/org.joml/joml/1.10.8/fc0a71dad90a2cf41d82a76156a0e700af8e4f8d/joml-1.10.8.jar:/home/lordender_kitty/.gradle/caches/modules-2/files-2.1/org.lwjgl/lwjgl-freetype/3.3.3/a0db6c84a8becc8ca05f9dbfa985edc348a824c7/lwjgl-freetype-3.3.3.jar:/home/lordender_kitty/.gradle/caches/modules-2/files-2.1/org.lwjgl/lwjgl-freetype/3.3.3/149070a5480900347071b7074779531f25a6e3dc/lwjgl-freetype-3.3.3-natives-linux.jar:/home/lordender_kitty/.gradle/caches/modules-2/files-2.1/org.lwjgl/lwjgl-glfw/3.3.3/efa1eb78c5ccd840e9f329717109b5e892d72f8e/lwjgl-glfw-3.3.3.jar:/home/lordender_kitty/.gradle/caches/modules-2/files-2.1/org.lwjgl/lwjgl-glfw/3.3.3/a03684c5e4b1b1dbbe0d29dbbdc27b985b6840f2/lwjgl-glfw-3.3.3-natives-linux.jar:/home/lordender_kitty/.gradle/caches/modules-2/files-2.1/org.lwjgl/lwjgl-jemalloc/3.3.3/b543467b7ff3c6920539a88ee602d34098628be5/lwjgl-jemalloc-3.3.3.jar:/home/lordender_kitty/.gradle/caches/modules-2/files-2.1/org.lwjgl/lwjgl-jemalloc/3.3.3/4f86728bf449b1dd61251c4e0ac01df1389cb51e/lwjgl-jemalloc-3.3.3-natives-linux.jar:/home/lordender_kitty/.gradle/caches/modules-2/files-2.1/org.lwjgl/lwjgl-openal/3.3.3/daada81ceb5fc0c291fbfdd4433cb8d9423577f2/lwjgl-openal-3.3.3.jar:/home/lordender_kitty/.gradle/caches/modules-2/files-2.1/org.lwjgl/lwjgl-openal/3.3.3/3037360cc4595079bea240af250b6d1a527e0905/lwjgl-openal-3.3.3-natives-linux.jar:/home/lordender_kitty/.gradle/caches/modules-2/files-2.1/org.lwjgl/lwjgl-opengl/3.3.3/2f6b0147078396a58979125a4c947664e98293a/lwjgl-opengl-3.3.3.jar:/home/lordender_kitty/.gradle/caches/modules-2/files-2.1/org.lwjgl/lwjgl-opengl/3.3.3/62c70a4b00ca5391882b0f4b787c1588d24f1c86/lwjgl-opengl-3.3.3-natives-linux.jar:/home/lordender_kitty/.gradle/caches/modules-2/files-2.1/org.lwjgl/lwjgl-stb/3.3.3/25dd6161988d7e65f71d5065c99902402ee32746/lwjgl-stb-3.3.3.jar:/home/lordender_kitty/.gradle/caches/modules-2/files-2.1/org.lwjgl/lwjgl-stb/3.3.3/fd1271ccd9d85eff2fa31f3fd543e02ccfaf5041/lwjgl-stb-3.3.3-natives-linux.jar:/home/lordender_kitty/.gradle/caches/modules-2/files-2.1/org.lwjgl/lwjgl-tinyfd/3.3.3/82d755ca94b102e9ca77283b9e2dc46d1b15fbe5/lwjgl-tinyfd-3.3.3.jar:/home/lordender_kitty/.gradle/caches/modules-2/files-2.1/org.lwjgl/lwjgl-tinyfd/3.3.3/d8d58daa0c3e5fd906fee96f5fddbcbc07cc308b/lwjgl-tinyfd-3.3.3-natives-linux.jar:/home/lordender_kitty/.gradle/caches/modules-2/files-2.1/org.lwjgl/lwjgl/3.3.3/29589b5f87ed335a6c7e7ee6a5775f81f97ecb84/lwjgl-3.3.3.jar:/home/lordender_kitty/.gradle/caches/modules-2/files-2.1/org.lwjgl/lwjgl/3.3.3/1713758e3660ba66e1e954396fd18126038b33c0/lwjgl-3.3.3-natives-linux.jar:/home/lordender_kitty/.gradle/caches/modules-2/files-2.1/org.lz4/lz4-java/1.8.0/4b986a99445e49ea5fbf5d149c4b63f6ed6c6780/lz4-java-1.8.0.jar:/home/lordender_kitty/.gradle/caches/modules-2/files-2.1/org.slf4j/slf4j-api/2.0.16/172931663a09a1fa515567af5fbef00897d3c04/slf4j-api-2.0.16.jar:/home/lordender_kitty/IdeaProjects/Reload Server List/.gradle/loom-cache/minecraftMaven/net/minecraft/minecraft-merged-0649bd5f2c/1.21.9-loom.mappings.1_21_9.layered+hash.1356837008-v2/minecraft-merged-0649bd5f2c-1.21.9-loom.mappings.1_21_9.layered+hash.1356837008-v2.jar:/home/lordender_kitty/.gradle/caches/modules-2/files-2.1/net.fabricmc/fabric-loader/0.17.3/deafaba5de4d9bbd76105783ff4e21ce0773874f/fabric-loader-0.17.3.jar:/home/lordender_kitty/IdeaProjects/Reload Server List/.gradle/loom-cache/remapped_mods/remapped/dev/architectury/architectury-fabric-db1d186e/18.0.4/architectury-fabric-db1d186e-18.0.4.jar:/home/lordender_kitty/IdeaProjects/Reload Server List/.gradle/loom-cache/remapped_mods/remapped/net/fabricmc/fabric-api/fabric-api-db1d186e/0.134.0+1.21.9/fabric-api-db1d186e-0.134.0+1.21.9.jar:/home/lordender_kitty/IdeaProjects/Reload Server List/.gradle/loom-cache/remapped_mods/remapped/net/fabricmc/fabric-api/fabric-transfer-api-v1-db1d186e/6.0.15+79ec2c127d/fabric-transfer-api-v1-db1d186e-6.0.15+79ec2c127d.jar:/home/lordender_kitty/IdeaProjects/Reload Server List/.gradle/loom-cache/remapped_mods/remapped/net/fabricmc/fabric-api/fabric-api-lookup-api-v1-db1d186e/1.6.106+d17682157d/fabric-api-lookup-api-v1-db1d186e-1.6.106+d17682157d.jar:/home/lordender_kitty/IdeaProjects/Reload Server List/.gradle/loom-cache/remapped_mods/remapped/net/fabricmc/fabric-api/fabric-command-api-v2-db1d186e/2.3.7+328a75ba7d/fabric-command-api-v2-db1d186e-2.3.7+328a75ba7d.jar:/home/lordender_kitty/IdeaProjects/Reload Server List/.gradle/loom-cache/remapped_mods/remapped/net/fabricmc/fabric-api/fabric-content-registries-v0-db1d186e/10.2.3+b6a242647d/fabric-content-registries-v0-db1d186e-10.2.3+b6a242647d.jar:/home/lordender_kitty/IdeaProjects/Reload Server List/.gradle/loom-cache/remapped_mods/remapped/net/fabricmc/fabric-api/fabric-data-generation-api-v1-db1d186e/23.2.22+d8b85ef17d/fabric-data-generation-api-v1-db1d186e-23.2.22+d8b85ef17d.jar:/home/lordender_kitty/IdeaProjects/Reload Server List/.gradle/loom-cache/remapped_mods/remapped/net/fabricmc/fabric-api/fabric-convention-tags-v1-db1d186e/2.1.47+7f945d5b7d/fabric-convention-tags-v1-db1d186e-2.1.47+7f945d5b7d.jar:/home/lordender_kitty/IdeaProjects/Reload Server List/.gradle/loom-cache/remapped_mods/remapped/net/fabricmc/fabric-api/fabric-convention-tags-v2-db1d186e/2.15.12+3154c1c87d/fabric-convention-tags-v2-db1d186e-2.15.12+3154c1c87d.jar:/home/lordender_kitty/IdeaProjects/Reload Server List/.gradle/loom-cache/remapped_mods/remapped/net/fabricmc/fabric-api/fabric-data-attachment-api-v1-db1d186e/1.8.28+9bce411b7d/fabric-data-attachment-api-v1-db1d186e-1.8.28+9bce411b7d.jar:/home/lordender_kitty/IdeaProjects/Reload Server List/.gradle/loom-cache/remapped_mods/remapped/net/fabricmc/fabric-api/fabric-entity-events-v1-db1d186e/2.1.12+14b92d897d/fabric-entity-events-v1-db1d186e-2.1.12+14b92d897d.jar:/home/lordender_kitty/IdeaProjects/Reload Server List/.gradle/loom-cache/remapped_mods/remapped/net/fabricmc/fabric-api/fabric-events-interaction-v0-db1d186e/4.0.35+5ba217127d/fabric-events-interaction-v0-db1d186e-4.0.35+5ba217127d.jar:/home/lordender_kitty/IdeaProjects/Reload Server List/.gradle/loom-cache/remapped_mods/remapped/net/fabricmc/fabric-api/fabric-gametest-api-v1-db1d186e/3.1.18+33df5e6e7d/fabric-gametest-api-v1-db1d186e-3.1.18+33df5e6e7d.jar:/home/lordender_kitty/IdeaProjects/Reload Server List/.gradle/loom-cache/remapped_mods/remapped/net/fabricmc/fabric-api/fabric-item-api-v1-db1d186e/11.5.8+9bce411b7d/fabric-item-api-v1-db1d186e-11.5.8+9bce411b7d.jar:/home/lordender_kitty/IdeaProjects/Reload Server List/.gradle/loom-cache/remapped_mods/remapped/net/fabricmc/fabric-api/fabric-item-group-api-v1-db1d186e/4.2.24+86b3ae577d/fabric-item-group-api-v1-db1d186e-4.2.24+86b3ae577d.jar:/home/lordender_kitty/IdeaProjects/Reload Server List/.gradle/loom-cache/remapped_mods/remapped/net/fabricmc/fabric-api/fabric-model-loading-api-v1-db1d186e/6.0.0+3ffd6ef07d/fabric-model-loading-api-v1-db1d186e-6.0.0+3ffd6ef07d.jar:/home/lordender_kitty/IdeaProjects/Reload Server List/.gradle/loom-cache/remapped_mods/remapped/net/fabricmc/fabric-api/fabric-renderer-indigo-db1d186e/4.0.19+328a75ba7d/fabric-renderer-indigo-db1d186e-4.0.19+328a75ba7d.jar:/home/lordender_kitty/IdeaProjects/Reload Server List/.gradle/loom-cache/remapped_mods/remapped/net/fabricmc/fabric-api/fabric-renderer-api-v1-db1d186e/7.1.1+328a75ba7d/fabric-renderer-api-v1-db1d186e-7.1.1+328a75ba7d.jar:/home/lordender_kitty/IdeaProjects/Reload Server List/.gradle/loom-cache/remapped_mods/remapped/net/fabricmc/fabric-api/fabric-rendering-v1-db1d186e/16.0.1+328a75ba7d/fabric-rendering-v1-db1d186e-16.0.1+328a75ba7d.jar:/home/lordender_kitty/IdeaProjects/Reload Server List/.gradle/loom-cache/remapped_mods/remapped/net/fabricmc/fabric-api/fabric-lifecycle-events-v1-db1d186e/2.6.9+33df5e6e7d/fabric-lifecycle-events-v1-db1d186e-2.6.9+33df5e6e7d.jar:/home/lordender_kitty/IdeaProjects/Reload Server List/.gradle/loom-cache/remapped_mods/remapped/net/fabricmc/fabric-api/fabric-loot-api-v2-db1d186e/3.0.64+3f89f5a57d/fabric-loot-api-v2-db1d186e-3.0.64+3f89f5a57d.jar:/home/lordender_kitty/IdeaProjects/Reload Server List/.gradle/loom-cache/remapped_mods/remapped/net/fabricmc/fabric-api/fabric-loot-api-v3-db1d186e/2.0.11+d17682157d/fabric-loot-api-v3-db1d186e-2.0.11+d17682157d.jar:/home/lordender_kitty/IdeaProjects/Reload Server List/.gradle/loom-cache/remapped_mods/remapped/net/fabricmc/fabric-api/fabric-message-api-v1-db1d186e/6.1.7+3154c1c87d/fabric-message-api-v1-db1d186e-6.1.7+3154c1c87d.jar:/home/lordender_kitty/IdeaProjects/Reload Server List/.gradle/loom-cache/remapped_mods/remapped/net/fabricmc/fabric-api/fabric-particles-v1-db1d186e/4.2.2+a0ee59a47d/fabric-particles-v1-db1d186e-4.2.2+a0ee59a47d.jar:/home/lordender_kitty/IdeaProjects/Reload Server List/.gradle/loom-cache/remapped_mods/remapped/net/fabricmc/fabric-api/fabric-recipe-api-v1-db1d186e/8.1.26+d17682157d/fabric-recipe-api-v1-db1d186e-8.1.26+d17682157d.jar:/home/lordender_kitty/IdeaProjects/Reload Server List/.gradle/loom-cache/remapped_mods/remapped/net/fabricmc/fabric-api/fabric-object-builder-api-v1-db1d186e/21.1.24+9bce411b7d/fabric-object-builder-api-v1-db1d186e-21.1.24+9bce411b7d.jar:/home/lordender_kitty/IdeaProjects/Reload Server List/.gradle/loom-cache/remapped_mods/remapped/net/fabricmc/fabric-api/fabric-screen-handler-api-v1-db1d186e/1.3.150+d17682157d/fabric-screen-handler-api-v1-db1d186e-1.3.150+d17682157d.jar:/home/lordender_kitty/IdeaProjects/Reload Server List/.gradle/loom-cache/remapped_mods/remapped/net/fabricmc/fabric-api/fabric-registry-sync-v0-db1d186e/6.1.41+679c8c5c7d/fabric-registry-sync-v0-db1d186e-6.1.41+679c8c5c7d.jar:/home/lordender_kitty/IdeaProjects/Reload Server List/.gradle/loom-cache/remapped_mods/remapped/net/fabricmc/fabric-api/fabric-networking-api-v1-db1d186e/5.0.13+d269470c7d/fabric-networking-api-v1-db1d186e-5.0.13+d269470c7d.jar:/home/lordender_kitty/IdeaProjects/Reload Server List/.gradle/loom-cache/remapped_mods/remapped/net/fabricmc/fabric-api/fabric-rendering-fluids-v1-db1d186e/3.1.38+86b3ae577d/fabric-rendering-fluids-v1-db1d186e-3.1.38+86b3ae577d.jar:/home/lordender_kitty/IdeaProjects/Reload Server List/.gradle/loom-cache/remapped_mods/remapped/net/fabricmc/fabric-api/fabric-tag-api-v1-db1d186e/1.2.10+2fa446b27d/fabric-tag-api-v1-db1d186e-1.2.10+2fa446b27d.jar:/home/lordender_kitty/IdeaProjects/Reload Server List/.gradle/loom-cache/remapped_mods/remapped/net/fabricmc/fabric-api/fabric-resource-loader-v0-db1d186e/3.2.2+3388a3b27d/fabric-resource-loader-v0-db1d186e-3.2.2+3388a3b27d.jar:/home/lordender_kitty/IdeaProjects/Reload Server List/.gradle/loom-cache/remapped_mods/remapped/net/fabricmc/fabric-api/fabric-resource-loader-v1-db1d186e/1.0.2+225bca407d/fabric-resource-loader-v1-db1d186e-1.0.2+225bca407d.jar:/home/lordender_kitty/IdeaProjects/Reload Server List/.gradle/loom-cache/remapped_mods/remapped/net/fabricmc/fabric-api/fabric-screen-api-v1-db1d186e/3.1.0+9c82a7987d/fabric-screen-api-v1-db1d186e-3.1.0+9c82a7987d.jar:/home/lordender_kitty/IdeaProjects/Reload Server List/.gradle/loom-cache/remapped_mods/remapped/net/fabricmc/fabric-api/fabric-api-base-db1d186e/1.0.0+14b92d897d/fabric-api-base-db1d186e-1.0.0+14b92d897d.jar:/home/lordender_kitty/IdeaProjects/Reload Server List/.gradle/loom-cache/remapped_mods/remapped/net/fabricmc/fabric-api/fabric-biome-api-v1-db1d186e/16.1.0+c2417d4f7d/fabric-biome-api-v1-db1d186e-16.1.0+c2417d4f7d.jar:/home/lordender_kitty/IdeaProjects/Reload Server List/.gradle/loom-cache/remapped_mods/remapped/net/fabricmc/fabric-api/fabric-block-api-v1-db1d186e/1.1.5+d17682157d/fabric-block-api-v1-db1d186e-1.1.5+d17682157d.jar:/home/lordender_kitty/IdeaProjects/Reload Server List/.gradle/loom-cache/remapped_mods/remapped/net/fabricmc/fabric-api/fabric-block-view-api-v2-db1d186e/1.0.34+e4fd1b927d/fabric-block-view-api-v2-db1d186e-1.0.34+e4fd1b927d.jar:/home/lordender_kitty/IdeaProjects/Reload Server List/.gradle/loom-cache/remapped_mods/remapped/net/fabricmc/fabric-api/fabric-client-gametest-api-v1-db1d186e/4.2.13+14b92d897d/fabric-client-gametest-api-v1-db1d186e-4.2.13+14b92d897d.jar:/home/lordender_kitty/IdeaProjects/Reload Server List/.gradle/loom-cache/remapped_mods/remapped/net/fabricmc/fabric-api/fabric-crash-report-info-v1-db1d186e/0.3.18+33df5e6e7d/fabric-crash-report-info-v1-db1d186e-0.3.18+33df5e6e7d.jar:/home/lordender_kitty/IdeaProjects/Reload Server List/.gradle/loom-cache/remapped_mods/remapped/net/fabricmc/fabric-api/fabric-dimensions-v1-db1d186e/4.0.22+38b9cc197d/fabric-dimensions-v1-db1d186e-4.0.22+38b9cc197d.jar:/home/lordender_kitty/IdeaProjects/Reload Server List/.gradle/loom-cache/remapped_mods/remapped/net/fabricmc/fabric-api/fabric-game-rule-api-v1-db1d186e/1.1.1+e47eaae57d/fabric-game-rule-api-v1-db1d186e-1.1.1+e47eaae57d.jar:/home/lordender_kitty/IdeaProjects/Reload Server List/.gradle/loom-cache/remapped_mods/remapped/net/fabricmc/fabric-api/fabric-key-binding-api-v1-db1d186e/1.1.1+b3ba9c487d/fabric-key-binding-api-v1-db1d186e-1.1.1+b3ba9c487d.jar:/home/lordender_kitty/IdeaProjects/Reload Server List/.gradle/loom-cache/remapped_mods/remapped/net/fabricmc/fabric-api/fabric-resource-conditions-api-v1-db1d186e/5.0.28+33df5e6e7d/fabric-resource-conditions-api-v1-db1d186e-5.0.28+33df5e6e7d.jar:/home/lordender_kitty/IdeaProjects/Reload Server List/.gradle/loom-cache/remapped_mods/remapped/net/fabricmc/fabric-api/fabric-serialization-api-v1-db1d186e/1.0.0+d857c9767d/fabric-serialization-api-v1-db1d186e-1.0.0+d857c9767d.jar:/home/lordender_kitty/IdeaProjects/Reload Server List/.gradle/loom-cache/remapped_mods/remapped/net/fabricmc/fabric-api/fabric-sound-api-v1-db1d186e/1.0.45+328a75ba7d/fabric-sound-api-v1-db1d186e-1.0.45+328a75ba7d.jar:/home/lordender_kitty/IdeaProjects/Reload Server List/.gradle/loom-cache/remapped_mods/remapped/net/fabricmc/fabric-api/fabric-transitive-access-wideners-v1-db1d186e/6.5.3+41eb43437d/fabric-transitive-access-wideners-v1-db1d186e-6.5.3+41eb43437d.jar:/home/lordender_kitty/.gradle/caches/modules-2/files-2.1/org.jline/jline-reader/3.20.0/8f15415b022a25b473e8e16c28ae913186ffb9c4/jline-reader-3.20.0.jar:/home/lordender_kitty/.gradle/caches/modules-2/files-2.1/org.jline/jline-terminal/3.20.0/d0ddcc708ddf527a3454c941b7b9225cc83a15ff/jline-terminal-3.20.0.jar:/tmp/13052392863509841482.jar)
		at knot/com.sun.jna.Native.extractFromResourcePath(Native.java:1141) ~[jna-5.15.0.jar:?]
		at knot/com.sun.jna.NativeLibrary.loadLibrary(NativeLibrary.java:297) ~[jna-5.15.0.jar:?]
		at knot/com.sun.jna.NativeLibrary.getInstance(NativeLibrary.java:481) ~[jna-5.15.0.jar:?]
		at knot/com.sun.jna.NativeLibrary.getInstance(NativeLibrary.java:423) ~[jna-5.15.0.jar:?]
		at knot/com.mojang.text2speech.NarratorLinux$FliteLibrary.loadNative(NarratorLinux.java:79) ~[text2speech-1.18.11.jar:?]
		at knot/com.mojang.text2speech.NarratorLinux.<init>(NarratorLinux.java:18) ~[text2speech-1.18.11.jar:?]
		at knot/com.mojang.text2speech.Narrator.getNarrator(Narrator.java:41) [text2speech-1.18.11.jar:?]
		at knot/net.minecraft.client.util.NarratorManager.<init>(NarratorManager.java) [minecraft-merged-0649bd5f2c-1.21.9-loom.mappings.1_21_9.layered+hash.1356837008-v2.jar:?]
		at knot/net.minecraft.client.MinecraftClient.<init>(MinecraftClient.java:758) [minecraft-merged-0649bd5f2c-1.21.9-loom.mappings.1_21_9.layered+hash.1356837008-v2.jar:?]
		at knot/net.minecraft.client.main.Main.main(Main.java:208) [minecraft-merged-0649bd5f2c-1.21.9-loom.mappings.1_21_9.layered+hash.1356837008-v2.jar:?]
		at net.fabricmc.loader.impl.game.minecraft.MinecraftGameProvider.launch(MinecraftGameProvider.java:506) [fabric-loader-0.17.3.jar:?]
		at net.fabricmc.loader.impl.launch.knot.Knot.launch(Knot.java:72) [fabric-loader-0.17.3.jar:?]
		at net.fabricmc.loader.impl.launch.knot.KnotClient.main(KnotClient.java:23) [fabric-loader-0.17.3.jar:?]
		at net.fabricmc.devlaunchinjector.Main.main(Main.java:86) [dev-launch-injector-0.2.1+build.8.jar:?]
		at dev.architectury.transformer.TransformerRuntime.main(TransformerRuntime.java:220) [architectury-transformer-5.2.87-runtime.jar:5.2.87]
[15:32:10] [Render thread/DEBUG] (FabricLoader/Mixin) Mixing MessageHandlerMixin from fabric-message-api-v1.client.mixins.json into net.minecraft.client.network.message.MessageHandler
[15:32:10] [Render thread/DEBUG] (FabricLoader/Mixin) Mixing client.MixinChatListener from architectury.mixins.json into net.minecraft.client.network.message.MessageHandler
[15:32:10] [Render thread/DEBUG] (FabricLoader/Mixin) architectury.mixins.json:client.MixinChatListener from mod architectury: Class version 65 required is higher than the class version supported by the current version of Mixin (JAVA_16 supports class version 60)
[15:32:10] [Render thread/DEBUG] (FabricLoader/Mixin) fabric-message-api-v1.client.mixins.json:MessageHandlerMixin from mod fabric-message-api-v1->@Inject::fabric_onSignedChatMessage(Lnet/minecraft/network/message/MessageType$Parameters;Lnet/minecraft/network/message/SignedMessage;Lnet/minecraft/text/Text;Lcom/mojang/authlib/GameProfile;ZLjava/time/Instant;Lorg/spongepowered/asm/mixin/injection/callback/CallbackInfoReturnable;)V does use it's CallbackInfoReturnable
[15:32:10] [Render thread/DEBUG] (FabricLoader/Mixin) fabric-message-api-v1.client.mixins.json:MessageHandlerMixin from mod fabric-message-api-v1->@Inject::fabric_onFilteredSignedChatMessage(Lnet/minecraft/network/message/MessageType$Parameters;Lnet/minecraft/network/message/SignedMessage;Lnet/minecraft/text/Text;Lcom/mojang/authlib/GameProfile;ZLjava/time/Instant;Lorg/spongepowered/asm/mixin/injection/callback/CallbackInfoReturnable;)V does use it's CallbackInfoReturnable
[15:32:10] [Render thread/DEBUG] (FabricLoader/Mixin) fabric-message-api-v1.client.mixins.json:MessageHandlerMixin from mod fabric-message-api-v1->@Inject::fabric_onProfilelessChatMessage(Lnet/minecraft/network/message/MessageType$Parameters;Lnet/minecraft/text/Text;Ljava/time/Instant;Lorg/spongepowered/asm/mixin/injection/callback/CallbackInfoReturnable;)V does use it's CallbackInfoReturnable
[15:32:10] [Render thread/DEBUG] (FabricLoader/Mixin) fabric-message-api-v1.client.mixins.json:MessageHandlerMixin from mod fabric-message-api-v1->@Inject::fabric_allowGameMessage(Lnet/minecraft/text/Text;ZLorg/spongepowered/asm/mixin/injection/callback/CallbackInfo;)V does use it's CallbackInfo
[15:32:10] [Render thread/DEBUG] (FabricLoader/Mixin) architectury.mixins.json:client.MixinChatListener from mod architectury->@Inject::handlePlayerChatMessage(Lnet/minecraft/network/message/SignedMessage;Lcom/mojang/authlib/GameProfile;Lnet/minecraft/network/message/MessageType$Parameters;Lorg/spongepowered/asm/mixin/injection/callback/CallbackInfo;)V doesn't use it's CallbackInfo
[15:32:10] [Render thread/DEBUG] (FabricLoader/Mixin) architectury.mixins.json:client.MixinChatListener from mod architectury->@Inject::handlePlayerChatMessage(Lnet/minecraft/network/message/SignedMessage;Lcom/mojang/authlib/GameProfile;Lnet/minecraft/network/message/MessageType$Parameters;Lorg/spongepowered/asm/mixin/injection/callback/CallbackInfo;)V has 0 override(s) in child classes
[15:32:10] [Render thread/DEBUG] (FabricLoader/Mixin) architectury.mixins.json:client.MixinChatListener from mod architectury->@Inject::handlePlayerChatMessage(Lnet/minecraft/network/message/SignedMessage;Lcom/mojang/authlib/GameProfile;Lnet/minecraft/network/message/MessageType$Parameters;Lorg/spongepowered/asm/mixin/injection/callback/CallbackInfo;)V won't be passed a CallbackInfo as a result
[15:32:10] [Render thread/DEBUG] (FabricLoader/Mixin) architectury.mixins.json:client.MixinChatListener from mod architectury->@Inject::handleChatPre(Lnet/minecraft/network/message/SignedMessage;Lcom/mojang/authlib/GameProfile;Lnet/minecraft/network/message/MessageType$Parameters;Lorg/spongepowered/asm/mixin/injection/callback/CallbackInfo;ZLnet/minecraft/network/message/SignedMessage;Lnet/minecraft/text/Text;)V does use it's CallbackInfo
[15:32:10] [Render thread/DEBUG] (FabricLoader/Mixin) architectury.mixins.json:client.MixinChatListener from mod architectury->@Inject::handleSystemMessage(Lnet/minecraft/text/Text;ZLorg/spongepowered/asm/mixin/injection/callback/CallbackInfo;)V does use it's CallbackInfo
[15:32:10] [Render thread/INFO] (net.minecraft.resource.ReloadableResourceManagerImpl) Reloading ResourceManager: vanilla, fabric, fabric-api, fabric-api-base, fabric-api-lookup-api-v1, fabric-biome-api-v1, fabric-block-api-v1, fabric-block-view-api-v2, fabric-client-gametest-api-v1, fabric-command-api-v2, fabric-content-registries-v0, fabric-convention-tags-v1, fabric-convention-tags-v2, fabric-crash-report-info-v1, fabric-data-attachment-api-v1, fabric-data-generation-api-v1, fabric-dimensions-v1, fabric-entity-events-v1, fabric-events-interaction-v0, fabric-game-rule-api-v1, fabric-gametest-api-v1, fabric-item-api-v1, fabric-item-group-api-v1, fabric-key-binding-api-v1, fabric-lifecycle-events-v1, fabric-loot-api-v2, fabric-loot-api-v3, fabric-message-api-v1, fabric-model-loading-api-v1, fabric-networking-api-v1, fabric-object-builder-api-v1, fabric-particles-v1, fabric-recipe-api-v1, fabric-registry-sync-v0, fabric-renderer-api-v1, fabric-renderer-indigo, fabric-rendering-fluids-v1, fabric-rendering-v1, fabric-resource-conditions-api-v1, fabric-resource-loader-v0, fabric-resource-loader-v1, fabric-screen-api-v1, fabric-screen-handler-api-v1, fabric-serialization-api-v1, fabric-sound-api-v1, fabric-tag-api-v1, fabric-transfer-api-v1, fabric-transitive-access-wideners-v1, fabricloader, generated_73cffe0, reload_server_list
[15:32:10] [Render thread/DEBUG] (FabricLoader/Mixin) Mixing SimpleResourceReloadMixin from fabric-resource-loader-v1.mixins.json into net.minecraft.resource.SimpleResourceReload
[15:32:10] [Render thread/DEBUG] (FabricLoader/Mixin) Mixing client.sprite.SpriteLoaderStitchResultMixin from fabric-renderer-api-v1.mixins.json into net.minecraft.client.texture.SpriteLoader$StitchResult
[15:32:10] [Download-2/INFO] (net.minecraft.client.realms.RealmsClient) Could not authorize you against Realms server: java.lang.RuntimeException: Failed to parse into SignedJWT: FabricMC
[15:32:10] [Download-2/ERROR] (net.minecraft.client.realms.RealmsClient) Failed to fetch Realms feature flags
net.minecraft.client.realms.exception.RealmsServiceException: Realms authentication error with message 'java.lang.RuntimeException: Failed to parse into SignedJWT: FabricMC'
	at knot/net.minecraft.client.realms.RealmsClient.execute(RealmsClient.java:519) ~[minecraft-merged-0649bd5f2c-1.21.9-loom.mappings.1_21_9.layered+hash.1356837008-v2.jar:?]
	at knot/net.minecraft.client.realms.RealmsClient.fetchFeatureFlags(RealmsClient.java:164) ~[minecraft-merged-0649bd5f2c-1.21.9-loom.mappings.1_21_9.layered+hash.1356837008-v2.jar:?]
	at java.base/java.util.concurrent.CompletableFuture$AsyncSupply.run$$$capture(CompletableFuture.java:1768) ~[?:?]
	at java.base/java.util.concurrent.CompletableFuture$AsyncSupply.run(CompletableFuture.java) ~[?:?]
	at java.base/java.util.concurrent.ThreadPoolExecutor.runWorker(ThreadPoolExecutor.java:1144) ~[?:?]
	at java.base/java.util.concurrent.ThreadPoolExecutor$Worker.run(ThreadPoolExecutor.java:642) ~[?:?]
	at java.base/java.lang.Thread.run(Thread.java:1583) [?:?]
[15:32:10] [Render thread/DEBUG] (FabricLoader/Mixin) Mixing modification.DynamicRegistryManagerImmutableImplMixin from fabric-biome-api-v1.mixins.json into net.minecraft.registry.DynamicRegistryManager$ImmutableImpl
[15:32:10] [Worker-Main-9/INFO] (net.minecraft.client.font.UnihexFont) Found unifont_pua-16.0.03.hex, loading
[15:32:10] [Worker-Main-11/INFO] (net.minecraft.client.font.UnihexFont) Found unifont_all_no_pua-16.0.03.hex, loading
[15:32:10] [Render thread/DEBUG] (FabricLoader/Mixin) Mixing DrawAccessor from fabric-rendering-v1.mixins.json into net.minecraft.client.gui.render.GuiRenderer$Draw
[15:32:10] [Render thread/DEBUG] (com.mojang.blaze3d.systems.RenderSystem) Growing IndexBuffer: Old limit 0, new limit 60.
[15:32:10] [Worker-Main-3/DEBUG] (FabricLoader/Mixin) Mixing EntityModelsMixin from fabric-rendering-v1.mixins.json into net.minecraft.client.render.entity.model.EntityModels
[15:32:10] [Worker-Main-3/DEBUG] (FabricLoader/Mixin) fabric-rendering-v1.mixins.json:EntityModelsMixin from mod fabric-rendering-v1->@Inject::registerExtraModelData(Lorg/spongepowered/asm/mixin/injection/callback/CallbackInfoReturnable;)V doesn't use it's CallbackInfoReturnable
[15:32:10] [Render thread/DEBUG] (FabricLoader/Mixin) Mixing client.block.render.BatchingRenderCommandQueueMixin from fabric-renderer-api-v1.mixins.json into net.minecraft.client.render.command.BatchingRenderCommandQueue
[15:32:10] [Render thread/DEBUG] (FabricLoader/Mixin) fabric-renderer-api-v1.mixins.json:client.block.render.BatchingRenderCommandQueueMixin from mod fabric-renderer-api-v1->@Inject::onReturnClear(Lorg/spongepowered/asm/mixin/injection/callback/CallbackInfo;)V doesn't use it's CallbackInfo
[15:32:10] [Render thread/DEBUG] (FabricLoader/Mixin) fabric-renderer-api-v1.mixins.json:client.block.render.BatchingRenderCommandQueueMixin from mod fabric-renderer-api-v1->@Inject::onReturnClear(Lorg/spongepowered/asm/mixin/injection/callback/CallbackInfo;)V has 0 override(s) in child classes
[15:32:10] [Render thread/DEBUG] (FabricLoader/Mixin) fabric-renderer-api-v1.mixins.json:client.block.render.BatchingRenderCommandQueueMixin from mod fabric-renderer-api-v1->@Inject::onReturnClear(Lorg/spongepowered/asm/mixin/injection/callback/CallbackInfo;)V won't be passed a CallbackInfo as a result
[15:32:10] [Worker-Main-3/DEBUG] (FabricLoader/Mixin) Mixing RenderStateMixin from fabric-rendering-v1.mixins.json into net.minecraft.client.render.entity.state.EntityRenderState
[15:32:10] [Worker-Main-7/INFO] (net.minecraft.client.font.UnihexFont) Found unifont_jp_patch-16.0.03.hex, loading
[15:32:10] [Worker-Main-3/DEBUG] (FabricLoader/Mixin) Mixing EntityModelLayersAccessor from fabric-rendering-v1.mixins.json into net.minecraft.client.render.entity.model.EntityModelLayers
[15:32:10] [Worker-Main-3/DEBUG] (FabricLoader/Mixin) Renaming @Accessor method getLayers()Ljava/util/Set; to getLayers$fabric-rendering-v1_$md$26369a$0 in fabric-rendering-v1.mixins.json:EntityModelLayersAccessor from mod fabric-rendering-v1
[15:32:10] [Worker-Main-3/DEBUG] (FabricLoader/Mixin) Mixing EntityModelLayersMixin from fabric-object-builder-v1.client.mixins.json into net.minecraft.client.render.entity.model.EntityModelLayers
[15:32:10] [Worker-Main-3/DEBUG] (FabricLoader/Mixin) Renaming synthetic method lambda$createHangingSign$0(Lnet/minecraft/client/render/block/entity/HangingSignBlockEntityRenderer$AttachmentType;Ljava/lang/String;)Ljava/lang/String; to md26369a$fabric-object-builder-api-v1$lambda$createHangingSign$0$1 in fabric-object-builder-v1.client.mixins.json:EntityModelLayersMixin from mod fabric-object-builder-api-v1
[15:32:10] [Worker-Main-3/DEBUG] (FabricLoader/Mixin) fabric-object-builder-v1.client.mixins.json:EntityModelLayersMixin from mod fabric-object-builder-api-v1->@Inject::createStandingSign(Lnet/minecraft/block/WoodType;Lorg/spongepowered/asm/mixin/injection/callback/CallbackInfoReturnable;)V does use it's CallbackInfoReturnable
[15:32:10] [Worker-Main-3/DEBUG] (FabricLoader/Mixin) fabric-object-builder-v1.client.mixins.json:EntityModelLayersMixin from mod fabric-object-builder-api-v1->@Inject::createWallSign(Lnet/minecraft/block/WoodType;Lorg/spongepowered/asm/mixin/injection/callback/CallbackInfoReturnable;)V does use it's CallbackInfoReturnable
[15:32:10] [Worker-Main-3/DEBUG] (FabricLoader/Mixin) fabric-object-builder-v1.client.mixins.json:EntityModelLayersMixin from mod fabric-object-builder-api-v1->@Inject::createHangingSign(Lnet/minecraft/block/WoodType;Lnet/minecraft/client/render/block/entity/HangingSignBlockEntityRenderer$AttachmentType;Lorg/spongepowered/asm/mixin/injection/callback/CallbackInfoReturnable;)V does use it's CallbackInfoReturnable
[15:32:10] [Worker-Main-4/DEBUG] (FabricLoader/Mixin) Mixing JsonUnbakedModelAccessor from fabric-model-loading-api-v1.mixins.json into net.minecraft.client.render.model.json.JsonUnbakedModel
[15:32:10] [Worker-Main-4/DEBUG] (FabricLoader/Mixin) Mixing JsonUnbakedModelMixin from fabric-model-loading-api-v1.mixins.json into net.minecraft.client.render.model.json.JsonUnbakedModel
[15:32:11] [Worker-Main-7/DEBUG] (FabricLoader/Mixin) Mixing client.block.model.MultipartBlockStateModelMixin from fabric-renderer-api-v1.mixins.json into net.minecraft.client.render.model.MultipartBlockStateModel
[15:32:11] [Worker-Main-7/DEBUG] (FabricLoader/Mixin) Mixing client.block.model.WeightedBlockStateModelMixin from fabric-renderer-api-v1.mixins.json into net.minecraft.client.render.model.WeightedBlockStateModel
[15:32:11] [Worker-Main-7/DEBUG] (FabricLoader/Mixin) Mixing client.sprite.BakedModelManager1Mixin from fabric-renderer-api-v1.mixins.json into net.minecraft.client.render.model.BakedModelManager$1
[15:32:11] [Worker-Main-7/DEBUG] (FabricLoader/Mixin) Mixing client.block.model.GeometryBakedModelMixin from fabric-renderer-api-v1.mixins.json into net.minecraft.client.render.model.GeometryBakedModel
[15:32:11] [Worker-Main-7/DEBUG] (FabricLoader/Mixin) Renaming synthetic method lambda$emitQuads$0(Lnet/fabricmc/fabric/api/renderer/v1/mesh/MutableQuadView;)Z to md26369a$fabric-renderer-api-v1$lambda$emitQuads$0$0 in fabric-renderer-api-v1.mixins.json:client.block.model.GeometryBakedModelMixin from mod fabric-renderer-api-v1
[15:32:11] [Worker-Main-3/DEBUG] (FabricLoader/Mixin) Mixing client.block.model.MultipartBlockStateModelMultipartBakedModelAccessor from fabric-renderer-api-v1.mixins.json into net.minecraft.client.render.model.MultipartBlockStateModel$MultipartBakedModel
[15:32:11] [Worker-Main-7/DEBUG] (FabricLoader/Mixin) Mixing ModelBakerBakedModelsMixin from fabric-model-loading-api-v1.mixins.json into net.minecraft.client.render.model.ModelBaker$BakedModels
[15:32:11] [Render thread/INFO] (net.minecraft.client.sound.SoundEngine) OpenAL initialized on device HyperX Cloud Stinger Core Wireless DTS Analog Stereo
[15:32:11] [Render thread/INFO] (net.minecraft.client.sound.SoundSystem) Sound engine started
[15:32:11] [Render thread/INFO] (net.minecraft.client.texture.SpriteAtlasTexture) Created: 512x256x0 minecraft:textures/atlas/particles.png-atlas
[15:32:11] [Render thread/INFO] (net.minecraft.client.texture.SpriteAtlasTexture) Created: 128x64x0 minecraft:textures/atlas/decorated_pot.png-atlas
[15:32:11] [Render thread/INFO] (net.minecraft.client.texture.SpriteAtlasTexture) Created: 2048x1024x0 minecraft:textures/atlas/armor_trims.png-atlas
[15:32:11] [Render thread/INFO] (net.minecraft.client.texture.SpriteAtlasTexture) Created: 512x256x0 minecraft:textures/atlas/paintings.png-atlas
[15:32:11] [Render thread/INFO] (net.minecraft.client.texture.SpriteAtlasTexture) Created: 512x512x0 minecraft:textures/atlas/shield_patterns.png-atlas
[15:32:11] [Render thread/INFO] (net.minecraft.client.texture.SpriteAtlasTexture) Created: 1024x512x4 minecraft:textures/atlas/blocks.png-atlas
[15:32:11] [Render thread/INFO] (net.minecraft.client.texture.SpriteAtlasTexture) Created: 512x256x0 minecraft:textures/atlas/chest.png-atlas
[15:32:11] [Render thread/INFO] (net.minecraft.client.texture.SpriteAtlasTexture) Created: 512x512x0 minecraft:textures/atlas/banner_patterns.png-atlas
[15:32:11] [Render thread/INFO] (net.minecraft.client.texture.SpriteAtlasTexture) Created: 512x256x0 minecraft:textures/atlas/beds.png-atlas
[15:32:11] [Render thread/INFO] (net.minecraft.client.texture.SpriteAtlasTexture) Created: 1024x512x0 minecraft:textures/atlas/gui.png-atlas
[15:32:11] [Render thread/INFO] (net.minecraft.client.texture.SpriteAtlasTexture) Created: 64x64x0 minecraft:textures/atlas/map_decorations.png-atlas
[15:32:11] [Render thread/INFO] (net.minecraft.client.texture.SpriteAtlasTexture) Created: 256x256x0 minecraft:textures/atlas/signs.png-atlas
[15:32:11] [Render thread/INFO] (net.minecraft.client.texture.SpriteAtlasTexture) Created: 512x256x0 minecraft:textures/atlas/shulker_boxes.png-atlas
[15:32:11] [Render thread/DEBUG] (FabricLoader/Mixin) Mixing EntityRendererFactoriesMixin from fabric-rendering-v1.mixins.json into net.minecraft.client.render.entity.EntityRendererFactories
[15:32:11] [Render thread/DEBUG] (FabricLoader/Mixin) Renaming synthetic method lambda$onRegisterRenderers$0(Lnet/minecraft/entity/EntityType;Lnet/minecraft/client/render/entity/EntityRendererFactory;)V to md26369a$fabric-rendering-v1$lambda$onRegisterRenderers$0$0 in fabric-rendering-v1.mixins.json:EntityRendererFactoriesMixin from mod fabric-rendering-v1
[15:32:11] [Render thread/DEBUG] (FabricLoader/Mixin) fabric-rendering-v1.mixins.json:EntityRendererFactoriesMixin from mod fabric-rendering-v1->@Inject::onRegisterRenderers(Lorg/spongepowered/asm/mixin/injection/callback/CallbackInfo;)V doesn't use it's CallbackInfo
[15:32:11] [Render thread/DEBUG] (FabricLoader/Mixin) Mixing BipedEntityRendererMixin from fabric-rendering-v1.mixins.json into net.minecraft.client.render.entity.BipedEntityRenderer
[15:32:11] [Render thread/DEBUG] (FabricLoader/Mixin) Mixing ArmorFeatureRendererMixin from fabric-rendering-v1.mixins.json into net.minecraft.client.render.entity.feature.ArmorFeatureRenderer
[15:32:11] [Render thread/DEBUG] (FabricLoader/Mixin) fabric-rendering-v1.mixins.json:ArmorFeatureRendererMixin from mod fabric-rendering-v1->@Inject::render(Lnet/minecraft/client/util/math/MatrixStack;Lnet/minecraft/client/render/command/OrderedRenderCommandQueue;ILnet/minecraft/client/render/entity/state/BipedEntityRenderState;FFLorg/spongepowered/asm/mixin/injection/callback/CallbackInfo;)V doesn't use it's CallbackInfo
[15:32:11] [Render thread/DEBUG] (FabricLoader/Mixin) fabric-rendering-v1.mixins.json:ArmorFeatureRendererMixin from mod fabric-rendering-v1->@Inject::render(Lnet/minecraft/client/util/math/MatrixStack;Lnet/minecraft/client/render/command/OrderedRenderCommandQueue;ILnet/minecraft/client/render/entity/state/BipedEntityRenderState;FFLorg/spongepowered/asm/mixin/injection/callback/CallbackInfo;)V has 0 override(s) in child classes
[15:32:11] [Render thread/DEBUG] (FabricLoader/Mixin) fabric-rendering-v1.mixins.json:ArmorFeatureRendererMixin from mod fabric-rendering-v1->@Inject::render(Lnet/minecraft/client/util/math/MatrixStack;Lnet/minecraft/client/render/command/OrderedRenderCommandQueue;ILnet/minecraft/client/render/entity/state/BipedEntityRenderState;FFLorg/spongepowered/asm/mixin/injection/callback/CallbackInfo;)V won't be passed a CallbackInfo as a result
[15:32:11] [Render thread/DEBUG] (FabricLoader/Mixin) fabric-rendering-v1.mixins.json:ArmorFeatureRendererMixin from mod fabric-rendering-v1->@Inject::renderArmor(Lnet/minecraft/client/util/math/MatrixStack;Lnet/minecraft/client/render/command/OrderedRenderCommandQueue;Lnet/minecraft/item/ItemStack;Lnet/minecraft/entity/EquipmentSlot;ILnet/minecraft/client/render/entity/state/BipedEntityRenderState;Lorg/spongepowered/asm/mixin/injection/callback/CallbackInfo;)V does use it's CallbackInfo
[15:32:11] [Render thread/DEBUG] (FabricLoader/Mixin) Mixing client.block.render.ItemFrameEntityRendererMixin from fabric-renderer-api-v1.mixins.json into net.minecraft.client.render.entity.ItemFrameEntityRenderer
[15:32:11] [Render thread/DEBUG] (FabricLoader/Mixin) Renaming synthetic method lambda$renderProxy$0(Lnet/minecraft/client/render/RenderLayer;Lnet/minecraft/client/render/BlockRenderLayer;)Lnet/minecraft/client/render/RenderLayer; to md26369a$fabric-renderer-api-v1$lambda$renderProxy$0$0 in fabric-renderer-api-v1.mixins.json:client.block.render.ItemFrameEntityRendererMixin from mod fabric-renderer-api-v1
[15:32:11] [Render thread/DEBUG] (FabricLoader/Mixin) Mixing client.block.render.MooshroomMushroomFeatureRendererMixin from fabric-renderer-api-v1.mixins.json into net.minecraft.client.render.entity.feature.MooshroomMushroomFeatureRenderer
[15:32:11] [Render thread/DEBUG] (FabricLoader/Mixin) Renaming synthetic method lambda$renderProxy$0(Lnet/minecraft/client/render/RenderLayer;Lnet/minecraft/client/render/BlockRenderLayer;)Lnet/minecraft/client/render/RenderLayer; to md26369a$fabric-renderer-api-v1$lambda$renderProxy$0$0 in fabric-renderer-api-v1.mixins.json:client.block.render.MooshroomMushroomFeatureRendererMixin from mod fabric-renderer-api-v1
[15:32:11] [Render thread/DEBUG] (FabricLoader/Mixin) Mixing client.block.render.SnowGolemPumpkinFeatureRendererMixin from fabric-renderer-api-v1.mixins.json into net.minecraft.client.render.entity.feature.SnowGolemPumpkinFeatureRenderer
[15:32:11] [Render thread/DEBUG] (FabricLoader/Mixin) Renaming synthetic method lambda$renderProxy$0(Lnet/minecraft/client/render/RenderLayer;Lnet/minecraft/client/render/BlockRenderLayer;)Lnet/minecraft/client/render/RenderLayer; to md26369a$fabric-renderer-api-v1$lambda$renderProxy$0$0 in fabric-renderer-api-v1.mixins.json:client.block.render.SnowGolemPumpkinFeatureRendererMixin from mod fabric-renderer-api-v1
[15:32:11] [Render thread/DEBUG] (FabricLoader/Mixin) Mixing CapeFeatureRendererMixin from fabric-rendering-v1.mixins.json into net.minecraft.client.render.entity.feature.CapeFeatureRenderer
[15:32:11] [Render thread/DEBUG] (FabricLoader/Mixin) Mixing BlockEntityRendererFactoriesMixin from fabric-rendering-v1.mixins.json into net.minecraft.client.render.block.entity.BlockEntityRendererFactories
[15:32:11] [Render thread/DEBUG] (FabricLoader/Mixin) Renaming synthetic method lambda$init$0(Lnet/minecraft/block/entity/BlockEntityType;Lnet/minecraft/client/render/block/entity/BlockEntityRendererFactory;)V to md26369a$fabric-rendering-v1$lambda$init$0$0 in fabric-rendering-v1.mixins.json:BlockEntityRendererFactoriesMixin from mod fabric-rendering-v1
[15:32:11] [Render thread/DEBUG] (FabricLoader/Mixin) fabric-rendering-v1.mixins.json:BlockEntityRendererFactoriesMixin from mod fabric-rendering-v1->@Inject::init(Lorg/spongepowered/asm/mixin/injection/callback/CallbackInfo;)V doesn't use it's CallbackInfo
[15:32:11] [IO-Worker-1/INFO] (net.minecraft.client.realms.RealmsClient) Could not authorize you against Realms server: java.lang.RuntimeException: Failed to parse into SignedJWT: FabricMC
[15:32:11] [IO-Worker-1/ERROR] (net.minecraft.client.realms.RealmsAvailability) Couldn't connect to realms
net.minecraft.client.realms.exception.RealmsServiceException: Realms authentication error with message 'java.lang.RuntimeException: Failed to parse into SignedJWT: FabricMC'
	at knot/net.minecraft.client.realms.RealmsClient.execute(RealmsClient.java:519) ~[minecraft-merged-0649bd5f2c-1.21.9-loom.mappings.1_21_9.layered+hash.1356837008-v2.jar:?]
	at knot/net.minecraft.client.realms.RealmsClient.clientCompatible(RealmsClient.java:293) ~[minecraft-merged-0649bd5f2c-1.21.9-loom.mappings.1_21_9.layered+hash.1356837008-v2.jar:?]
	at knot/net.minecraft.client.realms.RealmsAvailability.method_52627(RealmsAvailability.java:50) ~[minecraft-merged-0649bd5f2c-1.21.9-loom.mappings.1_21_9.layered+hash.1356837008-v2.jar:?]
	at java.base/java.util.concurrent.CompletableFuture$AsyncSupply.run$$$capture(CompletableFuture.java:1768) ~[?:?]
	at java.base/java.util.concurrent.CompletableFuture$AsyncSupply.run(CompletableFuture.java) ~[?:?]
	at java.base/java.util.concurrent.ThreadPoolExecutor.runWorker(ThreadPoolExecutor.java:1144) ~[?:?]
	at java.base/java.util.concurrent.ThreadPoolExecutor$Worker.run(ThreadPoolExecutor.java:642) ~[?:?]
	at java.base/java.lang.Thread.run(Thread.java:1583) [?:?]
[15:32:12] [Render thread/DEBUG] (com.mojang.blaze3d.systems.RenderSystem) Growing IndexBuffer: Old limit 60, new limit 180.
[15:32:13] [Render thread/DEBUG] (com.mojang.blaze3d.systems.RenderSystem) Growing IndexBuffer: Old limit 180, new limit 2208.
[15:32:18] [Server Pinger #0/DEBUG] (FabricLoader/Mixin) Mixing ingredient.EncoderHandlerMixin from fabric-recipe-api-v1.mixins.json into net.minecraft.network.handler.EncoderHandler
[15:32:18] [Server Pinger #0/DEBUG] (FabricLoader/Mixin) fabric-recipe-api-v1.mixins.json:ingredient.EncoderHandlerMixin from mod fabric-recipe-api-v1->@Inject::capturePacketEncoder(Lio/netty/channel/ChannelHandlerContext;Lnet/minecraft/network/packet/Packet;Lio/netty/buffer/ByteBuf;Lorg/spongepowered/asm/mixin/injection/callback/CallbackInfo;)V doesn't use it's CallbackInfo
[15:32:18] [Server Pinger #0/DEBUG] (FabricLoader/Mixin) fabric-recipe-api-v1.mixins.json:ingredient.EncoderHandlerMixin from mod fabric-recipe-api-v1->@Inject::capturePacketEncoder(Lio/netty/channel/ChannelHandlerContext;Lnet/minecraft/network/packet/Packet;Lio/netty/buffer/ByteBuf;Lorg/spongepowered/asm/mixin/injection/callback/CallbackInfo;)V has 0 override(s) in child classes
[15:32:18] [Server Pinger #0/DEBUG] (FabricLoader/Mixin) fabric-recipe-api-v1.mixins.json:ingredient.EncoderHandlerMixin from mod fabric-recipe-api-v1->@Inject::capturePacketEncoder(Lio/netty/channel/ChannelHandlerContext;Lnet/minecraft/network/packet/Packet;Lio/netty/buffer/ByteBuf;Lorg/spongepowered/asm/mixin/injection/callback/CallbackInfo;)V won't be passed a CallbackInfo as a result
[15:32:18] [Server Pinger #0/DEBUG] (FabricLoader/Mixin) fabric-recipe-api-v1.mixins.json:ingredient.EncoderHandlerMixin from mod fabric-recipe-api-v1->@Inject::releasePacketEncoder(Lio/netty/channel/ChannelHandlerContext;Lnet/minecraft/network/packet/Packet;Lio/netty/buffer/ByteBuf;Lorg/spongepowered/asm/mixin/injection/callback/CallbackInfo;)V doesn't use it's CallbackInfo
[15:32:18] [Server Pinger #0/DEBUG] (FabricLoader/Mixin) fabric-recipe-api-v1.mixins.json:ingredient.EncoderHandlerMixin from mod fabric-recipe-api-v1->@Inject::releasePacketEncoder(Lio/netty/channel/ChannelHandlerContext;Lnet/minecraft/network/packet/Packet;Lio/netty/buffer/ByteBuf;Lorg/spongepowered/asm/mixin/injection/callback/CallbackInfo;)V has 0 override(s) in child classes
[15:32:18] [Server Pinger #0/DEBUG] (FabricLoader/Mixin) fabric-recipe-api-v1.mixins.json:ingredient.EncoderHandlerMixin from mod fabric-recipe-api-v1->@Inject::releasePacketEncoder(Lio/netty/channel/ChannelHandlerContext;Lnet/minecraft/network/packet/Packet;Lio/netty/buffer/ByteBuf;Lorg/spongepowered/asm/mixin/injection/callback/CallbackInfo;)V won't be passed a CallbackInfo as a result
[15:32:18] [Server Pinger #0/DEBUG] (FabricLoader/Mixin) fabric-recipe-api-v1.mixins.json:ingredient.EncoderHandlerMixin from mod fabric-recipe-api-v1->@Inject::releasePacketEncoder(Lio/netty/channel/ChannelHandlerContext;Lnet/minecraft/network/packet/Packet;Lio/netty/buffer/ByteBuf;Lorg/spongepowered/asm/mixin/injection/callback/CallbackInfo;)V doesn't use it's CallbackInfo
[15:32:18] [Server Pinger #0/DEBUG] (FabricLoader/Mixin) fabric-recipe-api-v1.mixins.json:ingredient.EncoderHandlerMixin from mod fabric-recipe-api-v1->@Inject::releasePacketEncoder(Lio/netty/channel/ChannelHandlerContext;Lnet/minecraft/network/packet/Packet;Lio/netty/buffer/ByteBuf;Lorg/spongepowered/asm/mixin/injection/callback/CallbackInfo;)V has 0 override(s) in child classes
[15:32:18] [Server Pinger #0/DEBUG] (FabricLoader/Mixin) fabric-recipe-api-v1.mixins.json:ingredient.EncoderHandlerMixin from mod fabric-recipe-api-v1->@Inject::releasePacketEncoder(Lio/netty/channel/ChannelHandlerContext;Lnet/minecraft/network/packet/Packet;Lio/netty/buffer/ByteBuf;Lorg/spongepowered/asm/mixin/injection/callback/CallbackInfo;)V won't be passed a CallbackInfo as a result
[15:32:18] [Server Pinger #0/DEBUG] (FabricLoader/Mixin) Mixing PacketCodecDispatcherMixin from fabric-networking-api-v1.mixins.json into net.minecraft.network.handler.PacketCodecDispatcher
[15:32:18] [Server Pinger #0/DEBUG] (FabricLoader/Mixin) fabric-networking-api-v1.mixins.json:PacketCodecDispatcherMixin from mod fabric-networking-api-v1->@Inject::encode(Lio/netty/buffer/ByteBuf;Ljava/lang/Object;Lorg/spongepowered/asm/mixin/injection/callback/CallbackInfo;)V doesn't use it's CallbackInfo
[15:32:18] [Server Pinger #0/DEBUG] (FabricLoader/Mixin) fabric-networking-api-v1.mixins.json:PacketCodecDispatcherMixin from mod fabric-networking-api-v1->@Inject::encode(Lio/netty/buffer/ByteBuf;Ljava/lang/Object;Lorg/spongepowered/asm/mixin/injection/callback/CallbackInfo;)V has 0 override(s) in child classes
[15:32:18] [Server Pinger #0/DEBUG] (FabricLoader/Mixin) fabric-networking-api-v1.mixins.json:PacketCodecDispatcherMixin from mod fabric-networking-api-v1->@Inject::encode(Lio/netty/buffer/ByteBuf;Ljava/lang/Object;Lorg/spongepowered/asm/mixin/injection/callback/CallbackInfo;)V won't be passed a CallbackInfo as a result
[15:32:18] [Server Pinger #0/DEBUG] (io.netty.util.internal.InternalThreadLocalMap) -Dio.netty.threadLocalMap.stringBuilder.initialSize: 1024
[15:32:18] [Server Pinger #0/DEBUG] (io.netty.util.internal.InternalThreadLocalMap) -Dio.netty.threadLocalMap.stringBuilder.maxSize: 4096
[15:32:18] [Server Pinger #0/DEBUG] (io.netty.util.internal.PlatformDependent0) -Dio.netty.noUnsafe: false
[15:32:18] [Server Pinger #0/DEBUG] (io.netty.util.internal.PlatformDependent0) Java version: 21
[15:32:18] [Server Pinger #0/DEBUG] (io.netty.util.internal.PlatformDependent0) sun.misc.Unsafe.theUnsafe: available
[15:32:18] [Server Pinger #0/DEBUG] (io.netty.util.internal.PlatformDependent0) sun.misc.Unsafe base methods: all available
[15:32:18] [Server Pinger #0/DEBUG] (io.netty.util.internal.PlatformDependent0) sun.misc.Unsafe.storeFence: available
[15:32:18] [Server Pinger #0/DEBUG] (io.netty.util.internal.PlatformDependent0) java.nio.Buffer.address: available
[15:32:18] [Server Pinger #0/DEBUG] (io.netty.util.internal.PlatformDependent0) direct buffer constructor: unavailable: Reflective setAccessible(true) disabled
[15:32:18] [Server Pinger #0/DEBUG] (io.netty.util.internal.PlatformDependent0) java.nio.Bits.unaligned: available, true
[15:32:18] [Server Pinger #0/DEBUG] (io.netty.util.internal.PlatformDependent0) jdk.internal.misc.Unsafe.allocateUninitializedArray(int): unavailable: class io.netty.util.internal.PlatformDependent0$7 cannot access class jdk.internal.misc.Unsafe (in module java.base) because module java.base does not export jdk.internal.misc to unnamed module @181c07b3
[15:32:18] [Server Pinger #0/DEBUG] (io.netty.util.internal.PlatformDependent0) java.nio.DirectByteBuffer.<init>(long, {int,long}): unavailable
[15:32:18] [Server Pinger #0/DEBUG] (io.netty.util.internal.PlatformDependent) sun.misc.Unsafe: available
[15:32:18] [Server Pinger #0/DEBUG] (io.netty.util.internal.PlatformDependent) -Dio.netty.tmpdir: /tmp (java.io.tmpdir)
[15:32:18] [Server Pinger #0/DEBUG] (io.netty.util.internal.PlatformDependent) -Dio.netty.bitMode: 64 (sun.arch.data.model)
[15:32:18] [Server Pinger #0/DEBUG] (io.netty.util.internal.PlatformDependent) -Dio.netty.maxDirectMemory: -1 bytes
[15:32:18] [Server Pinger #0/DEBUG] (io.netty.util.internal.PlatformDependent) -Dio.netty.uninitializedArrayAllocationThreshold: -1
[15:32:18] [Server Pinger #0/DEBUG] (io.netty.util.internal.CleanerJava9) java.nio.ByteBuffer.cleaner(): available
[15:32:18] [Server Pinger #0/DEBUG] (io.netty.util.internal.PlatformDependent) -Dio.netty.noPreferDirect: false
[15:32:18] [Server Pinger #0/DEBUG] (io.netty.util.internal.NativeLibraryLoader) -Dio.netty.native.workdir: /tmp (io.netty.tmpdir)
[15:32:18] [Server Pinger #0/DEBUG] (io.netty.util.internal.NativeLibraryLoader) -Dio.netty.native.deleteLibAfterLoading: true
[15:32:18] [Server Pinger #0/DEBUG] (io.netty.util.internal.NativeLibraryLoader) -Dio.netty.native.tryPatchShadedId: true
[15:32:18] [Server Pinger #0/DEBUG] (io.netty.util.internal.NativeLibraryLoader) -Dio.netty.native.detectNativeLibraryDuplicates: true
[15:32:18] [Server Pinger #0/DEBUG] (io.netty.util.internal.NativeLibraryLoader) Successfully loaded the library /tmp/libnetty_transport_native_epoll_x86_6418358643474029074492.so
[15:32:18] [Server Pinger #0/DEBUG] (io.netty.util.NetUtil) -Djava.net.preferIPv4Stack: false
[15:32:18] [Server Pinger #0/DEBUG] (io.netty.util.NetUtil) -Djava.net.preferIPv6Addresses: false
[15:32:18] [Server Pinger #0/DEBUG] (io.netty.util.NetUtilInitializations) Loopback interface: lo (lo, 0:0:0:0:0:0:0:1%lo)
[15:32:18] [Server Pinger #0/DEBUG] (io.netty.util.NetUtil) /proc/sys/net/core/somaxconn: 4096
[15:32:18] [Server Pinger #0/DEBUG] (io.netty.channel.MultithreadEventLoopGroup) -Dio.netty.eventLoopThreads: 24
[15:32:18] [Server Pinger #0/DEBUG] (io.netty.util.concurrent.GlobalEventExecutor) -Dio.netty.globalEventExecutor.quietPeriodSeconds: 1
[15:32:18] [Server Pinger #0/DEBUG] (io.netty.channel.nio.NioEventLoop) -Dio.netty.noKeySetOptimization: false
[15:32:18] [Server Pinger #0/DEBUG] (io.netty.channel.nio.NioEventLoop) -Dio.netty.selectorAutoRebuildThreshold: 512
[15:32:18] [Server Pinger #0/DEBUG] (io.netty.util.internal.PlatformDependent) org.jctools-core.MpscChunkedArrayQueue: available
[15:32:18] [Server Pinger #0/DEBUG] (io.netty.channel.DefaultChannelId) -Dio.netty.processId: 139665 (auto-detected)
[15:32:18] [Server Pinger #0/DEBUG] (io.netty.channel.DefaultChannelId) -Dio.netty.machineId: 1c:ce:51:ff:fe:34:b0:13 (auto-detected)
[15:32:18] [Server Pinger #0/DEBUG] (io.netty.buffer.PooledByteBufAllocator) -Dio.netty.allocator.numHeapArenas: 24
[15:32:18] [Server Pinger #0/DEBUG] (io.netty.buffer.PooledByteBufAllocator) -Dio.netty.allocator.numDirectArenas: 24
[15:32:18] [Server Pinger #0/DEBUG] (io.netty.buffer.PooledByteBufAllocator) -Dio.netty.allocator.pageSize: 8192
[15:32:18] [Server Pinger #0/DEBUG] (io.netty.buffer.PooledByteBufAllocator) -Dio.netty.allocator.maxOrder: 9
[15:32:18] [Server Pinger #0/DEBUG] (io.netty.buffer.PooledByteBufAllocator) -Dio.netty.allocator.chunkSize: 4194304
[15:32:18] [Server Pinger #0/DEBUG] (io.netty.buffer.PooledByteBufAllocator) -Dio.netty.allocator.smallCacheSize: 256
[15:32:18] [Server Pinger #0/DEBUG] (io.netty.buffer.PooledByteBufAllocator) -Dio.netty.allocator.normalCacheSize: 64
[15:32:18] [Server Pinger #0/DEBUG] (io.netty.buffer.PooledByteBufAllocator) -Dio.netty.allocator.maxCachedBufferCapacity: 32768
[15:32:18] [Server Pinger #0/DEBUG] (io.netty.buffer.PooledByteBufAllocator) -Dio.netty.allocator.cacheTrimInterval: 8192
[15:32:18] [Server Pinger #0/DEBUG] (io.netty.buffer.PooledByteBufAllocator) -Dio.netty.allocator.cacheTrimIntervalMillis: 0
[15:32:18] [Server Pinger #0/DEBUG] (io.netty.buffer.PooledByteBufAllocator) -Dio.netty.allocator.useCacheForAllThreads: false
[15:32:18] [Server Pinger #0/DEBUG] (io.netty.buffer.PooledByteBufAllocator) -Dio.netty.allocator.maxCachedByteBuffersPerChunk: 1023
[15:32:18] [Server Pinger #0/DEBUG] (io.netty.buffer.PooledByteBufAllocator) -Dio.netty.allocator.disableCacheFinalizersForFastThreadLocalThreads: false
[15:32:18] [Server Pinger #0/DEBUG] (io.netty.buffer.ByteBufUtil) -Dio.netty.allocator.type: pooled
[15:32:18] [Server Pinger #0/DEBUG] (io.netty.buffer.ByteBufUtil) -Dio.netty.threadLocalDirectBufferSize: 0
[15:32:18] [Server Pinger #0/DEBUG] (io.netty.buffer.ByteBufUtil) -Dio.netty.maxThreadLocalCharBufferSize: 16384
[15:32:18] [Server Pinger #0/DEBUG] (io.netty.bootstrap.ChannelInitializerExtensions) -Dio.netty.bootstrap.extensions: null
[15:32:18] [Netty Client IO #0/DEBUG] (io.netty.buffer.AbstractByteBuf) -Dio.netty.buffer.checkAccessible: true
[15:32:18] [Netty Client IO #0/DEBUG] (io.netty.buffer.AbstractByteBuf) -Dio.netty.buffer.checkBounds: true
[15:32:18] [Netty Client IO #0/DEBUG] (io.netty.util.ResourceLeakDetectorFactory) Loaded default ResourceLeakDetector: io.netty.util.ResourceLeakDetector@3ff58f0a
[15:32:18] [Server Pinger #0/DEBUG] (io.netty.util.Recycler) -Dio.netty.recycler.maxCapacityPerThread: 4096
[15:32:18] [Server Pinger #0/DEBUG] (io.netty.util.Recycler) -Dio.netty.recycler.ratio: 8
[15:32:18] [Server Pinger #0/DEBUG] (io.netty.util.Recycler) -Dio.netty.recycler.chunkSize: 32
[15:32:18] [Server Pinger #0/DEBUG] (io.netty.util.Recycler) -Dio.netty.recycler.blocking: false
[15:32:18] [Server Pinger #0/DEBUG] (io.netty.util.Recycler) -Dio.netty.recycler.batchFastThreadLocalOnly: true
[15:32:18] [Netty Client IO #0/DEBUG] (FabricLoader/Mixin) Mixing VarIntsAccessor from fabric-data-attachment-api-v1.mixins.json into net.minecraft.network.encoding.VarInts
[15:32:18] [Netty Client IO #0/DEBUG] (FabricLoader/Mixin) Renaming @Accessor method getMaxByteSize()I to getMaxByteSize$fabric-data-attachment-api-v1_$md$26369a$0 in fabric-data-attachment-api-v1.mixins.json:VarIntsAccessor from mod fabric-data-attachment-api-v1
[15:32:27] [Render thread/DEBUG] (com.mojang.blaze3d.systems.RenderSystem) Growing IndexBuffer: Old limit 2208, new limit 4608.
[15:32:28] [Render thread/DEBUG] (FabricLoader/Mixin) Mixing TooltipComponentMixin from fabric-rendering-v1.mixins.json into net.minecraft.client.gui.tooltip.TooltipComponent
[15:32:28] [Render thread/DEBUG] (FabricLoader/Mixin) fabric-rendering-v1.mixins.json:TooltipComponentMixin from mod fabric-rendering-v1->@Inject::convertCustomTooltipData(Lnet/minecraft/item/tooltip/TooltipData;Lorg/spongepowered/asm/mixin/injection/callback/CallbackInfoReturnable;)V does use it's CallbackInfoReturnable
[15:32:29] [Render thread/DEBUG] (com.mojang.blaze3d.systems.RenderSystem) Growing IndexBuffer: Old limit 4608, new limit 9312.
[15:33:02] [Render thread/INFO] (net.minecraft.client.MinecraftClient) Stopping!
